"subject_id","subject_term","relation","object_id","object_term","basis","origin"
"bv:0006","白","narrower","bv:0007","白（クリーム）","source:https://jma-medaka.com/wp-content/uploads/2022/08/250901_【公式】品種分類マニュアル_第５版.pdf | inferred:JMA 표기 X（Y）는 X의 형질보충·세분형","color.tsv:7; build:paren"
"bv:0007","白（クリーム）","same_as","bv:0008","シルキー","source:https://jma-medaka.com/wp-content/uploads/2022/08/250901_【公式】品種分類マニュアル_第５版.pdf","color.tsv:8; color.tsv:9"
"bv:0009","青","narrower","bv:0010","パールブルー","source:https://jma-medaka.com/wp-content/uploads/2022/08/250901_【公式】品種分類マニュアル_第５版.pdf","color.tsv:10"
"bv:0009","青","narrower","bv:0011","パープルブルー","source:https://jma-medaka.com/wp-content/uploads/2022/08/250901_【公式】品種分類マニュアル_第５版.pdf","color.tsv:10"
"bv:0009","青","narrower","bv:0012","青（緑）","source:https://jma-medaka.com/wp-content/uploads/2022/08/250901_【公式】品種分類マニュアル_第５版.pdf | inferred:JMA 표기 X（Y）는 X의 형질보충·세분형","color.tsv:10; build:paren"
"bv:0009","青","narrower","bv:0013","青（ヒレ黄）","source:https://jma-medaka.com/wp-content/uploads/2022/08/250901_【公式】品種分類マニュアル_第５版.pdf | inferred:JMA 표기 X（Y）는 X의 형질보충·세분형","color.tsv:10; build:paren"
"bv:0013","青（ヒレ黄）","same_as","","シルバー (미등록)","source:https://jma-medaka.com/wp-content/uploads/2022/08/250901_【公式】品種分類マニュアル_第５版.pdf","color.tsv:14"
"bv:0014","ブラック","narrower","bv:0015","ブラック（ヒレ黄）","source:https://jma-medaka.com/wp-content/uploads/2022/08/250901_【公式】品種分類マニュアル_第５版.pdf | inferred:JMA 표기 X（Y）는 X의 형질보충·세분형","color.tsv:15; build:paren"
"bv:0015","ブラック（ヒレ黄）","same_as","","ブラック黄金 (미등록)","source:https://jma-medaka.com/wp-content/uploads/2022/08/250901_【公式】品種分類マニュアル_第５版.pdf","color.tsv:16"
"bv:0018","朱赤","same_as","bv:0135","楊貴妃","source:https://jma-medaka.com/wp-content/uploads/2022/08/250901_【公式】品種分類マニュアル_第５版.pdf","color.tsv:19; color.tsv:136"
"bv:0022","紅","same_as","","楊貴妃透明鱗ヒカリ (미등록)","source:https://medakazukan.net/0082_kurenai/","color.tsv:23"
"bv:0023","白朱赤","same_as","bv:0124","紅白","source:https://jma-medaka.com/wp-content/uploads/2022/08/250901_【公式】品種分類マニュアル_第５版.pdf","color.tsv:24; color.tsv:125"
"bv:0026","背地反応","same_as","","背地適応 (미등록)","source:https://jma-medaka.com/wp-content/uploads/2022/08/250901_【公式】品種分類マニュアル_第５版.pdf","color.tsv:27"
"bv:0026","背地反応","same_as","","保護色(機能) (미등록)","source:https://jma-medaka.com/wp-content/uploads/2022/08/250901_【公式】品種分類マニュアル_第５版.pdf","color.tsv:27"
"bv:0038","黒色素胞","narrower","","メラニン (미등록)","source:https://medakazukan.net/822-2/","color.tsv:39"
"bv:0039","黄色素胞","narrower","bv:0042","カロテノイド","source:https://jma-medaka.com/wp-content/uploads/2022/08/250901_【公式】品種分類マニュアル_第５版.pdf","color.tsv:40"
"bv:0043","虹色素胞","narrower","bv:0044","反射小板","source:https://medakazukan.net/822-2/","color.tsv:44"
"bv:0043","虹色素胞","narrower","bv:0045","グアニン","source:https://jma-medaka.com/wp-content/uploads/2022/08/250901_【公式】品種分類マニュアル_第５版.pdf","color.tsv:44"
"bv:0046","透明鱗","narrower","bv:0048","透明鱗（片ホホ）","source:https://jma-medaka.com/wp-content/uploads/2022/08/250901_【公式】品種分類マニュアル_第５版.pdf | inferred:JMA 표기 X（Y）는 X의 형질보충·세분형","color.tsv:47; build:paren"
"bv:0046","透明鱗","narrower","bv:0049","透明鱗（ホホ無し）","source:https://jma-medaka.com/wp-content/uploads/2022/08/250901_【公式】品種分類マニュアル_第５版.pdf | inferred:JMA 표기 X（Y）는 X의 형질보충·세분형","color.tsv:47; build:paren"
"bv:0046","透明鱗","same_as","bv:0056","スケルトン","source:https://hinsyu-zukan.satumano-medakayasan.com/%E7%94%A8%E8%AA%9E%E9%9B%86/ | source:https://t-aquagarden.com/column/medaka_variety","color.tsv:47; color.tsv:57"
"bv:0051","半透明鱗","same_as","bv:0052","オーロラ","source:https://jma-medaka.com/wp-content/uploads/2022/08/250901_【公式】品種分類マニュアル_第５版.pdf","color.tsv:52; color.tsv:53; morph.tsv:87; morph.tsv:88"
"bv:0052","オーロラ","narrower","bv:0053","オーロラ系統","source:https://jma-medaka.com/wp-content/uploads/2022/08/250901_【公式】品種分類マニュアル_第５版.pdf","color.tsv:53"
"bv:0055","強透明鱗","narrower","bv:0060","パンダ","source:https://jma-medaka.com/wp-content/uploads/2022/08/250901_【公式】品種分類マニュアル_第５版.pdf","color.tsv:56; build:manual"
"bv:0055","強透明鱗","narrower","bv:0057","シースルー","source:https://jma-medaka.com/wp-content/uploads/2022/08/250901_【公式】品種分類マニュアル_第５版.pdf","color.tsv:56; build:manual"
"bv:0059","チェンジカラー（ブドウ目）","same_as","bv:0248","ブドウ目","source:https://jma-medaka.com/wp-content/uploads/2022/08/250901_【公式】品種分類マニュアル_第５版.pdf","color.tsv:60"
"bv:0062","ラメ","narrower","bv:0063","ラメ（白）","source:https://jma-medaka.com/wp-content/uploads/2022/08/250901_【公式】品種分類マニュアル_第５版.pdf | inferred:JMA 표기 X（Y）는 X의 형질보충·세분형","color.tsv:63; build:paren"
"bv:0062","ラメ","narrower","bv:0064","ラメ（多色）","source:https://jma-medaka.com/wp-content/uploads/2022/08/250901_【公式】品種分類マニュアル_第５版.pdf | inferred:JMA 표기 X（Y）는 X의 형질보충·세분형","color.tsv:63; build:paren"
"bv:0062","ラメ","narrower","bv:0065","ラメ（青）","source:https://jma-medaka.com/wp-content/uploads/2022/08/250901_【公式】品種分類マニュアル_第５版.pdf | inferred:JMA 표기 X（Y）는 X의 형질보충·세분형","color.tsv:63; build:paren"
"bv:0065","ラメ（青）","same_as","bv:0067","青ラメ","source:https://www.aqualassic.com/medakaschool_21/","color.tsv:66; color.tsv:68"
"bv:0066","色ラメ","narrower","bv:0067","青ラメ","source:https://www.aqualassic.com/medakaschool_21/","color.tsv:67"
"bv:0066","色ラメ","narrower","bv:0068","緑ラメ","source:https://www.aqualassic.com/medakaschool_21/","color.tsv:67"
"bv:0066","色ラメ","narrower","bv:0069","ピンクラメ","source:https://www.aqualassic.com/medakaschool_21/","color.tsv:67"
"bv:0064","ラメ（多色）","same_as","bv:0071","虹ラメ","inferred:수집 lane 추론(color.tsv:72)","color.tsv:72"
"bv:0073","ラメ幹之","same_as","","ラメ体外光(旧品種名) (미등록)","source:https://jma-medaka.com/wp-content/uploads/2022/08/250901_【公式】品種分類マニュアル_第５版.pdf","color.tsv:74"
"bv:0073","ラメ幹之","narrower","bv:0146","白ラメ幹之","source:https://jma-medaka.com/wp-content/uploads/2022/08/250901_【公式】品種分類マニュアル_第５版.pdf","color.tsv:74"
"bv:0073","ラメ幹之","narrower","bv:0148","黒ラメ幹之","source:https://jma-medaka.com/wp-content/uploads/2022/08/250901_【公式】品種分類マニュアル_第５版.pdf","color.tsv:74"
"bv:0074","体外光","same_as","bv:0075","幹之","source:https://jma-medaka.com/wp-content/uploads/2022/08/250901_【公式】品種分類マニュアル_第５版.pdf","color.tsv:75; color.tsv:76"
"bv:0075","幹之","same_as","","青体外光メダカ (미등록)","source:https://jma-medaka.com/wp-content/uploads/2022/08/2020nixtukune-mu.pdf","color.tsv:76"
"bv:0074","体外光","same_as","bv:0076","幹之的光","source:https://medakanoyakata.shop-pro.jp/?mode=f28","color.tsv:77"
"bv:0075","幹之","same_as","bv:0077","背中光強","inferred:수집 lane 추론(color.tsv:78)","color.tsv:78"
"bv:0084","横光","same_as","bv:0085","胴光","inferred:수집 lane 추론(color.tsv:85) | inferred:수집 lane 추론(color.tsv:86)","color.tsv:85; color.tsv:86"
"bv:0089","体内光","narrower","bv:0096","スーパー体内光","source:https://jma-medaka.com/wp-content/uploads/2022/08/250901_【公式】品種分類マニュアル_第５版.pdf","color.tsv:90"
"bv:0096","スーパー体内光","broader","bv:0089","体内光","inferred:수집 lane 추론(color.tsv:97)","color.tsv:97"
"bv:0100","ヒレ光","narrower","bv:0101","一周光","source:https://jma-medaka.com/wp-content/uploads/2022/08/250901_【公式】品種分類マニュアル_第５版.pdf","color.tsv:101"
"bv:0101","一周光","broader","bv:0100","ヒレ光","inferred:수집 lane 추론(color.tsv:102)","color.tsv:102"
"bv:0110","強光（幹之グレード）","same_as","bv:0111","スーパー光","source:https://medakanoyakata.shop-pro.jp/?mode=f28 | source:https://medakasuisan.com/medaka/post-2892/ | source:https://www.aqualassic.com/medaka_miyuki/","color.tsv:111; strain.tsv:336; build:manual"
"bv:0113","極光","same_as","bv:0114","フルボディ","source:https://medakanoyakata.shop-pro.jp/?mode=f28 | source:https://nikkan-medaka.com/blog/taigaikoh/","color.tsv:114; color.tsv:115"
"bv:0113","極光","same_as","bv:0115","鉄仮面","source:https://medakanoyakata.shop-pro.jp/?mode=f28","color.tsv:114"
"bv:0114","フルボディ","same_as","bv:0115","鉄仮面","source:https://nikkan-medaka.com/blog/taigaikoh/ | source:https://medakasuisan.com/medaka/post-2892/ | inferred:수집 lane 추론(morph.tsv:101)","color.tsv:115; color.tsv:116; morph.tsv:101; strain.tsv:330; strain.tsv:331"
"bv:0118","斑","same_as","bv:0119","錦","source:https://jma-medaka.com/wp-content/uploads/2022/08/250901_【公式】品種分類マニュアル_第５版.pdf","color.tsv:119; color.tsv:120"
"bv:0118","斑","same_as","bv:0120","墨","source:https://jma-medaka.com/wp-content/uploads/2022/08/250901_【公式】品種分類マニュアル_第５版.pdf","color.tsv:119; color.tsv:121"
"bv:0118","斑","narrower","bv:0122","斑（背地反応なし）","source:https://jma-medaka.com/wp-content/uploads/2022/08/250901_【公式】品種分類マニュアル_第５版.pdf | inferred:JMA 표기 X（Y）는 X의 형질보충·세분형","color.tsv:119; build:paren"
"bv:0121","黒斑","broader","bv:0118","斑","inferred:수집 lane 추론(color.tsv:122)","color.tsv:122"
"bv:0124","紅白","same_as","bv:0125","更紗","source:https://jma-medaka.com/wp-content/uploads/2022/08/250901_【公式】品種分類マニュアル_第５版.pdf","color.tsv:125; color.tsv:126"
"bv:0124","紅白","same_as","bv:0126","丹頂","source:https://jma-medaka.com/wp-content/uploads/2022/08/2020nixtukune-mu.pdf","color.tsv:127"
"bv:0126","丹頂","broader","bv:0124","紅白","inferred:수집 lane 추론(color.tsv:127)","color.tsv:127"
"bv:0128","三色","narrower","bv:0129","透明鱗三色","source:https://jma-medaka.com/wp-content/uploads/2022/08/250901_【公式】品種分類マニュアル_第５版.pdf","color.tsv:129"
"bv:0128","三色","narrower","bv:0130","非透明鱗三色","source:https://jma-medaka.com/wp-content/uploads/2022/08/250901_【公式】品種分類マニュアル_第５版.pdf","color.tsv:129"
"bv:0128","三色","same_as","","三色錦 (미등록)","source:https://jma-medaka.com/wp-content/uploads/2022/08/2020nixtukune-mu.pdf","color.tsv:129"
"bv:0129","透明鱗三色","same_as","","朱赤透明鱗斑(品種名) (미등록)","source:https://jma-medaka.com/wp-content/uploads/2022/08/250901_【公式】品種分類マニュアル_第５版.pdf","color.tsv:130"
"bv:0130","非透明鱗三色","narrower","bv:0171","雲州三色","source:https://blog.mpj-aqualife.com/archives/14867","color.tsv:131"
"bv:0130","非透明鱗三色","narrower","bv:0172","あけぼの","source:https://blog.mpj-aqualife.com/archives/14867","color.tsv:131"
"bv:0132","白斑","same_as","","白ブチ (미등록)","source:https://jma-medaka.com/wp-content/uploads/2022/08/2020nixtukune-mu.pdf","color.tsv:133"
"bv:0014","ブラック","same_as","bv:0137","オロチ","source:https://jma-medaka.com/wp-content/uploads/2022/08/2020nixtukune-mu.pdf","color.tsv:138"
"bv:0139","ピュアブラック","same_as","","ブラックスモールアイメダカ (미등록)","source:https://jma-medaka.com/wp-content/uploads/2022/08/2020nixtukune-mu.pdf","color.tsv:140"
"bv:0033","体内黒","same_as","bv:0143","北斗","source:https://jma-medaka.com/wp-content/uploads/2022/08/250901_【公式】品種分類マニュアル_第５版.pdf","color.tsv:144"
"bv:0144","灯","same_as","bv:0145","黄幹之","source:https://jma-medaka.com/wp-content/uploads/2022/08/2020nixtukune-mu.pdf | source:https://jma-medaka.com/wp-content/uploads/2022/08/250901_【公式】品種分類マニュアル_第５版.pdf","color.tsv:145; color.tsv:146"
"bv:0161","銀河","same_as","","シルバーヒカリ (미등록)","source:https://jma-medaka.com/wp-content/uploads/2022/08/2020nixtukune-mu.pdf","color.tsv:162"
"bv:0168","三色ラメ幹之","narrower","bv:0169","三色ラメ体外光","inferred:수집 lane 추론(color.tsv:169)","color.tsv:169"
"bv:0171","雲州三色","broader","bv:0130","非透明鱗三色","inferred:수집 lane 추론(color.tsv:172)","color.tsv:172"
"bv:0172","あけぼの","broader","bv:0130","非透明鱗三色","inferred:수집 lane 추론(color.tsv:173)","color.tsv:173"
"bv:0175","普通種体型","same_as","bv:0176","普通体型","source:https://jma-medaka.com/wp-content/uploads/2022/08/250901_【公式】品種分類マニュアル_第５版.pdf | source:https://t-aquagarden.com/column/medaka_variety","morph.tsv:2; morph.tsv:3"
"bv:0175","普通種体型","same_as","bv:0177","ノーマル","inferred:수집 lane 추론(morph.tsv:4)","morph.tsv:4"
"bv:0178","ヒカリ","narrower","bv:0104","強光（ヒカリの形質補足）","source:https://jma-medaka.com/wp-content/uploads/2022/08/250901_【公式】品種分類マニュアル_第５版.pdf","morph.tsv:5"
"bv:0178","ヒカリ","narrower","bv:0105","銀帯","source:https://jma-medaka.com/wp-content/uploads/2022/08/250901_【公式】品種分類マニュアル_第５版.pdf","morph.tsv:5"
"bv:0178","ヒカリ","same_as","bv:0179","Daタイプ","source:https://hinsyu-zukan.satumano-medakayasan.com/%E7%94%A8%E8%AA%9E%E9%9B%86/","morph.tsv:6; build:manual"
"bv:0178","ヒカリ","same_as","bv:0180","ホタルメダカ","source:https://jma-medaka.com/wp-content/uploads/2022/08/250901_【公式】品種分類マニュアル_第５版.pdf","morph.tsv:7"
"bv:0178","ヒカリ","same_as","bv:0181","光りメダカ","source:https://jma-medaka.com/wp-content/uploads/2022/08/250901_【公式】品種分類マニュアル_第５版.pdf","morph.tsv:8"
"bv:0104","強光（ヒカリの形質補足）","same_as","bv:0182","スーパーヒカリ","source:https://jma-medaka.com/wp-content/uploads/2022/08/250901_【公式】品種分類マニュアル_第５版.pdf","morph.tsv:9; morph.tsv:10"
"bv:0183","ダルマ","narrower","bv:0184","半ダルマ","source:https://jma-medaka.com/wp-content/uploads/2022/08/250901_【公式】品種分類マニュアル_第５版.pdf","morph.tsv:12"
"bv:0183","ダルマ","same_as","bv:0186","ショートボディ","source:https://jma-medaka.com/wp-content/uploads/2022/08/250901_【公式】品種分類マニュアル_第５版.pdf","morph.tsv:15"
"bv:0183","ダルマ","same_as","bv:0187","バルーンメダカ","source:https://jma-medaka.com/wp-content/uploads/2022/08/250901_【公式】品種分類マニュアル_第５版.pdf","morph.tsv:16"
"bv:0183","ダルマ","same_as","bv:0188","縮みメダカ","source:https://jma-medaka.com/wp-content/uploads/2022/08/250901_【公式】品種分類マニュアル_第５版.pdf","morph.tsv:17"
"bv:0189","ヒカリダルマ","narrower","bv:0178","ヒカリ","source:https://jma-medaka.com/wp-content/uploads/2022/08/250901_【公式】品種分類マニュアル_第５版.pdf","morph.tsv:18"
"bv:0189","ヒカリダルマ","narrower","bv:0183","ダルマ","source:https://jma-medaka.com/wp-content/uploads/2022/08/250901_【公式】品種分類マニュアル_第５版.pdf","morph.tsv:18"
"bv:0189","ヒカリダルマ","same_as","bv:0190","ホタルダルマ","inferred:수집 lane 추론(morph.tsv:19)","morph.tsv:19"
"bv:0193","ヒレ長","narrower","bv:0194","松井ヒレ長","source:https://jma-medaka.com/wp-content/uploads/2022/08/250901_【公式】品種分類マニュアル_第５版.pdf","morph.tsv:22"
"bv:0194","松井ヒレ長","same_as","bv:0195","天女の舞","source:https://hinsyu-zukan.satumano-medakayasan.com/%E7%94%A8%E8%AA%9E%E9%9B%86/ | source:https://t-aquagarden.com/column/zukan_medaka_matsui_hirenaga","morph.tsv:23; morph.tsv:24; strain.tsv:41; strain.tsv:42"
"bv:0194","松井ヒレ長","narrower","bv:0193","ヒレ長","source:https://jma-medaka.com/wp-content/uploads/2022/08/250901_【公式】品種分類マニュアル_第５版.pdf","morph.tsv:23"
"bv:0195","天女の舞","narrower","bv:0193","ヒレ長","source:https://t-aquagarden.com/column/zukan_medaka_matsui_hirenaga","morph.tsv:24"
"bv:0196","スワロー","same_as","bv:0198","風雅","source:https://www.soramedaka.com/type | source:https://hinsyu-zukan.satumano-medakayasan.com/%E7%94%A8%E8%AA%9E%E9%9B%86/","morph.tsv:25; morph.tsv:27"
"bv:0196","スワロー","same_as","bv:0197","スワローテール","inferred:수집 lane 추론(morph.tsv:26)","morph.tsv:26"
"bv:0197","スワローテール","same_as","bv:0198","風雅","source:https://hiroshan-medaka.com/archives/2018/07/09/2782/","morph.tsv:26"
"bv:0199","ロングフィン","same_as","bv:0200","垂水ロングフィン","source:https://hinsyu-zukan.satumano-medakayasan.com/%E7%94%A8%E8%AA%9E%E9%9B%86/","morph.tsv:29"
"bv:0202","ワイドフィン","same_as","bv:0203","北辻ヒレロング","source:https://jma-medaka.com/wp-content/uploads/2022/08/250901_【公式】品種分類マニュアル_第５版.pdf","morph.tsv:31; morph.tsv:32"
"bv:0204","キッシングワイドフィン","narrower","bv:0202","ワイドフィン","inferred:수집 lane 추론(morph.tsv:33)","morph.tsv:33"
"bv:0205","サムライ","same_as","bv:0206","セルフィン","source:https://jma-medaka.com/wp-content/uploads/2022/08/250901_【公式】品種分類マニュアル_第５版.pdf","morph.tsv:34; morph.tsv:35"
"bv:0207","上下サムライ","narrower","bv:0205","サムライ","source:https://jma-medaka.com/wp-content/uploads/2022/08/250901_【公式】品種分類マニュアル_第５版.pdf","morph.tsv:36"
"bv:0208","Wサムライ","narrower","bv:0205","サムライ","source:https://jma-medaka.com/wp-content/uploads/2022/08/250901_【公式】品種分類マニュアル_第５版.pdf","morph.tsv:37"
"bv:0210","菱尾","same_as","bv:0211","新体型","source:https://jma-medaka.com/wp-content/uploads/2022/08/250901_【公式】品種分類マニュアル_第５版.pdf","morph.tsv:39; morph.tsv:40"
"bv:0212","マルコ","same_as","bv:0213","背ビレ無し","source:https://jma-medaka.com/wp-content/uploads/2022/08/250901_【公式】品種分類マニュアル_第５版.pdf","morph.tsv:41; morph.tsv:42"
"bv:0214","赤色らんちゅうメダカ","narrower","bv:0212","マルコ","inferred:수집 lane 추론(morph.tsv:43)","morph.tsv:43"
"bv:0158","流星","narrower","bv:0212","マルコ","source:https://jma-medaka.com/wp-content/uploads/2022/08/250901_【公式】品種分類マニュアル_第５版.pdf","morph.tsv:44"
"bv:0158","流星","narrower","bv:0074","体外光","inferred:수집 lane 추론(morph.tsv:44)","morph.tsv:44"
"bv:0219","半月","narrower","bv:0178","ヒカリ","inferred:수집 lane 추론(morph.tsv:49)","morph.tsv:49"
"bv:0219","半月","narrower","bv:0194","松井ヒレ長","inferred:수집 lane 추론(morph.tsv:49)","morph.tsv:49"
"bv:0220","フレアー","narrower","bv:0178","ヒカリ","inferred:수집 lane 추론(morph.tsv:50)","morph.tsv:50"
"bv:0220","フレアー","narrower","bv:0196","スワロー","inferred:수집 lane 추론(morph.tsv:50)","morph.tsv:50"
"bv:0221","バタフライ","narrower","bv:0194","松井ヒレ長","inferred:수집 lane 추론(morph.tsv:51)","morph.tsv:51"
"bv:0221","バタフライ","narrower","bv:0196","スワロー","inferred:수집 lane 추론(morph.tsv:51)","morph.tsv:51"
"bv:0224","鰭条","narrower","bv:0225","軟条","source:https://jma-medaka.com/wp-content/uploads/2022/08/250901_【公式】品種分類マニュアル_第５版.pdf","morph.tsv:54"
"bv:0224","鰭条","narrower","bv:0226","棘条","source:https://www.aqualassic.com/medakaschool_22/","morph.tsv:54"
"bv:0233","尾筒","same_as","","尾柄部 (미등록)","inferred:수집 lane 추론(morph.tsv:63)","morph.tsv:63"
"bv:0238","Hitomi","narrower","bv:0236","ビッグアイ","source:https://jma-medaka.com/wp-content/uploads/2022/08/250901_【公式】品種分類マニュアル_第５版.pdf","morph.tsv:68"
"bv:0238","Hitomi","narrower","bv:0237","水泡眼","source:https://jma-medaka.com/wp-content/uploads/2022/08/250901_【公式】品種分類マニュアル_第５版.pdf","morph.tsv:68"
"bv:0239","スモールアイ","same_as","bv:0240","点目","source:https://www.aqualassic.com/medakaschool_20/ | source:https://ameblo.jp/medakaan-west-shop/entry-11948732359.html","morph.tsv:69; morph.tsv:70; build:manual"
"bv:0241","片目スモールアイ","narrower","bv:0239","スモールアイ","source:https://jma-medaka.com/wp-content/uploads/2022/08/250901_【公式】品種分類マニュアル_第５版.pdf","morph.tsv:71"
"bv:0244","ポニョ","narrower","bv:0234","出目","inferred:수집 lane 추론(morph.tsv:74)","morph.tsv:74"
"bv:0245","白かえる","narrower","bv:0234","出目","inferred:수집 lane 추론(morph.tsv:75)","morph.tsv:75"
"bv:0246","出目パンダ","narrower","bv:0234","出目","source:https://t-aquagarden.com/column/zukan_medaka_deme","morph.tsv:76"
"bv:0246","出目パンダ","narrower","bv:0060","パンダ","source:https://t-aquagarden.com/column/zukan_medaka_deme","morph.tsv:76"
"bv:0055","強透明鱗","same_as","bv:0060","パンダ","source:https://jma-medaka.com/wp-content/uploads/2022/08/250901_【公式】品種分類マニュアル_第５版.pdf","morph.tsv:77; morph.tsv:89"
"bv:0247","ルビーアイ","same_as","bv:0248","ブドウ目","source:https://jma-medaka.com/wp-content/uploads/2022/08/250901_【公式】品種分類マニュアル_第５版.pdf","morph.tsv:79; morph.tsv:80"
"bv:0250","アースアイ","narrower","bv:0251","ブルーアイ","source:https://jma-medaka.com/wp-content/uploads/2022/08/250901_【公式】品種分類マニュアル_第５版.pdf","morph.tsv:82"
"bv:0250","アースアイ","same_as","bv:0251","ブルーアイ","source:https://jma-medaka.com/wp-content/uploads/2022/08/250901_【公式】品種分類マニュアル_第５版.pdf","morph.tsv:83"
"bv:0046","透明鱗","narrower","bv:0253","片ホホ","source:https://jma-medaka.com/wp-content/uploads/2022/08/250901_【公式】品種分類マニュアル_第５版.pdf","morph.tsv:85"
"bv:0046","透明鱗","narrower","bv:0254","ホホ無し","source:https://jma-medaka.com/wp-content/uploads/2022/08/250901_【公式】品種分類マニュアル_第５版.pdf","morph.tsv:85"
"bv:0253","片ホホ","narrower","bv:0046","透明鱗","source:https://jma-medaka.com/wp-content/uploads/2022/08/250901_【公式】品種分類マニュアル_第５版.pdf","morph.tsv:90"
"bv:0254","ホホ無し","narrower","bv:0046","透明鱗","source:https://jma-medaka.com/wp-content/uploads/2022/08/250901_【公式】品種分類マニュアル_第５版.pdf","morph.tsv:91"
"bv:0255","カガミ","same_as","bv:0256","カガミ鱗","source:https://jma-medaka.com/wp-content/uploads/2022/08/形質一覧表（第５版）_250901.pdf | source:https://piscesbook.com/archives/11622","morph.tsv:94; morph.tsv:95"
"bv:0256","カガミ鱗","narrower","bv:0257","乱鱗","source:https://piscesbook.com/archives/11622","morph.tsv:95"
"bv:0258","来光カガミ鱗","narrower","bv:0256","カガミ鱗","source:https://note.com/noble_takin450/n/n9e755d7ab052","morph.tsv:97"
"bv:0259","カガミ鱗幹之","narrower","bv:0256","カガミ鱗","source:https://note.com/noble_takin450/n/n9e755d7ab052","morph.tsv:98"
"bv:0267","ハウスネーム","same_as","bv:0580","ニックネーム","source:https://jma-medaka.com/wp-content/uploads/2022/08/250901_【公式】品種分類マニュアル_第５版.pdf","morph.tsv:107; strain.tsv:364; strain.tsv:365"
"bv:0267","ハウスネーム","same_as","bv:0581","ブリーダーネーム","source:https://jma-medaka.com/wp-content/uploads/2022/08/250901_【公式】品種分類マニュアル_第５版.pdf","morph.tsv:107; strain.tsv:365; strain.tsv:366"
"bv:0273","ハネ","same_as","","選別外 (미등록)","source:https://www.practical-aqualabo.com/medaka-yougoshu/","morph.tsv:113"
"bv:0135","楊貴妃","composed_of","bv:0018","朱赤","source:https://jma-medaka.com/wp-content/uploads/2022/08/250901_【公式】品種分類マニュアル_第５版.pdf","strain.tsv:2"
"bv:0075","幹之","composed_of","bv:0009","青","source:https://jma-medaka.com/wp-content/uploads/2022/08/250901_【公式】品種分類マニュアル_第５版.pdf","strain.tsv:3"
"bv:0075","幹之","composed_of","bv:0074","体外光","source:https://jma-medaka.com/wp-content/uploads/2022/08/250901_【公式】品種分類マニュアル_第５版.pdf","strain.tsv:3"
"bv:0278","背中光強ダルマ","composed_of","bv:0074","体外光","source:https://jma-medaka.com/wp-content/uploads/2022/08/250901_【公式】品種分類マニュアル_第５版.pdf","strain.tsv:4"
"bv:0278","背中光強ダルマ","composed_of","bv:0183","ダルマ","source:https://jma-medaka.com/wp-content/uploads/2022/08/250901_【公式】品種分類マニュアル_第５版.pdf","strain.tsv:4"
"bv:0075","幹之","same_as","bv:0278","背中光強ダルマ","source:https://jma-medaka.com/wp-content/uploads/2022/08/250901_【公式】品種分類マニュアル_第５版.pdf","strain.tsv:4"
"bv:0137","オロチ","composed_of","bv:0014","ブラック","source:https://jma-medaka.com/wp-content/uploads/2022/08/250901_【公式】品種分類マニュアル_第５版.pdf","strain.tsv:5"
"bv:0137","オロチ","composed_of","bv:0027","背地反応なし","source:https://jma-medaka.com/wp-content/uploads/2022/08/250901_【公式】品種分類マニュアル_第５版.pdf","strain.tsv:5"
"bv:0153","夜桜","composed_of","bv:0052","オーロラ","source:https://hinsyu-zukan.satumano-medakayasan.com/page/20/","strain.tsv:6"
"bv:0153","夜桜","composed_of","bv:0020","ピンク","source:https://hinsyu-zukan.satumano-medakayasan.com/page/20/","strain.tsv:6"
"bv:0153","夜桜","composed_of","","青黒 (미등록)","source:https://hinsyu-zukan.satumano-medakayasan.com/page/20/","strain.tsv:6"
"bv:0153","夜桜","composed_of","bv:0062","ラメ","source:https://hinsyu-zukan.satumano-medakayasan.com/page/20/","strain.tsv:6"
"bv:0279","夜桜ゴールド","composed_of","bv:0153","夜桜","inferred:수집 lane 추론(strain.tsv:7)","strain.tsv:7"
"bv:0279","夜桜ゴールド","composed_of","bv:0016","黄金","inferred:수집 lane 추론(strain.tsv:7)","strain.tsv:7"
"bv:0280","柿色夜桜","composed_of","bv:0021","柿色","source:https://www.medakalog.shop/202308-nabana/","strain.tsv:8"
"bv:0280","柿色夜桜","composed_of","","夜桜( (미등록)","source:https://www.medakalog.shop/202308-nabana/","strain.tsv:8"
"bv:0280","柿色夜桜","composed_of","","ブルーラメ) (미등록)","source:https://www.medakalog.shop/202308-nabana/","strain.tsv:8"
"bv:0136","紅帝","composed_of","bv:0018","朱赤","source:https://hinsyu-zukan.satumano-medakayasan.com/page/15/","strain.tsv:9"
"bv:0155","煌","composed_of","bv:0154","女雛","source:https://hinsyu-zukan.satumano-medakayasan.com/page/8/","strain.tsv:10"
"bv:0155","煌","composed_of","bv:0074","体外光","source:https://hinsyu-zukan.satumano-medakayasan.com/page/8/","strain.tsv:10"
"bv:0144","灯","composed_of","bv:0003","黄","source:https://jma-medaka.com/wp-content/uploads/2022/08/250901_【公式】品種分類マニュアル_第５版.pdf","strain.tsv:11"
"bv:0144","灯","composed_of","bv:0074","体外光","source:https://jma-medaka.com/wp-content/uploads/2022/08/250901_【公式】品種分類マニュアル_第５版.pdf","strain.tsv:11"
"bv:0281","月虹","composed_of","","青~シルバー (미등록)","source:https://hinsyu-zukan.satumano-medakayasan.com/page/9/","strain.tsv:12"
"bv:0281","月虹","composed_of","bv:0178","ヒカリ","source:https://hinsyu-zukan.satumano-medakayasan.com/page/9/","strain.tsv:12"
"bv:0281","月虹","composed_of","bv:0106","螺鈿光","source:https://hinsyu-zukan.satumano-medakayasan.com/page/9/","strain.tsv:12"
"bv:0282","黄金(こがね)","composed_of","bv:0016","黄金","source:https://www.gex-fp.co.jp/fish/breed_cat/medaka_catalog/","strain.tsv:14"
"bv:0282","黄金(こがね)","composed_of","bv:0062","ラメ","source:https://www.gex-fp.co.jp/fish/breed_cat/medaka_catalog/","strain.tsv:14"
"bv:0150","サファイア","composed_of","bv:0014","ブラック","source:https://hinsyu-zukan.satumano-medakayasan.com/page/21/","strain.tsv:16"
"bv:0150","サファイア","composed_of","bv:0065","ラメ（青）","source:https://hinsyu-zukan.satumano-medakayasan.com/page/21/","strain.tsv:16"
"bv:0283","黒ラメ幹之サファイア系","composed_of","bv:0014","ブラック","source:https://jma-medaka.com/wp-content/uploads/2022/08/250901_【公式】品種分類マニュアル_第５版.pdf","strain.tsv:17"
"bv:0283","黒ラメ幹之サファイア系","composed_of","bv:0065","ラメ（青）","source:https://jma-medaka.com/wp-content/uploads/2022/08/250901_【公式】品種分類マニュアル_第５版.pdf","strain.tsv:17"
"bv:0283","黒ラメ幹之サファイア系","composed_of","bv:0075","幹之","source:https://jma-medaka.com/wp-content/uploads/2022/08/250901_【公式】品種分類マニュアル_第５版.pdf","strain.tsv:17"
"bv:0150","サファイア","same_as","bv:0283","黒ラメ幹之サファイア系","inferred:수집 lane 추론(strain.tsv:17)","strain.tsv:17"
"bv:0284","令和黒ラメ幹之","composed_of","bv:0014","ブラック","source:https://hinsyu-zukan.satumano-medakayasan.com/page/8/","strain.tsv:18"
"bv:0284","令和黒ラメ幹之","composed_of","bv:0062","ラメ","source:https://hinsyu-zukan.satumano-medakayasan.com/page/8/","strain.tsv:18"
"bv:0284","令和黒ラメ幹之","composed_of","bv:0075","幹之","source:https://hinsyu-zukan.satumano-medakayasan.com/page/8/","strain.tsv:18"
"bv:0284","令和黒ラメ幹之","composed_of","bv:0036","ヒレ美","source:https://hinsyu-zukan.satumano-medakayasan.com/page/8/","strain.tsv:18"
"bv:0285","令和黒ラメ幹之サファイア","composed_of","bv:0014","ブラック","source:https://themedakaemporium.co.uk/our-medaka","strain.tsv:19"
"bv:0285","令和黒ラメ幹之サファイア","composed_of","bv:0065","ラメ（青）","source:https://themedakaemporium.co.uk/our-medaka","strain.tsv:19"
"bv:0285","令和黒ラメ幹之サファイア","composed_of","bv:0075","幹之","source:https://themedakaemporium.co.uk/our-medaka","strain.tsv:19"
"bv:0285","令和黒ラメ幹之サファイア","composed_of","bv:0036","ヒレ美","source:https://themedakaemporium.co.uk/our-medaka","strain.tsv:19"
"bv:0286","白ブチラメ幹之サファイア系","composed_of","bv:0006","白","source:https://piscesbook.com/archives/21511","strain.tsv:20"
"bv:0286","白ブチラメ幹之サファイア系","composed_of","bv:0118","斑","source:https://piscesbook.com/archives/21511","strain.tsv:20"
"bv:0286","白ブチラメ幹之サファイア系","composed_of","bv:0065","ラメ（青）","source:https://piscesbook.com/archives/21511","strain.tsv:20"
"bv:0286","白ブチラメ幹之サファイア系","composed_of","bv:0075","幹之","source:https://piscesbook.com/archives/21511","strain.tsv:20"
"bv:0287","白ブチラメ幹之サファイア系DW","composed_of","bv:0286","白ブチラメ幹之サファイア系","source:https://piscesbook.com/archives/category/newinfomation/medaka-zukan","strain.tsv:21"
"bv:0287","白ブチラメ幹之サファイア系DW","composed_of","bv:0568","DW","source:https://piscesbook.com/archives/category/newinfomation/medaka-zukan","strain.tsv:21"
"bv:0288","三色ラメ幹之サファイア系","composed_of","bv:0128","三色","source:https://piscesbook.com/archives/category/newinfomation/medaka-zukan","strain.tsv:22"
"bv:0288","三色ラメ幹之サファイア系","composed_of","bv:0062","ラメ","source:https://piscesbook.com/archives/category/newinfomation/medaka-zukan","strain.tsv:22"
"bv:0288","三色ラメ幹之サファイア系","composed_of","bv:0075","幹之","source:https://piscesbook.com/archives/category/newinfomation/medaka-zukan","strain.tsv:22"
"bv:0288","三色ラメ幹之サファイア系","composed_of","bv:0150","サファイア","source:https://piscesbook.com/archives/category/newinfomation/medaka-zukan","strain.tsv:22"
"bv:0289","三色ラメ幹之サファイア系黒勝ちタイプ","composed_of","bv:0288","三色ラメ幹之サファイア系","source:https://piscesbook.com/archives/category/newinfomation/medaka-zukan","strain.tsv:23"
"bv:0289","三色ラメ幹之サファイア系黒勝ちタイプ","composed_of","bv:0562","黒勝ち","source:https://piscesbook.com/archives/category/newinfomation/medaka-zukan","strain.tsv:23"
"bv:0290","令和サファイアNOVA","composed_of","bv:0285","令和黒ラメ幹之サファイア","source:https://piscesbook.com/archives/category/newinfomation/medaka-zukan","strain.tsv:24"
"bv:0290","令和サファイアNOVA","composed_of","bv:0422","ネプチューン","source:https://piscesbook.com/archives/category/newinfomation/medaka-zukan","strain.tsv:24"
"bv:0291","3S-NP","composed_of","bv:0288","三色ラメ幹之サファイア系","source:https://piscesbook.com/archives/category/newinfomation/medaka-zukan","strain.tsv:25"
"bv:0291","3S-NP","composed_of","bv:0422","ネプチューン","source:https://piscesbook.com/archives/category/newinfomation/medaka-zukan","strain.tsv:25"
"bv:0149","黒幹之","composed_of","bv:0014","ブラック","source:https://t-aquagarden.com/column/miyuki_medaka","strain.tsv:26"
"bv:0149","黒幹之","composed_of","bv:0074","体外光","source:https://t-aquagarden.com/column/miyuki_medaka","strain.tsv:26"
"bv:0292","白幹之","composed_of","bv:0006","白","source:https://t-aquagarden.com/column/miyuki_medaka","strain.tsv:27"
"bv:0292","白幹之","composed_of","bv:0074","体外光","source:https://t-aquagarden.com/column/miyuki_medaka","strain.tsv:27"
"bv:0293","青幹之","composed_of","bv:0009","青","source:https://hinsyu-zukan.satumano-medakayasan.com/page/5/","strain.tsv:28"
"bv:0293","青幹之","composed_of","bv:0074","体外光","source:https://hinsyu-zukan.satumano-medakayasan.com/page/5/","strain.tsv:28"
"bv:0073","ラメ幹之","composed_of","bv:0062","ラメ","source:https://jma-medaka.com/wp-content/uploads/2022/08/250901_【公式】品種分類マニュアル_第５版.pdf","strain.tsv:29"
"bv:0073","ラメ幹之","composed_of","bv:0074","体外光","source:https://jma-medaka.com/wp-content/uploads/2022/08/250901_【公式】品種分類マニュアル_第５版.pdf","strain.tsv:29"
"bv:0146","白ラメ幹之","composed_of","bv:0006","白","source:https://jma-medaka.com/wp-content/uploads/2022/08/250901_【公式】品種分類マニュアル_第５版.pdf","strain.tsv:30"
"bv:0146","白ラメ幹之","composed_of","bv:0062","ラメ","source:https://jma-medaka.com/wp-content/uploads/2022/08/250901_【公式】品種分類マニュアル_第５版.pdf","strain.tsv:30"
"bv:0146","白ラメ幹之","composed_of","bv:0074","体外光","source:https://jma-medaka.com/wp-content/uploads/2022/08/250901_【公式】品種分類マニュアル_第５版.pdf","strain.tsv:30"
"bv:0148","黒ラメ幹之","composed_of","bv:0014","ブラック","source:https://br-choku.com/en/column/medaka-variety-guide","strain.tsv:31"
"bv:0148","黒ラメ幹之","composed_of","bv:0074","体外光","source:https://br-choku.com/en/column/medaka-variety-guide","strain.tsv:31"
"bv:0148","黒ラメ幹之","composed_of","bv:0062","ラメ","source:https://br-choku.com/en/column/medaka-variety-guide","strain.tsv:31"
"bv:0168","三色ラメ幹之","composed_of","bv:0006","白","source:https://jma-medaka.com/wp-content/uploads/2022/08/250901_【公式】品種分類マニュアル_第５版.pdf","strain.tsv:32"
"bv:0168","三色ラメ幹之","composed_of","bv:0018","朱赤","source:https://jma-medaka.com/wp-content/uploads/2022/08/250901_【公式】品種分類マニュアル_第５版.pdf","strain.tsv:32"
"bv:0168","三色ラメ幹之","composed_of","bv:0062","ラメ","source:https://jma-medaka.com/wp-content/uploads/2022/08/250901_【公式】品種分類マニュアル_第５版.pdf","strain.tsv:32"
"bv:0168","三色ラメ幹之","composed_of","bv:0118","斑","source:https://jma-medaka.com/wp-content/uploads/2022/08/250901_【公式】品種分類マニュアル_第５版.pdf","strain.tsv:32"
"bv:0168","三色ラメ幹之","same_as","","白朱赤ラメ斑 (미등록)","source:https://jma-medaka.com/wp-content/uploads/2022/08/250901_【公式】品種分類マニュアル_第５版.pdf","strain.tsv:32"
"bv:0294","四色幹之","composed_of","bv:0009","青","source:https://jma-medaka.com/wp-content/uploads/2022/08/250901_【公式】品種分類マニュアル_第５版.pdf","strain.tsv:33"
"bv:0294","四色幹之","composed_of","bv:0082","体外光（二色）","source:https://jma-medaka.com/wp-content/uploads/2022/08/250901_【公式】品種分類マニュアル_第５版.pdf","strain.tsv:33"
"bv:0294","四色幹之","composed_of","bv:0089","体内光","source:https://jma-medaka.com/wp-content/uploads/2022/08/250901_【公式】品種分類マニュアル_第５版.pdf","strain.tsv:33"
"bv:0139","ピュアブラック","composed_of","bv:0014","ブラック","source:https://jma-medaka.com/wp-content/uploads/2022/08/250901_【公式】品種分類マニュアル_第５版.pdf","strain.tsv:34"
"bv:0139","ピュアブラック","composed_of","bv:0239","スモールアイ","source:https://jma-medaka.com/wp-content/uploads/2022/08/250901_【公式】品種分類マニュアル_第５版.pdf","strain.tsv:34"
"bv:0138","小川ブラック","composed_of","bv:0014","ブラック","source:https://jma-medaka.com/wp-content/uploads/2022/08/250901_【公式】品種分類マニュアル_第５版.pdf","strain.tsv:35"
"bv:0295","オレンジスーパーヒカリ","composed_of","bv:0019","オレンジ","source:https://jma-medaka.com/wp-content/uploads/2022/08/250901_【公式】品種分類マニュアル_第５版.pdf","strain.tsv:36"
"bv:0295","オレンジスーパーヒカリ","composed_of","bv:0178","ヒカリ","source:https://jma-medaka.com/wp-content/uploads/2022/08/250901_【公式】品種分類マニュアル_第５版.pdf","strain.tsv:36"
"bv:0295","オレンジスーパーヒカリ","same_as","bv:0296","舞姫","source:https://jma-medaka.com/wp-content/uploads/2022/08/250901_【公式】品種分類マニュアル_第５版.pdf","strain.tsv:36; strain.tsv:37"
"bv:0296","舞姫","composed_of","bv:0019","オレンジ","source:https://jma-medaka.com/wp-content/uploads/2022/08/250901_【公式】品種分類マニュアル_第５版.pdf","strain.tsv:37"
"bv:0296","舞姫","composed_of","bv:0178","ヒカリ","source:https://jma-medaka.com/wp-content/uploads/2022/08/250901_【公式】品種分類マニュアル_第５版.pdf","strain.tsv:37"
"bv:0297","アルビノクイーン","composed_of","bv:0247","ルビーアイ","source:https://jma-medaka.com/wp-content/uploads/2022/08/250901_【公式】品種分類マニュアル_第５版.pdf","strain.tsv:38"
"bv:0238","Hitomi","composed_of","bv:0236","ビッグアイ","source:https://jma-medaka.com/wp-content/uploads/2022/08/250901_【公式】品種分類マニュアル_第５版.pdf","strain.tsv:39"
"bv:0238","Hitomi","composed_of","bv:0237","水泡眼","source:https://jma-medaka.com/wp-content/uploads/2022/08/250901_【公式】品種分類マニュアル_第５版.pdf","strain.tsv:39"
"bv:0214","赤色らんちゅうメダカ","composed_of","bv:0212","マルコ","source:https://jma-medaka.com/wp-content/uploads/2022/08/250901_【公式】品種分類マニュアル_第５版.pdf","strain.tsv:40"
"bv:0194","松井ヒレ長","composed_of","bv:0193","ヒレ長","source:https://jma-medaka.com/wp-content/uploads/2022/08/250901_【公式】品種分類マニュアル_第５版.pdf","strain.tsv:41"
"bv:0195","天女の舞","composed_of","bv:0193","ヒレ長","source:https://hinsyu-zukan.satumano-medakayasan.com/%E7%94%A8%E8%AA%9E%E9%9B%86/","strain.tsv:42"
"bv:0203","北辻ヒレロング","composed_of","bv:0202","ワイドフィン","source:https://jma-medaka.com/wp-content/uploads/2022/08/250901_【公式】品種分類マニュアル_第５版.pdf","strain.tsv:43"
"bv:0298","マリアージュロングフィン","composed_of","bv:0075","幹之","source:https://hinsyu-zukan.satumano-medakayasan.com/page/19/","strain.tsv:44"
"bv:0298","マリアージュロングフィン","composed_of","bv:0199","ロングフィン","source:https://hinsyu-zukan.satumano-medakayasan.com/page/19/","strain.tsv:44"
"bv:0299","エメキン","composed_of","bv:0199","ロングフィン","source:https://hinsyu-zukan.satumano-medakayasan.com/page/18/","strain.tsv:45"
"bv:0299","エメキン","composed_of","","キッシング (미등록)","source:https://hinsyu-zukan.satumano-medakayasan.com/page/18/","strain.tsv:45"
"bv:0299","エメキン","composed_of","bv:0300","エメラルドフィン","source:https://hinsyu-zukan.satumano-medakayasan.com/page/18/","strain.tsv:45"
"bv:0300","エメラルドフィン","composed_of","bv:0100","ヒレ光","source:https://hinsyu-zukan.satumano-medakayasan.com/page/5/","strain.tsv:46"
"bv:0158","流星","composed_of","bv:0009","青","source:https://hinsyu-zukan.satumano-medakayasan.com/page/6/","strain.tsv:47"
"bv:0158","流星","composed_of","bv:0074","体外光","source:https://hinsyu-zukan.satumano-medakayasan.com/page/6/","strain.tsv:47"
"bv:0158","流星","composed_of","bv:0212","マルコ","source:https://hinsyu-zukan.satumano-medakayasan.com/page/6/ | source:https://medakazukan.net/jmaninteinumber/","strain.tsv:47; build:manual"
"bv:0142","深海","composed_of","bv:0009","青","source:https://jma-medaka.com/wp-content/uploads/2022/08/250901_【公式】品種分類マニュアル_第５版.pdf","strain.tsv:48"
"bv:0142","深海","composed_of","bv:0034","腹膜青","source:https://jma-medaka.com/wp-content/uploads/2022/08/250901_【公式】品種分類マニュアル_第５版.pdf","strain.tsv:48"
"bv:0141","マリンブルー","composed_of","bv:0074","体外光","source:https://jma-medaka.com/wp-content/uploads/2022/08/250901_【公式】品種分類マニュアル_第５版.pdf","strain.tsv:49"
"bv:0141","マリンブルー","composed_of","bv:0094","体内光（青）","source:https://jma-medaka.com/wp-content/uploads/2022/08/250901_【公式】品種分類マニュアル_第５版.pdf","strain.tsv:49"
"bv:0143","北斗","composed_of","bv:0046","透明鱗","source:https://jma-medaka.com/wp-content/uploads/2022/08/250901_【公式】品種分類マニュアル_第５版.pdf","strain.tsv:50"
"bv:0143","北斗","composed_of","bv:0033","体内黒","source:https://jma-medaka.com/wp-content/uploads/2022/08/250901_【公式】品種分類マニュアル_第５版.pdf","strain.tsv:50"
"bv:0216","モルフォ","composed_of","bv:0100","ヒレ光","source:https://jma-medaka.com/wp-content/uploads/2022/08/250901_【公式】品種分類マニュアル_第５版.pdf","strain.tsv:51"
"bv:0301","モルフォ亜種","composed_of","bv:0099","ヒレライン","source:https://jma-medaka.com/wp-content/uploads/2022/08/250901_【公式】品種分類マニュアル_第５版.pdf","strain.tsv:52"
"bv:0099","ヒレライン","same_as","bv:0301","モルフォ亜種","source:https://jma-medaka.com/wp-content/uploads/2022/08/250901_【公式】品種分類マニュアル_第５版.pdf","strain.tsv:52"
"bv:0302","オーロラ幹之","composed_of","bv:0009","青","source:https://hinsyu-zukan.satumano-medakayasan.com/page/4/","strain.tsv:53"
"bv:0302","オーロラ幹之","composed_of","bv:0074","体外光","source:https://hinsyu-zukan.satumano-medakayasan.com/page/4/","strain.tsv:53"
"bv:0302","オーロラ幹之","composed_of","bv:0052","オーロラ","source:https://hinsyu-zukan.satumano-medakayasan.com/page/4/","strain.tsv:53"
"bv:0303","オーロラ黄ラメ幹之","composed_of","bv:0052","オーロラ","source:https://hinsyu-zukan.satumano-medakayasan.com/page/4/","strain.tsv:54"
"bv:0303","オーロラ黄ラメ幹之","composed_of","bv:0064","ラメ（多色）","source:https://hinsyu-zukan.satumano-medakayasan.com/page/4/","strain.tsv:54"
"bv:0303","オーロラ黄ラメ幹之","composed_of","bv:0074","体外光","source:https://hinsyu-zukan.satumano-medakayasan.com/page/4/","strain.tsv:54"
"bv:0128","三色","composed_of","bv:0006","白","source:https://br-choku.com/en/column/medaka-variety-guide","strain.tsv:55"
"bv:0128","三色","composed_of","bv:0018","朱赤","source:https://br-choku.com/en/column/medaka-variety-guide","strain.tsv:55"
"bv:0128","三色","composed_of","bv:0118","斑","source:https://br-choku.com/en/column/medaka-variety-guide","strain.tsv:55"
"bv:0124","紅白","composed_of","bv:0006","白","source:https://br-choku.com/en/column/medaka-variety-guide","strain.tsv:56"
"bv:0124","紅白","composed_of","bv:0018","朱赤","source:https://br-choku.com/en/column/medaka-variety-guide","strain.tsv:56"
"bv:0170","紅白ラメ","composed_of","bv:0124","紅白","source:https://www.medakalog.shop/medaka-hinshu-zukan","strain.tsv:57"
"bv:0170","紅白ラメ","composed_of","bv:0062","ラメ","source:https://www.medakalog.shop/medaka-hinshu-zukan","strain.tsv:57"
"bv:0171","雲州三色","composed_of","bv:0006","白","source:https://hinsyu-zukan.satumano-medakayasan.com/page/8/","strain.tsv:58"
"bv:0171","雲州三色","composed_of","bv:0018","朱赤","source:https://hinsyu-zukan.satumano-medakayasan.com/page/8/","strain.tsv:58"
"bv:0171","雲州三色","composed_of","bv:0120","墨","source:https://hinsyu-zukan.satumano-medakayasan.com/page/8/","strain.tsv:58"
"bv:0171","雲州三色","composed_of","bv:0054","非透明鱗","source:https://hinsyu-zukan.satumano-medakayasan.com/page/8/","strain.tsv:58"
"bv:0304","越前三色","composed_of","bv:0054","非透明鱗","source:https://piscesbook.com/archives/category/newinfomation/medaka-zukan","strain.tsv:59"
"bv:0304","越前三色","composed_of","bv:0128","三色","source:https://piscesbook.com/archives/category/newinfomation/medaka-zukan","strain.tsv:59"
"bv:0172","あけぼの","composed_of","bv:0054","非透明鱗","source:https://hinsyu-zukan.satumano-medakayasan.com/page/21/","strain.tsv:60"
"bv:0172","あけぼの","composed_of","bv:0128","三色","source:https://hinsyu-zukan.satumano-medakayasan.com/page/21/","strain.tsv:60"
"bv:0305","東雲","composed_of","bv:0054","非透明鱗","source:https://hinsyu-zukan.satumano-medakayasan.com/page/7/","strain.tsv:61"
"bv:0305","東雲","composed_of","bv:0128","三色","source:https://hinsyu-zukan.satumano-medakayasan.com/page/7/","strain.tsv:61"
"bv:0306","陽炎","composed_of","bv:0018","朱赤","source:https://hinsyu-zukan.satumano-medakayasan.com/page/7/","strain.tsv:62"
"bv:0306","陽炎","composed_of","bv:0074","体外光","source:https://hinsyu-zukan.satumano-medakayasan.com/page/7/","strain.tsv:62"
"bv:0306","陽炎","composed_of","bv:0054","非透明鱗","source:https://hinsyu-zukan.satumano-medakayasan.com/page/7/","strain.tsv:62"
"bv:0306","陽炎","composed_of","bv:0128","三色","source:https://hinsyu-zukan.satumano-medakayasan.com/page/7/","strain.tsv:62"
"bv:0307","小町","composed_of","bv:0124","紅白","source:https://hinsyu-zukan.satumano-medakayasan.com/page/20/","strain.tsv:63"
"bv:0307","小町","composed_of","bv:0054","非透明鱗","source:https://hinsyu-zukan.satumano-medakayasan.com/page/20/","strain.tsv:63"
"bv:0308","王華","composed_of","bv:0124","紅白","source:https://hinsyu-zukan.satumano-medakayasan.com/page/15/","strain.tsv:64"
"bv:0308","王華","composed_of","bv:0062","ラメ","source:https://hinsyu-zukan.satumano-medakayasan.com/page/15/","strain.tsv:64"
"bv:0309","王華ブルー","composed_of","bv:0308","王華","source:https://piscesbook.com/archives/category/newinfomation/medaka-zukan","strain.tsv:65"
"bv:0309","王華ブルー","composed_of","","ブルー (미등록)","source:https://piscesbook.com/archives/category/newinfomation/medaka-zukan","strain.tsv:65"
"bv:0310","月華","composed_of","bv:0128","三色","source:https://hinsyu-zukan.satumano-medakayasan.com/page/15/","strain.tsv:66"
"bv:0310","月華","composed_of","bv:0062","ラメ","source:https://hinsyu-zukan.satumano-medakayasan.com/page/15/","strain.tsv:66"
"bv:0154","女雛","composed_of","bv:0021","柿色","source:https://hinsyu-zukan.satumano-medakayasan.com/page/19/","strain.tsv:67"
"bv:0154","女雛","composed_of","bv:0123","ブラックリム","source:https://hinsyu-zukan.satumano-medakayasan.com/page/19/","strain.tsv:67"
"bv:0154","女雛","composed_of","","赤黒 (미등록)","source:https://hinsyu-zukan.satumano-medakayasan.com/page/19/","strain.tsv:67"
"bv:0156","紅薊","composed_of","bv:0018","朱赤","source:https://hinsyu-zukan.satumano-medakayasan.com/page/11/","strain.tsv:68"
"bv:0156","紅薊","composed_of","bv:0123","ブラックリム","source:https://hinsyu-zukan.satumano-medakayasan.com/page/11/","strain.tsv:68"
"bv:0311","五式","composed_of","bv:0014","ブラック","source:https://hinsyu-zukan.satumano-medakayasan.com/page/19/","strain.tsv:69"
"bv:0311","五式","composed_of","bv:0123","ブラックリム","source:https://hinsyu-zukan.satumano-medakayasan.com/page/19/","strain.tsv:69"
"bv:0311","五式","composed_of","bv:0018","朱赤","source:https://hinsyu-zukan.satumano-medakayasan.com/page/19/","strain.tsv:69"
"bv:0312","五式typeR","composed_of","bv:0311","五式","source:https://hinsyu-zukan.satumano-medakayasan.com/page/19/","strain.tsv:70"
"bv:0312","五式typeR","composed_of","bv:0018","朱赤","source:https://hinsyu-zukan.satumano-medakayasan.com/page/19/","strain.tsv:70"
"bv:0313","竜章鳳姿","composed_of","bv:0046","透明鱗","source:https://hinsyu-zukan.satumano-medakayasan.com/page/18/","strain.tsv:71"
"bv:0313","竜章鳳姿","composed_of","bv:0123","ブラックリム","source:https://hinsyu-zukan.satumano-medakayasan.com/page/18/","strain.tsv:71"
"bv:0313","竜章鳳姿","composed_of","bv:0178","ヒカリ","source:https://hinsyu-zukan.satumano-medakayasan.com/page/18/","strain.tsv:71"
"bv:0313","竜章鳳姿","composed_of","bv:0194","松井ヒレ長","source:https://hinsyu-zukan.satumano-medakayasan.com/page/18/","strain.tsv:71"
"bv:0166","ブラックダイヤ","composed_of","bv:0137","オロチ","source:https://hinsyu-zukan.satumano-medakayasan.com/page/19/","strain.tsv:72"
"bv:0166","ブラックダイヤ","composed_of","bv:0062","ラメ","source:https://hinsyu-zukan.satumano-medakayasan.com/page/19/","strain.tsv:72"
"bv:0314","クラウドグレーダイヤ","composed_of","","グレー (미등록)","source:https://hinsyu-zukan.satumano-medakayasan.com/page/13/","strain.tsv:73"
"bv:0314","クラウドグレーダイヤ","composed_of","bv:0062","ラメ","source:https://hinsyu-zukan.satumano-medakayasan.com/page/13/","strain.tsv:73"
"bv:0160","星河","composed_of","bv:0009","青","source:https://hinsyu-zukan.satumano-medakayasan.com/page/15/","strain.tsv:74"
"bv:0160","星河","composed_of","bv:0062","ラメ","source:https://hinsyu-zukan.satumano-medakayasan.com/page/15/","strain.tsv:74"
"bv:0160","星河","composed_of","bv:0075","幹之","source:https://hinsyu-zukan.satumano-medakayasan.com/page/15/","strain.tsv:74"
"bv:0315","東天光","composed_of","bv:0135","楊貴妃","source:https://hinsyu-zukan.satumano-medakayasan.com/page/19/","strain.tsv:75"
"bv:0315","東天光","composed_of","bv:0178","ヒカリ","source:https://hinsyu-zukan.satumano-medakayasan.com/page/19/","strain.tsv:75"
"bv:0316","初恋","composed_of","bv:0135","楊貴妃","source:https://hinsyu-zukan.satumano-medakayasan.com/page/15/","strain.tsv:76"
"bv:0316","初恋","composed_of","bv:0183","ダルマ","source:https://hinsyu-zukan.satumano-medakayasan.com/page/15/","strain.tsv:76"
"bv:0317","朱天皇","composed_of","bv:0135","楊貴妃","source:https://hinsyu-zukan.satumano-medakayasan.com/page/13/","strain.tsv:77"
"bv:0317","朱天皇","composed_of","bv:0189","ヒカリダルマ","source:https://hinsyu-zukan.satumano-medakayasan.com/page/13/","strain.tsv:77"
"bv:0022","紅","composed_of","bv:0018","朱赤","source:https://hinsyu-zukan.satumano-medakayasan.com/page/18/","strain.tsv:78"
"bv:0022","紅","composed_of","bv:0046","透明鱗","source:https://hinsyu-zukan.satumano-medakayasan.com/page/18/","strain.tsv:78"
"bv:0318","篤姫","composed_of","bv:0018","朱赤","source:https://hinsyu-zukan.satumano-medakayasan.com/page/18/","strain.tsv:79"
"bv:0318","篤姫","composed_of","bv:0046","透明鱗","source:https://hinsyu-zukan.satumano-medakayasan.com/page/18/","strain.tsv:79"
"bv:0319","紅ほっぺ","composed_of","bv:0006","白","source:https://hinsyu-zukan.satumano-medakayasan.com/page/20/","strain.tsv:80"
"bv:0319","紅ほっぺ","composed_of","bv:0046","透明鱗","source:https://hinsyu-zukan.satumano-medakayasan.com/page/20/","strain.tsv:80"
"bv:0320","乙姫","composed_of","bv:0018","朱赤","source:https://hinsyu-zukan.satumano-medakayasan.com/page/18/","strain.tsv:81"
"bv:0320","乙姫","composed_of","bv:0123","ブラックリム","source:https://hinsyu-zukan.satumano-medakayasan.com/page/18/","strain.tsv:81"
"bv:0320","乙姫","composed_of","bv:0046","透明鱗","source:https://hinsyu-zukan.satumano-medakayasan.com/page/18/","strain.tsv:81"
"bv:0320","乙姫","composed_of","bv:0178","ヒカリ","source:https://hinsyu-zukan.satumano-medakayasan.com/page/18/","strain.tsv:81"
"bv:0321","卑弥呼","composed_of","bv:0135","楊貴妃","source:https://hinsyu-zukan.satumano-medakayasan.com/page/10/","strain.tsv:82"
"bv:0321","卑弥呼","composed_of","bv:0046","透明鱗","source:https://hinsyu-zukan.satumano-medakayasan.com/page/10/","strain.tsv:82"
"bv:0321","卑弥呼","composed_of","","ブドウ眼 (미등록)","source:https://hinsyu-zukan.satumano-medakayasan.com/page/10/","strain.tsv:82"
"bv:0321","卑弥呼","composed_of","bv:0058","アルビノ","source:https://hinsyu-zukan.satumano-medakayasan.com/page/10/","strain.tsv:82"
"bv:0321","卑弥呼","composed_of","bv:0178","ヒカリ","source:https://hinsyu-zukan.satumano-medakayasan.com/page/10/","strain.tsv:82"
"bv:0322","龍の瞳","composed_of","bv:0058","アルビノ","source:https://hinsyu-zukan.satumano-medakayasan.com/page/20/","strain.tsv:83"
"bv:0322","龍の瞳","composed_of","bv:0075","幹之","source:https://hinsyu-zukan.satumano-medakayasan.com/page/20/","strain.tsv:83"
"bv:0322","龍の瞳","composed_of","bv:0194","松井ヒレ長","source:https://hinsyu-zukan.satumano-medakayasan.com/page/20/","strain.tsv:83"
"bv:0323","王妃","composed_of","bv:0058","アルビノ","source:https://hinsyu-zukan.satumano-medakayasan.com/page/16/","strain.tsv:84"
"bv:0323","王妃","composed_of","bv:0075","幹之","source:https://hinsyu-zukan.satumano-medakayasan.com/page/16/","strain.tsv:84"
"bv:0087","鱗光","composed_of","bv:0074","体外光","source:https://jma-medaka.com/wp-content/uploads/2022/08/250901_【公式】品種分類マニュアル_第５版.pdf","strain.tsv:85"
"bv:0324","ブロンズ","composed_of","bv:0074","体外光","source:https://jma-medaka.com/wp-content/uploads/2022/08/250901_【公式】品種分類マニュアル_第５版.pdf","strain.tsv:86"
"bv:0324","ブロンズ","composed_of","bv:0087","鱗光","source:https://jma-medaka.com/wp-content/uploads/2022/08/250901_【公式】品種分類マニュアル_第５版.pdf","strain.tsv:86"
"bv:0324","ブロンズ","composed_of","bv:0100","ヒレ光","source:https://jma-medaka.com/wp-content/uploads/2022/08/250901_【公式】品種分類マニュアル_第５版.pdf","strain.tsv:86"
"bv:0325","グリーン","composed_of","bv:0324","ブロンズ","source:https://hinsyu-zukan.satumano-medakayasan.com/page/5/","strain.tsv:87"
"bv:0325","グリーン","composed_of","","緑 (미등록)","source:https://hinsyu-zukan.satumano-medakayasan.com/page/5/","strain.tsv:87"
"bv:0326","黄桜","composed_of","bv:0003","黄","source:https://hinsyu-zukan.satumano-medakayasan.com/page/7/","strain.tsv:88"
"bv:0326","黄桜","composed_of","bv:0006","白","source:https://hinsyu-zukan.satumano-medakayasan.com/page/7/","strain.tsv:88"
"bv:0327","フロマージュ","composed_of","","黄~オレンジ (미등록)","source:https://hinsyu-zukan.satumano-medakayasan.com/page/9/","strain.tsv:89"
"bv:0327","フロマージュ","composed_of","bv:0217","フサヒレ","source:https://hinsyu-zukan.satumano-medakayasan.com/page/9/","strain.tsv:89"
"bv:0328","フロマージュDR","composed_of","bv:0327","フロマージュ","source:https://piscesbook.com/archives/category/newinfomation/medaka-zukan","strain.tsv:90"
"bv:0328","フロマージュDR","composed_of","","DR (미등록)","source:https://piscesbook.com/archives/category/newinfomation/medaka-zukan","strain.tsv:90"
"bv:0329","オランジェ","composed_of","bv:0014","ブラック","source:https://hinsyu-zukan.satumano-medakayasan.com/page/4/","strain.tsv:91"
"bv:0329","オランジェ","composed_of","bv:0019","オレンジ","source:https://hinsyu-zukan.satumano-medakayasan.com/page/4/","strain.tsv:91"
"bv:0329","オランジェ","composed_of","bv:0062","ラメ","source:https://hinsyu-zukan.satumano-medakayasan.com/page/4/","strain.tsv:91"
"bv:0329","オランジェ","composed_of","bv:0217","フサヒレ","source:https://hinsyu-zukan.satumano-medakayasan.com/page/4/","strain.tsv:91"
"bv:0330","ミッドナイトフリル","composed_of","bv:0199","ロングフィン","source:https://hinsyu-zukan.satumano-medakayasan.com/page/14/","strain.tsv:92"
"bv:0331","レッドクリフ","composed_of","bv:0018","朱赤","source:https://hinsyu-zukan.satumano-medakayasan.com/page/18/","strain.tsv:93"
"bv:0331","レッドクリフ","composed_of","bv:0124","紅白","source:https://hinsyu-zukan.satumano-medakayasan.com/page/18/","strain.tsv:93"
"bv:0331","レッドクリフ","composed_of","bv:0074","体外光","source:https://hinsyu-zukan.satumano-medakayasan.com/page/18/","strain.tsv:93"
"bv:0331","レッドクリフ","composed_of","bv:0100","ヒレ光","source:https://hinsyu-zukan.satumano-medakayasan.com/page/18/","strain.tsv:93"
"bv:0331","レッドクリフ","composed_of","bv:0087","鱗光","source:https://hinsyu-zukan.satumano-medakayasan.com/page/18/","strain.tsv:93"
"bv:0331","レッドクリフ","composed_of","bv:0204","キッシングワイドフィン","source:https://hinsyu-zukan.satumano-medakayasan.com/page/18/","strain.tsv:93"
"bv:0331","レッドクリフ","composed_of","bv:0217","フサヒレ","source:https://hinsyu-zukan.satumano-medakayasan.com/page/18/","strain.tsv:93"
"bv:0332","ハイビスカス","composed_of","bv:0331","レッドクリフ","source:https://hinsyu-zukan.satumano-medakayasan.com/page/7/","strain.tsv:94"
"bv:0332","ハイビスカス","composed_of","bv:0178","ヒカリ","source:https://hinsyu-zukan.satumano-medakayasan.com/page/7/","strain.tsv:94"
"bv:0332","ハイビスカス","composed_of","bv:0193","ヒレ長","source:https://hinsyu-zukan.satumano-medakayasan.com/page/7/","strain.tsv:94"
"bv:0333","陽変天目","composed_of","bv:0014","ブラック","inferred:수집 lane 추론(strain.tsv:95)","strain.tsv:95"
"bv:0333","陽変天目","composed_of","bv:0074","体外光","inferred:수집 lane 추론(strain.tsv:95)","strain.tsv:95"
"bv:0334","金剛石","composed_of","bv:0173","和墨","source:https://piscesbook.com/archives/category/newinfomation/medaka-zukan","strain.tsv:96"
"bv:0334","金剛石","composed_of","bv:0422","ネプチューン","source:https://piscesbook.com/archives/category/newinfomation/medaka-zukan","strain.tsv:96"
"bv:0334","金剛石","composed_of","bv:0327","フロマージュ","source:https://piscesbook.com/archives/category/newinfomation/medaka-zukan","strain.tsv:96"
"bv:0335","黒輪刀","composed_of","bv:0173","和墨","source:https://piscesbook.com/archives/category/newinfomation/medaka-zukan","strain.tsv:97"
"bv:0335","黒輪刀","composed_of","bv:0120","墨","source:https://piscesbook.com/archives/category/newinfomation/medaka-zukan","strain.tsv:97"
"bv:0173","和墨","composed_of","bv:0006","白","source:https://hinsyu-zukan.satumano-medakayasan.com/page/16/","strain.tsv:98"
"bv:0173","和墨","composed_of","bv:0014","ブラック","source:https://hinsyu-zukan.satumano-medakayasan.com/page/16/","strain.tsv:98"
"bv:0336","和墨三毛猫ダルマ","composed_of","bv:0173","和墨","inferred:수집 lane 추론(strain.tsv:99)","strain.tsv:99"
"bv:0336","和墨三毛猫ダルマ","composed_of","","三毛 (미등록)","inferred:수집 lane 추론(strain.tsv:99)","strain.tsv:99"
"bv:0336","和墨三毛猫ダルマ","composed_of","bv:0183","ダルマ","inferred:수집 lane 추론(strain.tsv:99)","strain.tsv:99"
"bv:0337","斑(まだら)","composed_of","bv:0173","和墨","source:https://piscesbook.com/archives/category/newinfomation/medaka-zukan","strain.tsv:100"
"bv:0337","斑(まだら)","composed_of","","百夜 (미등록)","source:https://piscesbook.com/archives/category/newinfomation/medaka-zukan","strain.tsv:100"
"bv:0338","金閣","composed_of","","金色 (미등록)","source:https://hinsyu-zukan.satumano-medakayasan.com/page/2/","strain.tsv:101"
"bv:0338","金閣","composed_of","bv:0121","黒斑","source:https://hinsyu-zukan.satumano-medakayasan.com/page/2/","strain.tsv:101"
"bv:0338","金閣","composed_of","bv:0193","ヒレ長","source:https://hinsyu-zukan.satumano-medakayasan.com/page/2/","strain.tsv:101"
"bv:0338","金閣","composed_of","bv:0250","アースアイ","source:https://hinsyu-zukan.satumano-medakayasan.com/page/2/","strain.tsv:101"
"bv:0339","銀閣","composed_of","bv:0338","金閣","source:https://hinsyu-zukan.satumano-medakayasan.com/page/2/","strain.tsv:102"
"bv:0339","銀閣","composed_of","","シルバー (미등록)","source:https://hinsyu-zukan.satumano-medakayasan.com/page/2/","strain.tsv:102"
"bv:0340","金塊","composed_of","bv:0062","ラメ","source:https://hinsyu-zukan.satumano-medakayasan.com/","strain.tsv:103"
"bv:0341","金塊X","composed_of","bv:0340","金塊","source:https://piscesbook.com/archives/category/newinfomation/medaka-zukan","strain.tsv:104"
"bv:0341","金塊X","composed_of","","墨碧眼 (미등록)","source:https://piscesbook.com/archives/category/newinfomation/medaka-zukan","strain.tsv:104"
"bv:0342","龍鱗","composed_of","bv:0075","幹之","source:https://hinsyu-zukan.satumano-medakayasan.com/","strain.tsv:105"
"bv:0342","龍鱗","composed_of","bv:0074","体外光","source:https://hinsyu-zukan.satumano-medakayasan.com/","strain.tsv:105"
"bv:0342","龍鱗","composed_of","bv:0256","カガミ鱗","source:https://hinsyu-zukan.satumano-medakayasan.com/","strain.tsv:105"
"bv:0342","龍鱗","composed_of","","フレーミングラメ (미등록)","source:https://hinsyu-zukan.satumano-medakayasan.com/","strain.tsv:105"
"bv:0342","龍鱗","composed_of","bv:0199","ロングフィン","source:https://hinsyu-zukan.satumano-medakayasan.com/","strain.tsv:105"
"bv:0343","皇鱗","composed_of","bv:0256","カガミ鱗","source:https://piscesbook.com/archives/category/newinfomation/medaka-zukan","strain.tsv:106"
"bv:0343","皇鱗","composed_of","bv:0014","ブラック","source:https://piscesbook.com/archives/category/newinfomation/medaka-zukan","strain.tsv:106"
"bv:0344","紅玉鏡鱗","composed_of","bv:0375","紅玉","source:https://piscesbook.com/archives/category/newinfomation/medaka-zukan","strain.tsv:107"
"bv:0344","紅玉鏡鱗","composed_of","bv:0256","カガミ鱗","source:https://piscesbook.com/archives/category/newinfomation/medaka-zukan","strain.tsv:107"
"bv:0345","ペガサスカガミ鱗","composed_of","bv:0256","カガミ鱗","source:https://piscesbook.com/archives/category/newinfomation/medaka-zukan","strain.tsv:108"
"bv:0346","漆箔","composed_of","bv:0256","カガミ鱗","source:https://piscesbook.com/archives/category/newinfomation/medaka-zukan","strain.tsv:109"
"bv:0347","輝箔","composed_of","bv:0256","カガミ鱗","source:https://piscesbook.com/archives/category/newinfomation/medaka-zukan","strain.tsv:110"
"bv:0348","フラミンゴ","composed_of","bv:0349","ピンクサファイア","source:https://nekomanma7.ocnk.net/product-list/47","strain.tsv:111"
"bv:0348","フラミンゴ","composed_of","bv:0256","カガミ鱗","source:https://nekomanma7.ocnk.net/product-list/47","strain.tsv:111"
"bv:0349","ピンクサファイア","composed_of","bv:0020","ピンク","source:https://hinsyu-zukan.satumano-medakayasan.com/page/4/","strain.tsv:112"
"bv:0349","ピンクサファイア","composed_of","bv:0065","ラメ（青）","source:https://hinsyu-zukan.satumano-medakayasan.com/page/4/","strain.tsv:112"
"bv:0350","ピンクサファイアNEO","composed_of","bv:0349","ピンクサファイア","source:https://www.medakanoyakata.jp/?mode=cate&cbid=2838660&csid=0&sort=n","strain.tsv:113"
"bv:0350","ピンクサファイアNEO","composed_of","bv:0564","NEO","source:https://www.medakanoyakata.jp/?mode=cate&cbid=2838660&csid=0&sort=n","strain.tsv:113"
"bv:0351","菜花","composed_of","bv:0003","黄","source:https://www.medakalog.shop/202308-nabana/","strain.tsv:114"
"bv:0351","菜花","composed_of","bv:0062","ラメ","source:https://www.medakalog.shop/202308-nabana/","strain.tsv:114"
"bv:0352","菜花NEO","composed_of","bv:0351","菜花","source:https://www.medakanoyakata.jp/?mode=cate&cbid=2838660&csid=0&sort=n","strain.tsv:115"
"bv:0352","菜花NEO","composed_of","bv:0564","NEO","source:https://www.medakanoyakata.jp/?mode=cate&cbid=2838660&csid=0&sort=n","strain.tsv:115"
"bv:0147","白雪","composed_of","bv:0006","白","source:https://www.medakalog.shop/202308-nabana/","strain.tsv:116"
"bv:0147","白雪","composed_of","bv:0062","ラメ","source:https://www.medakalog.shop/202308-nabana/","strain.tsv:116"
"bv:0147","白雪","composed_of","bv:0075","幹之","source:https://www.medakalog.shop/202308-nabana/","strain.tsv:116"
"bv:0353","オーロラ三色","composed_of","bv:0052","オーロラ","source:https://www.medakanoyakata.jp/?mode=cate&cbid=2838660&csid=0&sort=n","strain.tsv:117"
"bv:0353","オーロラ三色","composed_of","bv:0128","三色","source:https://www.medakanoyakata.jp/?mode=cate&cbid=2838660&csid=0&sort=n","strain.tsv:117"
"bv:0355","黒龍","composed_of","bv:0014","ブラック","source:https://www.medakalog.shop/kokuryu/","strain.tsv:119"
"bv:0355","黒龍","composed_of","bv:0046","透明鱗","source:https://www.medakalog.shop/kokuryu/","strain.tsv:119"
"bv:0355","黒龍","composed_of","bv:0027","背地反応なし","source:https://www.medakalog.shop/kokuryu/","strain.tsv:119"
"bv:0356","美虎","composed_of","bv:0016","黄金","source:https://hinsyu-zukan.satumano-medakayasan.com/page/8/","strain.tsv:120"
"bv:0356","美虎","composed_of","bv:0118","斑","source:https://hinsyu-zukan.satumano-medakayasan.com/page/8/","strain.tsv:120"
"bv:0357","炎尾","composed_of","bv:0118","斑","source:https://hinsyu-zukan.satumano-medakayasan.com/page/9/","strain.tsv:121"
"bv:0357","炎尾","composed_of","bv:0202","ワイドフィン","source:https://hinsyu-zukan.satumano-medakayasan.com/page/9/","strain.tsv:121"
"bv:0223","青蝶","composed_of","bv:0009","青","source:https://jma-medaka.com/wp-content/uploads/2022/08/250901_【公式】品種分類マニュアル_第５版.pdf","strain.tsv:122"
"bv:0223","青蝶","composed_of","bv:0075","幹之","source:https://jma-medaka.com/wp-content/uploads/2022/08/250901_【公式】品種分類マニュアル_第５版.pdf","strain.tsv:122"
"bv:0223","青蝶","composed_of","bv:0193","ヒレ長","source:https://jma-medaka.com/wp-content/uploads/2022/08/250901_【公式】品種分類マニュアル_第５版.pdf","strain.tsv:122"
"bv:0223","青蝶","composed_of","bv:0199","ロングフィン","source:https://jma-medaka.com/wp-content/uploads/2022/08/250901_【公式】品種分類マニュアル_第５版.pdf","strain.tsv:122"
"bv:0358","ドラゴンブルー","composed_of","bv:0075","幹之","source:https://hinsyu-zukan.satumano-medakayasan.com/page/20/","strain.tsv:123"
"bv:0358","ドラゴンブルー","composed_of","bv:0178","ヒカリ","source:https://hinsyu-zukan.satumano-medakayasan.com/page/20/","strain.tsv:123"
"bv:0358","ドラゴンブルー","composed_of","bv:0100","ヒレ光","source:https://hinsyu-zukan.satumano-medakayasan.com/page/20/","strain.tsv:123"
"bv:0359","龍ノ鬣","composed_of","bv:0358","ドラゴンブルー","source:https://hinsyu-zukan.satumano-medakayasan.com/page/5/","strain.tsv:124"
"bv:0359","龍ノ鬣","composed_of","bv:0196","スワロー","source:https://hinsyu-zukan.satumano-medakayasan.com/page/5/","strain.tsv:124"
"bv:0360","如水","composed_of","bv:0009","青","source:https://hinsyu-zukan.satumano-medakayasan.com/page/5/","strain.tsv:125"
"bv:0360","如水","composed_of","bv:0075","幹之","source:https://hinsyu-zukan.satumano-medakayasan.com/page/5/","strain.tsv:125"
"bv:0360","如水","composed_of","bv:0178","ヒカリ","source:https://hinsyu-zukan.satumano-medakayasan.com/page/5/","strain.tsv:125"
"bv:0360","如水","composed_of","bv:0196","スワロー","source:https://hinsyu-zukan.satumano-medakayasan.com/page/5/","strain.tsv:125"
"bv:0360","如水","composed_of","bv:0216","モルフォ","source:https://hinsyu-zukan.satumano-medakayasan.com/page/5/","strain.tsv:125"
"bv:0361","夢光","composed_of","bv:0075","幹之","source:https://hinsyu-zukan.satumano-medakayasan.com/page/6/","strain.tsv:126"
"bv:0361","夢光","composed_of","bv:0178","ヒカリ","source:https://hinsyu-zukan.satumano-medakayasan.com/page/6/","strain.tsv:126"
"bv:0361","夢光","composed_of","bv:0101","一周光","source:https://hinsyu-zukan.satumano-medakayasan.com/page/6/","strain.tsv:126"
"bv:0362","夢ラメ","composed_of","bv:0075","幹之","source:https://hinsyu-zukan.satumano-medakayasan.com/page/6/","strain.tsv:127"
"bv:0362","夢ラメ","composed_of","bv:0178","ヒカリ","source:https://hinsyu-zukan.satumano-medakayasan.com/page/6/","strain.tsv:127"
"bv:0362","夢ラメ","composed_of","bv:0101","一周光","source:https://hinsyu-zukan.satumano-medakayasan.com/page/6/","strain.tsv:127"
"bv:0362","夢ラメ","composed_of","bv:0062","ラメ","source:https://hinsyu-zukan.satumano-medakayasan.com/page/6/","strain.tsv:127"
"bv:0363","天山","composed_of","bv:0178","ヒカリ","source:https://hinsyu-zukan.satumano-medakayasan.com/page/6/","strain.tsv:128"
"bv:0363","天山","composed_of","bv:0075","幹之","source:https://hinsyu-zukan.satumano-medakayasan.com/page/6/","strain.tsv:128"
"bv:0363","天山","composed_of","bv:0046","透明鱗","source:https://hinsyu-zukan.satumano-medakayasan.com/page/6/","strain.tsv:128"
"bv:0364","天山無双","composed_of","bv:0363","天山","source:https://hinsyu-zukan.satumano-medakayasan.com/page/6/","strain.tsv:129"
"bv:0364","天山無双","composed_of","bv:0194","松井ヒレ長","source:https://hinsyu-zukan.satumano-medakayasan.com/page/6/","strain.tsv:129"
"bv:0365","水色桔梗","composed_of","bv:0009","青","source:https://hinsyu-zukan.satumano-medakayasan.com/page/6/","strain.tsv:130"
"bv:0365","水色桔梗","composed_of","bv:0062","ラメ","source:https://hinsyu-zukan.satumano-medakayasan.com/page/6/","strain.tsv:130"
"bv:0365","水色桔梗","composed_of","bv:0075","幹之","source:https://hinsyu-zukan.satumano-medakayasan.com/page/6/","strain.tsv:130"
"bv:0365","水色桔梗","composed_of","bv:0194","松井ヒレ長","source:https://hinsyu-zukan.satumano-medakayasan.com/page/6/","strain.tsv:130"
"bv:0365","水色桔梗","composed_of","bv:0178","ヒカリ","source:https://hinsyu-zukan.satumano-medakayasan.com/page/6/","strain.tsv:130"
"bv:0366","ブルースターダスト","composed_of","bv:0009","青","source:https://hinsyu-zukan.satumano-medakayasan.com/page/6/","strain.tsv:131"
"bv:0366","ブルースターダスト","composed_of","bv:0062","ラメ","source:https://hinsyu-zukan.satumano-medakayasan.com/page/6/","strain.tsv:131"
"bv:0366","ブルースターダスト","composed_of","bv:0074","体外光","source:https://hinsyu-zukan.satumano-medakayasan.com/page/6/","strain.tsv:131"
"bv:0367","バクシャイナー","composed_of","bv:0075","幹之","source:https://hinsyu-zukan.satumano-medakayasan.com/page/6/","strain.tsv:132"
"bv:0367","バクシャイナー","composed_of","bv:0074","体外光","source:https://hinsyu-zukan.satumano-medakayasan.com/page/6/","strain.tsv:132"
"bv:0368","黒衣","composed_of","bv:0014","ブラック","source:https://hinsyu-zukan.satumano-medakayasan.com/page/6/","strain.tsv:133"
"bv:0368","黒衣","composed_of","bv:0079","体外光（青）","source:https://hinsyu-zukan.satumano-medakayasan.com/page/6/","strain.tsv:133"
"bv:0369","天鵞絨","composed_of","bv:0014","ブラック","source:https://hinsyu-zukan.satumano-medakayasan.com/page/6/","strain.tsv:134"
"bv:0369","天鵞絨","composed_of","bv:0074","体外光","source:https://hinsyu-zukan.satumano-medakayasan.com/page/6/","strain.tsv:134"
"bv:0369","天鵞絨","composed_of","bv:0046","透明鱗","source:https://hinsyu-zukan.satumano-medakayasan.com/page/6/","strain.tsv:134"
"bv:0370","極龍","composed_of","","黄金鱗 (미등록)","source:https://hinsyu-zukan.satumano-medakayasan.com/page/10/","strain.tsv:135"
"bv:0370","極龍","composed_of","bv:0009","青","source:https://hinsyu-zukan.satumano-medakayasan.com/page/10/","strain.tsv:135"
"bv:0370","極龍","composed_of","bv:0074","体外光","source:https://hinsyu-zukan.satumano-medakayasan.com/page/10/","strain.tsv:135"
"bv:0371","サンセット極龍","composed_of","bv:0370","極龍","source:https://hinsyu-zukan.satumano-medakayasan.com/page/10/","strain.tsv:136"
"bv:0371","サンセット極龍","composed_of","bv:0100","ヒレ光","source:https://hinsyu-zukan.satumano-medakayasan.com/page/10/","strain.tsv:136"
"bv:0372","菊銀紅玉","composed_of","bv:0128","三色","source:https://hinsyu-zukan.satumano-medakayasan.com/page/10/","strain.tsv:137"
"bv:0372","菊銀紅玉","composed_of","bv:0074","体外光","source:https://hinsyu-zukan.satumano-medakayasan.com/page/10/","strain.tsv:137"
"bv:0373","銀鱗紅玉","composed_of","bv:0128","三色","source:https://hinsyu-zukan.satumano-medakayasan.com/page/10/","strain.tsv:138"
"bv:0373","銀鱗紅玉","composed_of","bv:0074","体外光","source:https://hinsyu-zukan.satumano-medakayasan.com/page/10/","strain.tsv:138"
"bv:0373","銀鱗紅玉","composed_of","bv:0100","ヒレ光","source:https://hinsyu-zukan.satumano-medakayasan.com/page/10/","strain.tsv:138"
"bv:0374","菊銀美人","composed_of","bv:0128","三色","source:https://hinsyu-zukan.satumano-medakayasan.com/page/10/","strain.tsv:139"
"bv:0374","菊銀美人","composed_of","bv:0074","体外光","source:https://hinsyu-zukan.satumano-medakayasan.com/page/10/","strain.tsv:139"
"bv:0374","菊銀美人","composed_of","bv:0204","キッシングワイドフィン","source:https://hinsyu-zukan.satumano-medakayasan.com/page/10/","strain.tsv:139"
"bv:0375","紅玉","composed_of","bv:0128","三色","source:https://hinsyu-zukan.satumano-medakayasan.com/page/13/","strain.tsv:140"
"bv:0375","紅玉","composed_of","bv:0074","体外光","source:https://hinsyu-zukan.satumano-medakayasan.com/page/13/","strain.tsv:140"
"bv:0376","朱紅玉","composed_of","bv:0375","紅玉","source:https://hinsyu-zukan.satumano-medakayasan.com/page/13/","strain.tsv:141"
"bv:0376","朱紅玉","composed_of","bv:0128","三色","source:https://hinsyu-zukan.satumano-medakayasan.com/page/13/","strain.tsv:141"
"bv:0376","朱紅玉","composed_of","bv:0074","体外光","source:https://hinsyu-zukan.satumano-medakayasan.com/page/13/","strain.tsv:141"
"bv:0377","朱光菊","composed_of","bv:0128","三色","source:https://hinsyu-zukan.satumano-medakayasan.com/page/13/","strain.tsv:142"
"bv:0377","朱光菊","composed_of","bv:0074","体外光","source:https://hinsyu-zukan.satumano-medakayasan.com/page/13/","strain.tsv:142"
"bv:0377","朱光菊","composed_of","bv:0199","ロングフィン","source:https://hinsyu-zukan.satumano-medakayasan.com/page/13/","strain.tsv:142"
"bv:0378","金色夜叉","composed_of","","黄~黄金 (미등록)","source:https://hinsyu-zukan.satumano-medakayasan.com/page/16/","strain.tsv:143"
"bv:0378","金色夜叉","composed_of","bv:0128","三色","source:https://hinsyu-zukan.satumano-medakayasan.com/page/16/","strain.tsv:143"
"bv:0378","金色夜叉","composed_of","bv:0074","体外光","source:https://hinsyu-zukan.satumano-medakayasan.com/page/16/","strain.tsv:143"
"bv:0379","紅凛","composed_of","bv:0128","三色","source:https://hinsyu-zukan.satumano-medakayasan.com/page/16/","strain.tsv:144"
"bv:0380","凛華","composed_of","bv:0018","朱赤","source:https://hinsyu-zukan.satumano-medakayasan.com/page/7/","strain.tsv:145"
"bv:0380","凛華","composed_of","bv:0123","ブラックリム","source:https://hinsyu-zukan.satumano-medakayasan.com/page/7/","strain.tsv:145"
"bv:0380","凛華","composed_of","bv:0074","体外光","source:https://hinsyu-zukan.satumano-medakayasan.com/page/7/","strain.tsv:145"
"bv:0381","華蓮","composed_of","bv:0021","柿色","source:https://hinsyu-zukan.satumano-medakayasan.com/page/8/","strain.tsv:146"
"bv:0381","華蓮","composed_of","bv:0123","ブラックリム","source:https://hinsyu-zukan.satumano-medakayasan.com/page/8/","strain.tsv:146"
"bv:0382","飛燕","composed_of","bv:0018","朱赤","source:https://hinsyu-zukan.satumano-medakayasan.com/page/8/","strain.tsv:147"
"bv:0382","飛燕","composed_of","bv:0123","ブラックリム","source:https://hinsyu-zukan.satumano-medakayasan.com/page/8/","strain.tsv:147"
"bv:0382","飛燕","composed_of","bv:0178","ヒカリ","source:https://hinsyu-zukan.satumano-medakayasan.com/page/8/","strain.tsv:147"
"bv:0383","来光","composed_of","bv:0018","朱赤","source:https://hinsyu-zukan.satumano-medakayasan.com/page/19/","strain.tsv:148"
"bv:0383","来光","composed_of","bv:0123","ブラックリム","source:https://hinsyu-zukan.satumano-medakayasan.com/page/19/","strain.tsv:148"
"bv:0383","来光","composed_of","","赤黒 (미등록)","source:https://hinsyu-zukan.satumano-medakayasan.com/page/19/","strain.tsv:148"
"bv:0384","白姫","composed_of","bv:0006","白","source:https://hinsyu-zukan.satumano-medakayasan.com/page/20/","strain.tsv:149"
"bv:0384","白姫","composed_of","bv:0123","ブラックリム","source:https://hinsyu-zukan.satumano-medakayasan.com/page/20/","strain.tsv:149"
"bv:0384","白姫","composed_of","bv:0178","ヒカリ","source:https://hinsyu-zukan.satumano-medakayasan.com/page/20/","strain.tsv:149"
"bv:0385","闇御津羽神","composed_of","bv:0018","朱赤","source:https://hinsyu-zukan.satumano-medakayasan.com/page/13/","strain.tsv:150"
"bv:0385","闇御津羽神","composed_of","bv:0046","透明鱗","source:https://hinsyu-zukan.satumano-medakayasan.com/page/13/","strain.tsv:150"
"bv:0385","闇御津羽神","composed_of","bv:0123","ブラックリム","source:https://hinsyu-zukan.satumano-medakayasan.com/page/13/","strain.tsv:150"
"bv:0386","琉華","composed_of","bv:0018","朱赤","source:https://hinsyu-zukan.satumano-medakayasan.com/page/12/","strain.tsv:151"
"bv:0386","琉華","composed_of","bv:0014","ブラック","source:https://hinsyu-zukan.satumano-medakayasan.com/page/12/","strain.tsv:151"
"bv:0386","琉華","composed_of","bv:0062","ラメ","source:https://hinsyu-zukan.satumano-medakayasan.com/page/12/","strain.tsv:151"
"bv:0387","栗神","composed_of","bv:0128","三色","source:https://hinsyu-zukan.satumano-medakayasan.com/page/5/","strain.tsv:152"
"bv:0387","栗神","composed_of","bv:0046","透明鱗","source:https://hinsyu-zukan.satumano-medakayasan.com/page/5/","strain.tsv:152"
"bv:0388","華簪","composed_of","bv:0128","三色","source:https://hinsyu-zukan.satumano-medakayasan.com/page/12/","strain.tsv:153"
"bv:0388","華簪","composed_of","bv:0062","ラメ","source:https://hinsyu-zukan.satumano-medakayasan.com/page/12/","strain.tsv:153"
"bv:0389","黒蜂","composed_of","bv:0014","ブラック","source:https://hinsyu-zukan.satumano-medakayasan.com/page/10/","strain.tsv:154"
"bv:0389","黒蜂","composed_of","bv:0046","透明鱗","source:https://hinsyu-zukan.satumano-medakayasan.com/page/10/","strain.tsv:154"
"bv:0390","金華獣","composed_of","bv:0062","ラメ","source:https://hinsyu-zukan.satumano-medakayasan.com/page/17/","strain.tsv:155"
"bv:0391","花魁","composed_of","bv:0392","カブキ","source:https://hinsyu-zukan.satumano-medakayasan.com/page/17/","strain.tsv:156"
"bv:0391","花魁","composed_of","bv:0074","体外光","source:https://hinsyu-zukan.satumano-medakayasan.com/page/17/","strain.tsv:156"
"bv:0391","花魁","composed_of","","黄斑 (미등록)","source:https://hinsyu-zukan.satumano-medakayasan.com/page/17/","strain.tsv:156"
"bv:0393","黒百式","composed_of","bv:0089","体内光","source:https://hinsyu-zukan.satumano-medakayasan.com/page/17/","strain.tsv:158"
"bv:0393","黒百式","composed_of","bv:0014","ブラック","source:https://hinsyu-zukan.satumano-medakayasan.com/page/17/","strain.tsv:158"
"bv:0393","黒百式","composed_of","bv:0074","体外光","source:https://hinsyu-zukan.satumano-medakayasan.com/page/17/","strain.tsv:158"
"bv:0394","百式幹之","composed_of","bv:0046","透明鱗","source:https://hinsyu-zukan.satumano-medakayasan.com/page/17/","strain.tsv:159"
"bv:0394","百式幹之","composed_of","bv:0075","幹之","source:https://hinsyu-zukan.satumano-medakayasan.com/page/17/","strain.tsv:159"
"bv:0394","百式幹之","composed_of","bv:0097","全身体内光","source:https://hinsyu-zukan.satumano-medakayasan.com/page/17/","strain.tsv:159"
"bv:0395","巫","composed_of","bv:0014","ブラック","source:https://hinsyu-zukan.satumano-medakayasan.com/page/4/","strain.tsv:160"
"bv:0395","巫","composed_of","bv:0097","全身体内光","source:https://hinsyu-zukan.satumano-medakayasan.com/page/4/","strain.tsv:160"
"bv:0396","天照","composed_of","bv:0018","朱赤","source:https://hinsyu-zukan.satumano-medakayasan.com/page/18/","strain.tsv:161"
"bv:0396","天照","composed_of","bv:0074","体外光","source:https://hinsyu-zukan.satumano-medakayasan.com/page/18/","strain.tsv:161"
"bv:0396","天照","composed_of","bv:0100","ヒレ光","source:https://hinsyu-zukan.satumano-medakayasan.com/page/18/","strain.tsv:161"
"bv:0396","天照","composed_of","bv:0087","鱗光","source:https://hinsyu-zukan.satumano-medakayasan.com/page/18/","strain.tsv:161"
"bv:0397","サタン","composed_of","bv:0137","オロチ","source:https://hinsyu-zukan.satumano-medakayasan.com/page/15/","strain.tsv:162"
"bv:0397","サタン","composed_of","bv:0193","ヒレ長","source:https://hinsyu-zukan.satumano-medakayasan.com/page/15/","strain.tsv:162"
"bv:0398","ゼウス","composed_of","bv:0397","サタン","source:https://hinsyu-zukan.satumano-medakayasan.com/page/14/","strain.tsv:163"
"bv:0398","ゼウス","composed_of","bv:0178","ヒカリ","source:https://hinsyu-zukan.satumano-medakayasan.com/page/14/","strain.tsv:163"
"bv:0399","墨武","composed_of","","青黒 (미등록)","source:https://hinsyu-zukan.satumano-medakayasan.com/page/17/","strain.tsv:164"
"bv:0399","墨武","composed_of","bv:0074","体外光","source:https://hinsyu-zukan.satumano-medakayasan.com/page/17/","strain.tsv:164"
"bv:0400","蛇墨武 澪ワイドフィン","composed_of","","蛇墨武 (미등록)","source:https://piscesbook.com/archives/category/newinfomation/medaka-zukan","strain.tsv:165"
"bv:0400","蛇墨武 澪ワイドフィン","composed_of","bv:0202","ワイドフィン","source:https://piscesbook.com/archives/category/newinfomation/medaka-zukan","strain.tsv:165"
"bv:0401","玄兎","composed_of","bv:0014","ブラック","source:https://hinsyu-zukan.satumano-medakayasan.com/page/10/","strain.tsv:166"
"bv:0401","玄兎","composed_of","bv:0193","ヒレ長","source:https://hinsyu-zukan.satumano-medakayasan.com/page/10/","strain.tsv:166"
"bv:0402","GOD","composed_of","bv:0014","ブラック","source:https://hinsyu-zukan.satumano-medakayasan.com/page/4/","strain.tsv:167"
"bv:0403","喪屍","composed_of","bv:0014","ブラック","source:https://hinsyu-zukan.satumano-medakayasan.com/page/10/","strain.tsv:168"
"bv:0403","喪屍","composed_of","bv:0194","松井ヒレ長","source:https://hinsyu-zukan.satumano-medakayasan.com/page/10/","strain.tsv:168"
"bv:0403","喪屍","composed_of","bv:0251","ブルーアイ","source:https://hinsyu-zukan.satumano-medakayasan.com/page/10/","strain.tsv:168"
"bv:0404","皁","composed_of","bv:0015","ブラック（ヒレ黄）","source:https://hinsyu-zukan.satumano-medakayasan.com/page/3/","strain.tsv:169"
"bv:0404","皁","composed_of","bv:0201","リアルロングフィン","source:https://hinsyu-zukan.satumano-medakayasan.com/page/3/","strain.tsv:169"
"bv:0404","皁","composed_of","bv:0251","ブルーアイ","source:https://hinsyu-zukan.satumano-medakayasan.com/page/3/","strain.tsv:169"
"bv:0405","黒槍","composed_of","bv:0014","ブラック","source:https://hinsyu-zukan.satumano-medakayasan.com/page/13/","strain.tsv:170"
"bv:0405","黒槍","composed_of","","ヒレ黄 (미등록)","source:https://hinsyu-zukan.satumano-medakayasan.com/page/13/","strain.tsv:170"
"bv:0405","黒槍","composed_of","bv:0201","リアルロングフィン","source:https://hinsyu-zukan.satumano-medakayasan.com/page/13/","strain.tsv:170"
"bv:0406","阿形","composed_of","bv:0014","ブラック","source:https://hinsyu-zukan.satumano-medakayasan.com/page/15/","strain.tsv:171"
"bv:0406","阿形","composed_of","bv:0178","ヒカリ","source:https://hinsyu-zukan.satumano-medakayasan.com/page/15/","strain.tsv:171"
"bv:0406","阿形","composed_of","bv:0196","スワロー","source:https://hinsyu-zukan.satumano-medakayasan.com/page/15/","strain.tsv:171"
"bv:0407","吽形","composed_of","bv:0014","ブラック","source:https://hinsyu-zukan.satumano-medakayasan.com/page/15/","strain.tsv:172"
"bv:0407","吽形","composed_of","bv:0178","ヒカリ","source:https://hinsyu-zukan.satumano-medakayasan.com/page/15/","strain.tsv:172"
"bv:0407","吽形","composed_of","bv:0196","スワロー","source:https://hinsyu-zukan.satumano-medakayasan.com/page/15/","strain.tsv:172"
"bv:0408","妲己","composed_of","bv:0014","ブラック","source:https://hinsyu-zukan.satumano-medakayasan.com/page/15/","strain.tsv:173"
"bv:0408","妲己","composed_of","bv:0178","ヒカリ","source:https://hinsyu-zukan.satumano-medakayasan.com/page/15/","strain.tsv:173"
"bv:0408","妲己","composed_of","bv:0196","スワロー","source:https://hinsyu-zukan.satumano-medakayasan.com/page/15/","strain.tsv:173"
"bv:0409","黄泉","composed_of","bv:0014","ブラック","source:https://hinsyu-zukan.satumano-medakayasan.com/page/9/","strain.tsv:174"
"bv:0409","黄泉","composed_of","","黄~橙 (미등록)","source:https://hinsyu-zukan.satumano-medakayasan.com/page/9/","strain.tsv:174"
"bv:0409","黄泉","composed_of","bv:0194","松井ヒレ長","source:https://hinsyu-zukan.satumano-medakayasan.com/page/9/","strain.tsv:174"
"bv:0409","黄泉","composed_of","bv:0196","スワロー","source:https://hinsyu-zukan.satumano-medakayasan.com/page/9/","strain.tsv:174"
"bv:0410","クムブルー","composed_of","bv:0014","ブラック","source:https://hinsyu-zukan.satumano-medakayasan.com/page/9/","strain.tsv:175"
"bv:0410","クムブルー","composed_of","bv:0251","ブルーアイ","source:https://hinsyu-zukan.satumano-medakayasan.com/page/9/","strain.tsv:175"
"bv:0410","クムブルー","composed_of","bv:0239","スモールアイ","source:https://hinsyu-zukan.satumano-medakayasan.com/page/9/","strain.tsv:175"
"bv:0411","悪魔","composed_of","bv:0014","ブラック","source:https://hinsyu-zukan.satumano-medakayasan.com/page/12/","strain.tsv:176"
"bv:0411","悪魔","composed_of","bv:0239","スモールアイ","source:https://hinsyu-zukan.satumano-medakayasan.com/page/12/","strain.tsv:176"
"bv:0412","黑天幻龍","composed_of","bv:0014","ブラック","source:https://hinsyu-zukan.satumano-medakayasan.com/page/14/","strain.tsv:177"
"bv:0412","黑天幻龍","composed_of","bv:0239","スモールアイ","source:https://hinsyu-zukan.satumano-medakayasan.com/page/14/","strain.tsv:177"
"bv:0412","黑天幻龍","composed_of","bv:0251","ブルーアイ","source:https://hinsyu-zukan.satumano-medakayasan.com/page/14/","strain.tsv:177"
"bv:0413","エヴァ","composed_of","bv:0014","ブラック","source:https://hinsyu-zukan.satumano-medakayasan.com/page/2/","strain.tsv:178"
"bv:0413","エヴァ","composed_of","bv:0062","ラメ","source:https://hinsyu-zukan.satumano-medakayasan.com/page/2/","strain.tsv:178"
"bv:0413","エヴァ","composed_of","bv:0251","ブルーアイ","source:https://hinsyu-zukan.satumano-medakayasan.com/page/2/","strain.tsv:178"
"bv:0244","ポニョ","composed_of","bv:0234","出目","source:https://hinsyu-zukan.satumano-medakayasan.com/page/3/","strain.tsv:179"
"bv:0244","ポニョ","composed_of","bv:0235","目前","source:https://hinsyu-zukan.satumano-medakayasan.com/page/3/","strain.tsv:179"
"bv:0414","魔王","composed_of","","黒(紫) (미등록)","source:https://hinsyu-zukan.satumano-medakayasan.com/page/9/","strain.tsv:180"
"bv:0414","魔王","composed_of","bv:0178","ヒカリ","source:https://hinsyu-zukan.satumano-medakayasan.com/page/9/","strain.tsv:180"
"bv:0414","魔王","composed_of","","虹色光彩 (미등록)","source:https://hinsyu-zukan.satumano-medakayasan.com/page/9/","strain.tsv:180"
"bv:0415","魔王・改","composed_of","bv:0414","魔王","source:https://hinsyu-zukan.satumano-medakayasan.com/page/9/","strain.tsv:181"
"bv:0415","魔王・改","composed_of","bv:0062","ラメ","source:https://hinsyu-zukan.satumano-medakayasan.com/page/9/","strain.tsv:181"
"bv:0416","宝鱗無双","composed_of","","虹色光彩 (미등록)","source:https://hinsyu-zukan.satumano-medakayasan.com/page/9/","strain.tsv:182"
"bv:0106","螺鈿光","composed_of","bv:0006","白","source:https://hinsyu-zukan.satumano-medakayasan.com/page/9/","strain.tsv:183"
"bv:0106","螺鈿光","composed_of","bv:0074","体外光","source:https://hinsyu-zukan.satumano-medakayasan.com/page/9/","strain.tsv:183"
"bv:0417","群青","composed_of","bv:0106","螺鈿光","source:https://hinsyu-zukan.satumano-medakayasan.com/page/14/","strain.tsv:184"
"bv:0418","しずく","composed_of","bv:0098","腹膜光","source:https://hinsyu-zukan.satumano-medakayasan.com/page/14/","strain.tsv:185"
"bv:0418","しずく","composed_of","bv:0074","体外光","source:https://hinsyu-zukan.satumano-medakayasan.com/page/14/","strain.tsv:185"
"bv:0162","緑光","composed_of","","緑 (미등록)","source:https://jma-medaka.com/wp-content/uploads/2022/08/250901_【公式】品種分類マニュアル_第５版.pdf","strain.tsv:186"
"bv:0419","クロコダイル","composed_of","bv:0162","緑光","source:https://hinsyu-zukan.satumano-medakayasan.com/page/3/","strain.tsv:187"
"bv:0419","クロコダイル","composed_of","bv:0193","ヒレ長","source:https://hinsyu-zukan.satumano-medakayasan.com/page/3/","strain.tsv:187"
"bv:0420","サボテン","composed_of","","緑 (미등록)","source:https://hinsyu-zukan.satumano-medakayasan.com/page/14/","strain.tsv:188"
"bv:0420","サボテン","composed_of","bv:0074","体外光","source:https://hinsyu-zukan.satumano-medakayasan.com/page/14/","strain.tsv:188"
"bv:0420","サボテン","composed_of","bv:0062","ラメ","source:https://hinsyu-zukan.satumano-medakayasan.com/page/14/","strain.tsv:188"
"bv:0421","サボラメ","composed_of","bv:0052","オーロラ","source:https://hinsyu-zukan.satumano-medakayasan.com/page/3/","strain.tsv:189"
"bv:0421","サボラメ","composed_of","bv:0062","ラメ","source:https://hinsyu-zukan.satumano-medakayasan.com/page/3/","strain.tsv:189"
"bv:0422","ネプチューン","composed_of","bv:0009","青","source:https://hinsyu-zukan.satumano-medakayasan.com/page/10/","strain.tsv:190"
"bv:0422","ネプチューン","composed_of","bv:0062","ラメ","source:https://hinsyu-zukan.satumano-medakayasan.com/page/10/","strain.tsv:190"
"bv:0423","ブルームーン","composed_of","bv:0014","ブラック","source:https://hinsyu-zukan.satumano-medakayasan.com/page/11/","strain.tsv:191"
"bv:0423","ブルームーン","composed_of","bv:0065","ラメ（青）","source:https://hinsyu-zukan.satumano-medakayasan.com/page/11/","strain.tsv:191"
"bv:0424","プロメテウス","composed_of","bv:0178","ヒカリ","source:https://hinsyu-zukan.satumano-medakayasan.com/page/11/","strain.tsv:192"
"bv:0424","プロメテウス","composed_of","bv:0062","ラメ","source:https://hinsyu-zukan.satumano-medakayasan.com/page/11/","strain.tsv:192"
"bv:0425","スズラン","composed_of","bv:0006","白","source:https://hinsyu-zukan.satumano-medakayasan.com/page/11/","strain.tsv:193"
"bv:0425","スズラン","composed_of","bv:0062","ラメ","source:https://hinsyu-zukan.satumano-medakayasan.com/page/11/","strain.tsv:193"
"bv:0425","スズラン","composed_of","","緑(口先) (미등록)","source:https://hinsyu-zukan.satumano-medakayasan.com/page/11/","strain.tsv:193"
"bv:0426","ゴブリン","composed_of","","シルバー (미등록)","source:https://hinsyu-zukan.satumano-medakayasan.com/page/11/","strain.tsv:194"
"bv:0426","ゴブリン","composed_of","bv:0178","ヒカリ","source:https://hinsyu-zukan.satumano-medakayasan.com/page/11/","strain.tsv:194"
"bv:0426","ゴブリン","composed_of","bv:0062","ラメ","source:https://hinsyu-zukan.satumano-medakayasan.com/page/11/","strain.tsv:194"
"bv:0427","レックウザ","composed_of","","メタリック (미등록)","source:https://hinsyu-zukan.satumano-medakayasan.com/page/3/","strain.tsv:195"
"bv:0427","レックウザ","composed_of","bv:0062","ラメ","source:https://hinsyu-zukan.satumano-medakayasan.com/page/3/","strain.tsv:195"
"bv:0428","天界","composed_of","bv:0003","黄","source:https://hinsyu-zukan.satumano-medakayasan.com/page/17/","strain.tsv:196"
"bv:0428","天界","composed_of","bv:0065","ラメ（青）","source:https://hinsyu-zukan.satumano-medakayasan.com/page/17/","strain.tsv:196"
"bv:0429","サンシャイン","composed_of","","オレンジ~黄金 (미등록)","source:https://hinsyu-zukan.satumano-medakayasan.com/page/7/","strain.tsv:197"
"bv:0429","サンシャイン","composed_of","bv:0064","ラメ（多色）","source:https://hinsyu-zukan.satumano-medakayasan.com/page/7/","strain.tsv:197"
"bv:0430","フェザーライト","composed_of","bv:0199","ロングフィン","source:https://hinsyu-zukan.satumano-medakayasan.com/page/2/","strain.tsv:198"
"bv:0430","フェザーライト","composed_of","bv:0062","ラメ","source:https://hinsyu-zukan.satumano-medakayasan.com/page/2/","strain.tsv:198"
"bv:0435","クリアブラウン","composed_of","","飴色 (미등록)","source:https://hinsyu-zukan.satumano-medakayasan.com/","strain.tsv:204"
"bv:0436","ブラックタイド・ゼブラ","composed_of","","縞 (미등록)","source:https://hinsyu-zukan.satumano-medakayasan.com/","strain.tsv:205"
"bv:0437","紫延","composed_of","","紫 (미등록)","source:https://hinsyu-zukan.satumano-medakayasan.com/page/2/","strain.tsv:206"
"bv:0437","紫延","composed_of","bv:0178","ヒカリ","source:https://hinsyu-zukan.satumano-medakayasan.com/page/2/","strain.tsv:206"
"bv:0437","紫延","composed_of","bv:0193","ヒレ長","source:https://hinsyu-zukan.satumano-medakayasan.com/page/2/","strain.tsv:206"
"bv:0438","ブリザード","composed_of","bv:0062","ラメ","source:https://hinsyu-zukan.satumano-medakayasan.com/page/2/","strain.tsv:207"
"bv:0174","ラメ王","composed_of","bv:0062","ラメ","source:https://hinsyu-zukan.satumano-medakayasan.com/page/13/","strain.tsv:208"
"bv:0439","ヒミツヘイキ","composed_of","bv:0062","ラメ","source:https://hinsyu-zukan.satumano-medakayasan.com/page/11/","strain.tsv:209"
"bv:0439","ヒミツヘイキ","same_as","","ラメ王改 (미등록)","source:https://hinsyu-zukan.satumano-medakayasan.com/page/11/","strain.tsv:209"
"bv:0440","シンヘイキ","composed_of","bv:0439","ヒミツヘイキ","source:https://hinsyu-zukan.satumano-medakayasan.com/page/11/","strain.tsv:210"
"bv:0440","シンヘイキ","composed_of","bv:0194","松井ヒレ長","source:https://hinsyu-zukan.satumano-medakayasan.com/page/11/","strain.tsv:210"
"bv:0441","サイシュウヘイキ","composed_of","bv:0052","オーロラ","source:https://hinsyu-zukan.satumano-medakayasan.com/page/4/","strain.tsv:211"
"bv:0441","サイシュウヘイキ","composed_of","bv:0064","ラメ（多色）","source:https://hinsyu-zukan.satumano-medakayasan.com/page/4/","strain.tsv:211"
"bv:0442","ピッコロ","composed_of","bv:0062","ラメ","source:https://hinsyu-zukan.satumano-medakayasan.com/page/2/","strain.tsv:212"
"bv:0442","ピッコロ","composed_of","bv:0183","ダルマ","source:https://hinsyu-zukan.satumano-medakayasan.com/page/2/","strain.tsv:212"
"bv:0443","ゾンクレヘイキ","composed_of","bv:0062","ラメ","source:https://hinsyu-zukan.satumano-medakayasan.com/page/2/","strain.tsv:213"
"bv:0443","ゾンクレヘイキ","composed_of","bv:0176","普通体型","source:https://hinsyu-zukan.satumano-medakayasan.com/page/2/","strain.tsv:213"
"bv:0445","ダイアナ","composed_of","bv:0124","紅白","source:https://hinsyu-zukan.satumano-medakayasan.com/page/5/","strain.tsv:215"
"bv:0445","ダイアナ","composed_of","bv:0074","体外光","source:https://hinsyu-zukan.satumano-medakayasan.com/page/5/","strain.tsv:215"
"bv:0445","ダイアナ","composed_of","bv:0087","鱗光","source:https://hinsyu-zukan.satumano-medakayasan.com/page/5/","strain.tsv:215"
"bv:0446","ダイアナ妃リアルロングフィン","composed_of","bv:0124","紅白","source:https://hinsyu-zukan.satumano-medakayasan.com/page/4/","strain.tsv:216"
"bv:0446","ダイアナ妃リアルロングフィン","composed_of","bv:0074","体外光","source:https://hinsyu-zukan.satumano-medakayasan.com/page/4/","strain.tsv:216"
"bv:0446","ダイアナ妃リアルロングフィン","composed_of","bv:0087","鱗光","source:https://hinsyu-zukan.satumano-medakayasan.com/page/4/","strain.tsv:216"
"bv:0446","ダイアナ妃リアルロングフィン","composed_of","bv:0201","リアルロングフィン","source:https://hinsyu-zukan.satumano-medakayasan.com/page/4/","strain.tsv:216"
"bv:0447","墨狼","composed_of","bv:0439","ヒミツヘイキ","source:https://piscesbook.com/archives/category/newinfomation/medaka-zukan","strain.tsv:217"
"bv:0448","ブラックジュエリー","composed_of","bv:0014","ブラック","source:https://hinsyu-zukan.satumano-medakayasan.com/page/11/","strain.tsv:218"
"bv:0448","ブラックジュエリー","composed_of","bv:0062","ラメ","source:https://hinsyu-zukan.satumano-medakayasan.com/page/11/","strain.tsv:218"
"bv:0448","ブラックジュエリー","composed_of","bv:0193","ヒレ長","source:https://hinsyu-zukan.satumano-medakayasan.com/page/11/","strain.tsv:218"
"bv:0448","ブラックジュエリー","same_as","","ピンチャン (미등록)","source:https://hinsyu-zukan.satumano-medakayasan.com/page/11/","strain.tsv:218"
"bv:0449","エンペラー","composed_of","bv:0124","紅白","source:https://hinsyu-zukan.satumano-medakayasan.com/page/11/","strain.tsv:219"
"bv:0449","エンペラー","composed_of","bv:0074","体外光","source:https://hinsyu-zukan.satumano-medakayasan.com/page/11/","strain.tsv:219"
"bv:0449","エンペラー","composed_of","bv:0100","ヒレ光","source:https://hinsyu-zukan.satumano-medakayasan.com/page/11/","strain.tsv:219"
"bv:0449","エンペラー","composed_of","bv:0199","ロングフィン","source:https://hinsyu-zukan.satumano-medakayasan.com/page/11/","strain.tsv:219"
"bv:0450","スペード","composed_of","","シルバー (미등록)","source:https://hinsyu-zukan.satumano-medakayasan.com/page/5/","strain.tsv:220"
"bv:0450","スペード","composed_of","bv:0062","ラメ","source:https://hinsyu-zukan.satumano-medakayasan.com/page/5/","strain.tsv:220"
"bv:0450","スペード","composed_of","bv:0178","ヒカリ","source:https://hinsyu-zukan.satumano-medakayasan.com/page/5/","strain.tsv:220"
"bv:0450","スペード","composed_of","bv:0199","ロングフィン","source:https://hinsyu-zukan.satumano-medakayasan.com/page/5/","strain.tsv:220"
"bv:0450","スペード","composed_of","bv:0196","スワロー","source:https://hinsyu-zukan.satumano-medakayasan.com/page/5/","strain.tsv:220"
"bv:0451","シンデレラガール","composed_of","bv:0196","スワロー","source:https://piscesbook.com/archives/category/newinfomation/medaka-zukan","strain.tsv:221"
"bv:0451","シンデレラガール","composed_of","bv:0199","ロングフィン","source:https://piscesbook.com/archives/category/newinfomation/medaka-zukan","strain.tsv:221"
"bv:0452","みかん","composed_of","bv:0019","オレンジ","source:https://hinsyu-zukan.satumano-medakayasan.com/page/16/","strain.tsv:222"
"bv:0452","みかん","composed_of","bv:0062","ラメ","source:https://hinsyu-zukan.satumano-medakayasan.com/page/16/","strain.tsv:222"
"bv:0453","月下美人","composed_of","bv:0019","オレンジ","source:https://hinsyu-zukan.satumano-medakayasan.com/page/12/","strain.tsv:223"
"bv:0453","月下美人","composed_of","bv:0178","ヒカリ","source:https://hinsyu-zukan.satumano-medakayasan.com/page/12/","strain.tsv:223"
"bv:0453","月下美人","composed_of","bv:0062","ラメ","source:https://hinsyu-zukan.satumano-medakayasan.com/page/12/","strain.tsv:223"
"bv:0454","月神","composed_of","bv:0003","黄","source:https://hinsyu-zukan.satumano-medakayasan.com/page/7/","strain.tsv:224"
"bv:0454","月神","composed_of","bv:0128","三色","source:https://hinsyu-zukan.satumano-medakayasan.com/page/7/","strain.tsv:224"
"bv:0454","月神","composed_of","bv:0062","ラメ","source:https://hinsyu-zukan.satumano-medakayasan.com/page/7/","strain.tsv:224"
"bv:0454","月神","composed_of","bv:0074","体外光","source:https://hinsyu-zukan.satumano-medakayasan.com/page/7/","strain.tsv:224"
"bv:0455","天帝","composed_of","bv:0006","白","source:https://hinsyu-zukan.satumano-medakayasan.com/page/7/","strain.tsv:225"
"bv:0455","天帝","composed_of","bv:0003","黄","source:https://hinsyu-zukan.satumano-medakayasan.com/page/7/","strain.tsv:225"
"bv:0455","天帝","composed_of","bv:0074","体外光","source:https://hinsyu-zukan.satumano-medakayasan.com/page/7/","strain.tsv:225"
"bv:0455","天帝","composed_of","bv:0062","ラメ","source:https://hinsyu-zukan.satumano-medakayasan.com/page/7/","strain.tsv:225"
"bv:0456","赫灼","composed_of","bv:0014","ブラック","source:https://hinsyu-zukan.satumano-medakayasan.com/page/7/","strain.tsv:226"
"bv:0456","赫灼","composed_of","bv:0064","ラメ（多色）","source:https://hinsyu-zukan.satumano-medakayasan.com/page/7/","strain.tsv:226"
"bv:0457","明けの明星","composed_of","bv:0052","オーロラ","source:https://hinsyu-zukan.satumano-medakayasan.com/page/16/","strain.tsv:227"
"bv:0457","明けの明星","composed_of","bv:0128","三色","source:https://hinsyu-zukan.satumano-medakayasan.com/page/16/","strain.tsv:227"
"bv:0457","明けの明星","composed_of","bv:0062","ラメ","source:https://hinsyu-zukan.satumano-medakayasan.com/page/16/","strain.tsv:227"
"bv:0457","明けの明星","composed_of","bv:0194","松井ヒレ長","source:https://hinsyu-zukan.satumano-medakayasan.com/page/16/","strain.tsv:227"
"bv:0459","忘却の翼","composed_of","bv:0062","ラメ","source:https://hinsyu-zukan.satumano-medakayasan.com/page/20/","strain.tsv:229"
"bv:0460","レクリス","composed_of","","金色 (미등록)","source:https://hinsyu-zukan.satumano-medakayasan.com/page/18/","strain.tsv:230"
"bv:0460","レクリス","composed_of","bv:0193","ヒレ長","source:https://hinsyu-zukan.satumano-medakayasan.com/page/18/","strain.tsv:230"
"bv:0460","レクリス","composed_of","bv:0062","ラメ","source:https://hinsyu-zukan.satumano-medakayasan.com/page/18/","strain.tsv:230"
"bv:0461","アイスブレイク","composed_of","bv:0065","ラメ（青）","source:https://hinsyu-zukan.satumano-medakayasan.com/page/18/","strain.tsv:231"
"bv:0461","アイスブレイク","composed_of","bv:0052","オーロラ","source:https://hinsyu-zukan.satumano-medakayasan.com/page/18/","strain.tsv:231"
"bv:0461","アイスブレイク","composed_of","bv:0178","ヒカリ","source:https://hinsyu-zukan.satumano-medakayasan.com/page/18/","strain.tsv:231"
"bv:0462","久遠七星","composed_of","bv:0019","オレンジ","source:https://hinsyu-zukan.satumano-medakayasan.com/page/14/","strain.tsv:232"
"bv:0462","久遠七星","composed_of","bv:0178","ヒカリ","source:https://hinsyu-zukan.satumano-medakayasan.com/page/14/","strain.tsv:232"
"bv:0462","久遠七星","composed_of","bv:0062","ラメ","source:https://hinsyu-zukan.satumano-medakayasan.com/page/14/","strain.tsv:232"
"bv:0463","蒼煌","composed_of","","黄~柿色(頭) (미등록)","source:https://hinsyu-zukan.satumano-medakayasan.com/page/9/","strain.tsv:233"
"bv:0463","蒼煌","composed_of","bv:0065","ラメ（青）","source:https://hinsyu-zukan.satumano-medakayasan.com/page/9/","strain.tsv:233"
"bv:0464","宮桜","composed_of","bv:0014","ブラック","source:https://hinsyu-zukan.satumano-medakayasan.com/page/16/","strain.tsv:234"
"bv:0464","宮桜","composed_of","","朱赤~柿色 (미등록)","source:https://hinsyu-zukan.satumano-medakayasan.com/page/16/","strain.tsv:234"
"bv:0464","宮桜","composed_of","bv:0065","ラメ（青）","source:https://hinsyu-zukan.satumano-medakayasan.com/page/16/","strain.tsv:234"
"bv:0465","紅華","composed_of","bv:0018","朱赤","source:https://hinsyu-zukan.satumano-medakayasan.com/page/5/","strain.tsv:235"
"bv:0465","紅華","composed_of","bv:0062","ラメ","source:https://hinsyu-zukan.satumano-medakayasan.com/page/5/","strain.tsv:235"
"bv:0466","狼牙","composed_of","","シルバー (미등록)","source:https://hinsyu-zukan.satumano-medakayasan.com/page/5/","strain.tsv:236"
"bv:0466","狼牙","composed_of","bv:0062","ラメ","source:https://hinsyu-zukan.satumano-medakayasan.com/page/5/","strain.tsv:236"
"bv:0467","シャンパンゴールドラメ","composed_of","","金色 (미등록)","source:https://hinsyu-zukan.satumano-medakayasan.com/page/5/","strain.tsv:237"
"bv:0467","シャンパンゴールドラメ","composed_of","bv:0062","ラメ","source:https://hinsyu-zukan.satumano-medakayasan.com/page/5/","strain.tsv:237"
"bv:0468","サバの極み","composed_of","","黒(腹) (미등록)","source:https://hinsyu-zukan.satumano-medakayasan.com/page/20/","strain.tsv:238"
"bv:0468","サバの極み","composed_of","bv:0079","体外光（青）","source:https://hinsyu-zukan.satumano-medakayasan.com/page/20/","strain.tsv:238"
"bv:0468","サバの極み","same_as","","サバ (미등록)","source:https://hinsyu-zukan.satumano-medakayasan.com/page/20/","strain.tsv:238"
"bv:0469","メタリカ","composed_of","bv:0102","側面光","source:https://hinsyu-zukan.satumano-medakayasan.com/page/3/","strain.tsv:239"
"bv:0470","アグリアス","composed_of","bv:0018","朱赤","source:https://hinsyu-zukan.satumano-medakayasan.com/page/8/","strain.tsv:240"
"bv:0470","アグリアス","composed_of","bv:0065","ラメ（青）","source:https://hinsyu-zukan.satumano-medakayasan.com/page/8/","strain.tsv:240"
"bv:0473","改志","composed_of","","ヒレ黄 (미등록)","source:https://hinsyu-zukan.satumano-medakayasan.com/page/17/","strain.tsv:243"
"bv:0474","黒竜覇改","composed_of","","カイジ (미등록)","source:https://piscesbook.com/archives/category/newinfomation/medaka-zukan","strain.tsv:244"
"bv:0474","黒竜覇改","composed_of","","黒菊リアルロングフィン (미등록)","source:https://piscesbook.com/archives/category/newinfomation/medaka-zukan","strain.tsv:244"
"bv:0474","黒竜覇改","composed_of","","オロチ北辻ヒレロングブルーアイ (미등록)","source:https://piscesbook.com/archives/category/newinfomation/medaka-zukan","strain.tsv:244"
"bv:0475","ふ～は～","composed_of","","大和紅帝風雅 (미등록)","source:https://hinsyu-zukan.satumano-medakayasan.com/page/17/","strain.tsv:245"
"bv:0476","アルテミス","composed_of","","赤茶 (미등록)","source:https://hinsyu-zukan.satumano-medakayasan.com/page/17/","strain.tsv:246"
"bv:0476","アルテミス","composed_of","bv:0566","亜種","source:https://hinsyu-zukan.satumano-medakayasan.com/page/17/","strain.tsv:246"
"bv:0476","アルテミス","composed_of","bv:0100","ヒレ光","source:https://hinsyu-zukan.satumano-medakayasan.com/page/17/","strain.tsv:246"
"bv:0477","ディーバ","composed_of","bv:0566","亜種","source:https://hinsyu-zukan.satumano-medakayasan.com/page/12/","strain.tsv:247"
"bv:0478","グランブルー","composed_of","bv:0566","亜種","source:https://hinsyu-zukan.satumano-medakayasan.com/page/12/","strain.tsv:248"
"bv:0478","グランブルー","composed_of","","尾ビレ大 (미등록)","source:https://hinsyu-zukan.satumano-medakayasan.com/page/12/","strain.tsv:248"
"bv:0479","グラディオ","composed_of","bv:0216","モルフォ","source:https://hinsyu-zukan.satumano-medakayasan.com/page/12/","strain.tsv:249"
"bv:0480","デーンモルフォ","composed_of","bv:0018","朱赤","source:https://hinsyu-zukan.satumano-medakayasan.com/page/13/","strain.tsv:250"
"bv:0480","デーンモルフォ","composed_of","bv:0124","紅白","source:https://hinsyu-zukan.satumano-medakayasan.com/page/13/","strain.tsv:250"
"bv:0480","デーンモルフォ","composed_of","bv:0216","モルフォ","source:https://hinsyu-zukan.satumano-medakayasan.com/page/13/","strain.tsv:250"
"bv:0481","レーヴ","composed_of","bv:0074","体外光","source:https://hinsyu-zukan.satumano-medakayasan.com/page/16/","strain.tsv:251"
"bv:0481","レーヴ","composed_of","bv:0100","ヒレ光","source:https://hinsyu-zukan.satumano-medakayasan.com/page/16/","strain.tsv:251"
"bv:0481","レーヴ","composed_of","bv:0199","ロングフィン","source:https://hinsyu-zukan.satumano-medakayasan.com/page/16/","strain.tsv:251"
"bv:0481","レーヴ","composed_of","bv:0301","モルフォ亜種","source:https://hinsyu-zukan.satumano-medakayasan.com/page/16/","strain.tsv:251"
"bv:0482","コブラ","composed_of","","フレーミングラメ (미등록)","source:https://hinsyu-zukan.satumano-medakayasan.com/page/12/","strain.tsv:252"
"bv:0482","コブラ","composed_of","bv:0128","三色","source:https://hinsyu-zukan.satumano-medakayasan.com/page/12/","strain.tsv:252"
"bv:0482","コブラ","composed_of","bv:0074","体外光","source:https://hinsyu-zukan.satumano-medakayasan.com/page/12/","strain.tsv:252"
"bv:0483","キングコブラ","composed_of","bv:0482","コブラ","source:https://www.gex-fp.co.jp/fish/breed_cat/medaka_catalog/","strain.tsv:253"
"bv:0483","キングコブラ","composed_of","bv:0201","リアルロングフィン","source:https://www.gex-fp.co.jp/fish/breed_cat/medaka_catalog/","strain.tsv:253"
"bv:0484","ゴジラ","composed_of","bv:0014","ブラック","source:https://hinsyu-zukan.satumano-medakayasan.com/page/4/","strain.tsv:254"
"bv:0484","ゴジラ","composed_of","bv:0074","体外光","source:https://hinsyu-zukan.satumano-medakayasan.com/page/4/","strain.tsv:254"
"bv:0485","エンゼル","composed_of","bv:0074","体外光","source:https://hinsyu-zukan.satumano-medakayasan.com/page/4/","strain.tsv:255"
"bv:0485","エンゼル","composed_of","bv:0100","ヒレ光","source:https://hinsyu-zukan.satumano-medakayasan.com/page/4/","strain.tsv:255"
"bv:0485","エンゼル","composed_of","bv:0199","ロングフィン","source:https://hinsyu-zukan.satumano-medakayasan.com/page/4/","strain.tsv:255"
"bv:0485","エンゼル","composed_of","bv:0183","ダルマ","source:https://hinsyu-zukan.satumano-medakayasan.com/page/4/","strain.tsv:255"
"bv:0486","あわび","composed_of","bv:0064","ラメ（多色）","source:https://hinsyu-zukan.satumano-medakayasan.com/page/18/","strain.tsv:256"
"bv:0486","あわび","composed_of","bv:0118","斑","source:https://hinsyu-zukan.satumano-medakayasan.com/page/18/","strain.tsv:256"
"bv:0487","灰桜","composed_of","bv:0020","ピンク","source:https://hinsyu-zukan.satumano-medakayasan.com/page/19/","strain.tsv:257"
"bv:0488","パーティードレス","composed_of","bv:0178","ヒカリ","source:https://hinsyu-zukan.satumano-medakayasan.com/page/14/","strain.tsv:258"
"bv:0488","パーティードレス","composed_of","bv:0193","ヒレ長","source:https://hinsyu-zukan.satumano-medakayasan.com/page/14/","strain.tsv:258"
"bv:0489","ラムネブルー","composed_of","bv:0074","体外光","source:https://hinsyu-zukan.satumano-medakayasan.com/page/14/","strain.tsv:259"
"bv:0489","ラムネブルー","composed_of","bv:0199","ロングフィン","source:https://hinsyu-zukan.satumano-medakayasan.com/page/14/","strain.tsv:259"
"bv:0490","イカ墨","composed_of","bv:0014","ブラック","source:https://hinsyu-zukan.satumano-medakayasan.com/page/11/","strain.tsv:260"
"bv:0490","イカ墨","composed_of","bv:0204","キッシングワイドフィン","source:https://hinsyu-zukan.satumano-medakayasan.com/page/11/","strain.tsv:260"
"bv:0490","イカ墨","composed_of","bv:0074","体外光","source:https://hinsyu-zukan.satumano-medakayasan.com/page/11/","strain.tsv:260"
"bv:0490","イカ墨","composed_of","bv:0062","ラメ","source:https://hinsyu-zukan.satumano-medakayasan.com/page/11/","strain.tsv:260"
"bv:0492","墨ノ不","composed_of","","天雷 (미등록)","source:https://piscesbook.com/archives/category/newinfomation/medaka-zukan","strain.tsv:262"
"bv:0492","墨ノ不","composed_of","","シーエラゴ (미등록)","source:https://piscesbook.com/archives/category/newinfomation/medaka-zukan","strain.tsv:262"
"bv:0494","WI-01","composed_of","bv:0128","三色","source:https://hinsyu-zukan.satumano-medakayasan.com/page/3/","strain.tsv:264"
"bv:0494","WI-01","composed_of","bv:0062","ラメ","source:https://hinsyu-zukan.satumano-medakayasan.com/page/3/","strain.tsv:264"
"bv:0494","WI-01","composed_of","bv:0075","幹之","source:https://hinsyu-zukan.satumano-medakayasan.com/page/3/","strain.tsv:264"
"bv:0494","WI-01","composed_of","bv:0074","体外光","source:https://hinsyu-zukan.satumano-medakayasan.com/page/3/","strain.tsv:264"
"bv:0495","LU-04","composed_of","bv:0128","三色","source:https://hinsyu-zukan.satumano-medakayasan.com/page/3/","strain.tsv:265"
"bv:0495","LU-04","composed_of","bv:0062","ラメ","source:https://hinsyu-zukan.satumano-medakayasan.com/page/3/","strain.tsv:265"
"bv:0495","LU-04","composed_of","bv:0074","体外光","source:https://hinsyu-zukan.satumano-medakayasan.com/page/3/","strain.tsv:265"
"bv:0496","MS-06","composed_of","bv:0301","モルフォ亜種","source:https://hinsyu-zukan.satumano-medakayasan.com/page/3/","strain.tsv:266"
"bv:0497","黒翼黄昏","composed_of","","黒翼 (미등록)","source:https://piscesbook.com/archives/category/newinfomation/medaka-zukan","strain.tsv:267"
"bv:0497","黒翼黄昏","composed_of","","五式type-R (미등록)","source:https://piscesbook.com/archives/category/newinfomation/medaka-zukan","strain.tsv:267"
"bv:0498","宝珠","composed_of","","スパークルサン (미등록)","source:https://piscesbook.com/archives/category/newinfomation/medaka-zukan","strain.tsv:268"
"bv:0498","宝珠","composed_of","","金箔和墨 (미등록)","source:https://piscesbook.com/archives/category/newinfomation/medaka-zukan","strain.tsv:268"
"bv:0498","宝珠","composed_of","bv:0196","スワロー","source:https://piscesbook.com/archives/category/newinfomation/medaka-zukan","strain.tsv:268"
"bv:0500","イリディセント","composed_of","","プラチナ幹之 (미등록)","source:https://piscesbook.com/archives/category/newinfomation/medaka-zukan","strain.tsv:270"
"bv:0500","イリディセント","composed_of","bv:0201","リアルロングフィン","source:https://piscesbook.com/archives/category/newinfomation/medaka-zukan","strain.tsv:270"
"bv:0501","白鯨","composed_of","bv:0193","ヒレ長","source:https://www.gex-fp.co.jp/fish/breed_cat/medaka_catalog/","strain.tsv:271"
"bv:0501","白鯨","composed_of","bv:0118","斑","source:https://www.gex-fp.co.jp/fish/breed_cat/medaka_catalog/","strain.tsv:271"
"bv:0502","柿右衛門","composed_of","bv:0193","ヒレ長","source:https://www.gex-fp.co.jp/fish/breed_cat/medaka_catalog/","strain.tsv:272"
"bv:0502","柿右衛門","composed_of","bv:0128","三色","source:https://www.gex-fp.co.jp/fish/breed_cat/medaka_catalog/","strain.tsv:272"
"bv:0503","輪夢","composed_of","bv:0014","ブラック","source:https://www.gex-fp.co.jp/fish/breed_cat/medaka_catalog/","strain.tsv:273"
"bv:0503","輪夢","composed_of","","赤 (미등록)","source:https://www.gex-fp.co.jp/fish/breed_cat/medaka_catalog/","strain.tsv:273"
"bv:0504","輪夢白黒タイプ","composed_of","bv:0503","輪夢","source:https://www.gex-fp.co.jp/fish/breed_cat/medaka_catalog/","strain.tsv:274"
"bv:0504","輪夢白黒タイプ","composed_of","bv:0006","白","source:https://www.gex-fp.co.jp/fish/breed_cat/medaka_catalog/","strain.tsv:274"
"bv:0504","輪夢白黒タイプ","composed_of","bv:0014","ブラック","source:https://www.gex-fp.co.jp/fish/breed_cat/medaka_catalog/","strain.tsv:274"
"bv:0505","彩ノ輝","composed_of","bv:0003","黄","source:https://www.gex-fp.co.jp/fish/breed_cat/medaka_catalog/","strain.tsv:275"
"bv:0505","彩ノ輝","composed_of","bv:0079","体外光（青）","source:https://www.gex-fp.co.jp/fish/breed_cat/medaka_catalog/","strain.tsv:275"
"bv:0506","阿修羅","composed_of","bv:0193","ヒレ長","source:https://www.gex-fp.co.jp/fish/breed_cat/medaka_catalog/","strain.tsv:276"
"bv:0506","阿修羅","composed_of","bv:0545","머메이드 펄","source:https://www.gex-fp.co.jp/fish/breed_cat/medaka_catalog/","strain.tsv:276"
"bv:0507","花伝","composed_of","bv:0019","オレンジ","source:https://www.gex-fp.co.jp/fish/breed_cat/medaka_catalog/","strain.tsv:277"
"bv:0508","アポロ","composed_of","bv:0014","ブラック","source:https://www.gex-fp.co.jp/fish/breed_cat/medaka_catalog/","strain.tsv:278"
"bv:0508","アポロ","composed_of","bv:0064","ラメ（多色）","source:https://www.gex-fp.co.jp/fish/breed_cat/medaka_catalog/","strain.tsv:278"
"bv:0509","ラパス","composed_of","bv:0074","体外光","source:https://www.hime-medaka.com/medakanohinsyu/","strain.tsv:279"
"bv:0509","ラパス","composed_of","bv:0062","ラメ","source:https://www.hime-medaka.com/medakanohinsyu/","strain.tsv:279"
"bv:0510","王媛","composed_of","bv:0509","ラパス","source:https://www.hime-medaka.com/medakanohinsyu/","strain.tsv:280"
"bv:0510","王媛","composed_of","bv:0058","アルビノ","source:https://www.hime-medaka.com/medakanohinsyu/","strain.tsv:280"
"bv:0510","王媛","composed_of","","ワイドフィン/ロングフィン (미등록)","source:https://www.hime-medaka.com/medakanohinsyu/","strain.tsv:280"
"bv:0511","エンハンブレ","composed_of","bv:0052","オーロラ","source:https://www.hime-medaka.com/medakanohinsyu/","strain.tsv:281"
"bv:0511","エンハンブレ","composed_of","","黄ラメ (미등록)","source:https://www.hime-medaka.com/medakanohinsyu/","strain.tsv:281"
"bv:0512","ラスター","composed_of","bv:0509","ラパス","source:https://www.hime-medaka.com/medakanohinsyu/","strain.tsv:282"
"bv:0512","ラスター","composed_of","bv:0202","ワイドフィン","source:https://www.hime-medaka.com/medakanohinsyu/","strain.tsv:282"
"bv:0167","ダイヤモンドダスト","composed_of","bv:0006","白","source:https://t-aquagarden.com/column/medaka_variety","strain.tsv:283"
"bv:0167","ダイヤモンドダスト","composed_of","bv:0074","体外光","source:https://t-aquagarden.com/column/medaka_variety","strain.tsv:283"
"bv:0167","ダイヤモンドダスト","composed_of","bv:0062","ラメ","source:https://t-aquagarden.com/column/medaka_variety","strain.tsv:283"
"bv:0140","スーパーブラック","composed_of","bv:0014","ブラック","source:https://t-aquagarden.com/column/medaka_variety","strain.tsv:284"
"bv:0004","ヒメダカ","composed_of","bv:0003","黄","source:https://jma-medaka.com/wp-content/uploads/2022/08/250901_【公式】品種分類マニュアル_第５版.pdf","strain.tsv:285"
"bv:0513","白メダカ","composed_of","bv:0006","白","source:https://jma-medaka.com/wp-content/uploads/2022/08/250901_【公式】品種分類マニュアル_第５版.pdf","strain.tsv:286"
"bv:0514","青メダカ","composed_of","bv:0009","青","source:https://jma-medaka.com/wp-content/uploads/2022/08/250901_【公式】品種分類マニュアル_第５版.pdf","strain.tsv:287"
"bv:0515","茶メダカ","composed_of","bv:0001","茶","source:https://jma-medaka.com/wp-content/uploads/2022/08/250901_【公式】品種分類マニュアル_第５版.pdf","strain.tsv:288"
"bv:0002","黒メダカ","same_as","bv:0515","茶メダカ","source:https://jma-medaka.com/wp-content/uploads/2022/08/250901_【公式】品種分類マニュアル_第５版.pdf","strain.tsv:288; strain.tsv:407"
"bv:0517","カーバンクル","composed_of","bv:0014","ブラック","source:https://themedakaemporium.co.uk/our-medaka","strain.tsv:290"
"bv:0517","カーバンクル","composed_of","bv:0065","ラメ（青）","source:https://themedakaemporium.co.uk/our-medaka","strain.tsv:290"
"bv:0517","カーバンクル","composed_of","","ヒレ黄 (미등록)","source:https://themedakaemporium.co.uk/our-medaka","strain.tsv:290"
"bv:0518","紬","composed_of","bv:0062","ラメ","source:https://themedakaemporium.co.uk/our-medaka","strain.tsv:291"
"bv:0520","はにぽん","composed_of","bv:0014","ブラック","source:https://medakazukan.net/jmaninteinumber/","strain.tsv:293"
"bv:0520","はにぽん","composed_of","bv:0060","パンダ","source:https://medakazukan.net/jmaninteinumber/","strain.tsv:293"
"bv:0520","はにぽん","same_as","","ブラックパンダ (미등록)","source:https://medakazukan.net/jmaninteinumber/","strain.tsv:293"
"bv:0521","瞳","composed_of","bv:0058","アルビノ","source:https://medakazukan.net/jmaninteinumber/","strain.tsv:294"
"bv:0521","瞳","composed_of","bv:0060","パンダ","source:https://medakazukan.net/jmaninteinumber/","strain.tsv:294"
"bv:0521","瞳","same_as","","アルビノパンダ (미등록)","source:https://medakazukan.net/jmaninteinumber/","strain.tsv:294"
"bv:0522","雪舟","composed_of","bv:0006","白","source:https://medakazukan.net/jmaninteinumber/","strain.tsv:295"
"bv:0522","雪舟","composed_of","bv:0119","錦","source:https://medakazukan.net/jmaninteinumber/","strain.tsv:295"
"bv:0522","雪舟","composed_of","bv:0074","体外光","source:https://medakazukan.net/jmaninteinumber/","strain.tsv:295"
"bv:0522","雪舟","same_as","","白錦体外光 (미등록)","source:https://medakazukan.net/jmaninteinumber/","strain.tsv:295"
"bv:0523","鮮紅","composed_of","bv:0009","青","source:https://medakazukan.net/jmaninteinumber/","strain.tsv:296"
"bv:0523","鮮紅","composed_of","bv:0062","ラメ","source:https://medakazukan.net/jmaninteinumber/","strain.tsv:296"
"bv:0523","鮮紅","same_as","","青ラメ (미등록)","source:https://medakazukan.net/jmaninteinumber/","strain.tsv:296"
"bv:0524","星","composed_of","bv:0009","青","source:https://medakazukan.net/jmaninteinumber/","strain.tsv:297"
"bv:0524","星","composed_of","bv:0062","ラメ","source:https://medakazukan.net/jmaninteinumber/","strain.tsv:297"
"bv:0524","星","composed_of","bv:0075","幹之","source:https://medakazukan.net/jmaninteinumber/","strain.tsv:297"
"bv:0524","星","composed_of","bv:0089","体内光","source:https://medakazukan.net/jmaninteinumber/","strain.tsv:297"
"bv:0524","星","same_as","","青ラメ幹之体内光 (미등록)","source:https://medakazukan.net/jmaninteinumber/","strain.tsv:297"
"bv:0525","勾玉","composed_of","bv:0213","背ビレ無し","source:https://medakazukan.net/jmaninteinumber/","strain.tsv:298"
"bv:0525","勾玉","composed_of","bv:0058","アルビノ","source:https://medakazukan.net/jmaninteinumber/","strain.tsv:298"
"bv:0525","勾玉","same_as","","背ビレ無しアルビノ (미등록)","source:https://medakazukan.net/jmaninteinumber/","strain.tsv:298"
"bv:0526","夜空蛍","composed_of","bv:0014","ブラック","source:https://medakazukan.net/jmaninteinumber/","strain.tsv:299"
"bv:0526","夜空蛍","composed_of","bv:0128","三色","source:https://medakazukan.net/jmaninteinumber/","strain.tsv:299"
"bv:0526","夜空蛍","composed_of","bv:0062","ラメ","source:https://medakazukan.net/jmaninteinumber/","strain.tsv:299"
"bv:0526","夜空蛍","same_as","","黒３色ラメ (미등록)","source:https://medakazukan.net/jmaninteinumber/","strain.tsv:299"
"bv:0527","颯太","composed_of","bv:0017","琥珀","source:https://medakazukan.net/jmaninteinumber/","strain.tsv:300"
"bv:0527","颯太","composed_of","bv:0046","透明鱗","source:https://medakazukan.net/jmaninteinumber/","strain.tsv:300"
"bv:0527","颯太","composed_of","bv:0210","菱尾","source:https://medakazukan.net/jmaninteinumber/","strain.tsv:300"
"bv:0527","颯太","same_as","","琥珀透明鱗菱尾 (미등록)","source:https://medakazukan.net/jmaninteinumber/","strain.tsv:300"
"bv:0528","愛心","composed_of","bv:0058","アルビノ","source:https://medakazukan.net/jmaninteinumber/","strain.tsv:301"
"bv:0528","愛心","composed_of","bv:0046","透明鱗","source:https://medakazukan.net/jmaninteinumber/","strain.tsv:301"
"bv:0528","愛心","composed_of","bv:0211","新体型","source:https://medakazukan.net/jmaninteinumber/","strain.tsv:301"
"bv:0528","愛心","same_as","","アルビノ透明鱗新体型 (미등록)","source:https://medakazukan.net/jmaninteinumber/","strain.tsv:301"
"bv:0529","風神","composed_of","bv:0006","白","source:https://medakazukan.net/jmaninteinumber/","strain.tsv:302"
"bv:0529","風神","composed_of","bv:0215","メラー","source:https://medakazukan.net/jmaninteinumber/","strain.tsv:302"
"bv:0529","風神","same_as","","白メラー (미등록)","source:https://medakazukan.net/jmaninteinumber/","strain.tsv:302"
"bv:0530","五郎丸","composed_of","bv:0009","青","source:https://medakazukan.net/jmaninteinumber/","strain.tsv:303"
"bv:0530","五郎丸","composed_of","bv:0235","目前","source:https://medakazukan.net/jmaninteinumber/","strain.tsv:303"
"bv:0530","五郎丸","composed_of","bv:0060","パンダ","source:https://medakazukan.net/jmaninteinumber/","strain.tsv:303"
"bv:0530","五郎丸","same_as","","青目前パンダ (미등록)","source:https://medakazukan.net/jmaninteinumber/","strain.tsv:303"
"bv:0531","雷神","composed_of","bv:0003","黄","source:https://medakazukan.net/jmaninteinumber/","strain.tsv:304"
"bv:0531","雷神","composed_of","bv:0215","メラー","source:https://medakazukan.net/jmaninteinumber/","strain.tsv:304"
"bv:0531","雷神","same_as","","黄メラー (미등록)","source:https://medakazukan.net/jmaninteinumber/","strain.tsv:304"
"bv:0532","美桜","composed_of","bv:0020","ピンク","source:https://medakazukan.net/jmaninteinumber/","strain.tsv:305"
"bv:0532","美桜","composed_of","bv:0235","目前","source:https://medakazukan.net/jmaninteinumber/","strain.tsv:305"
"bv:0532","美桜","same_as","","ピンク目前 (미등록)","source:https://medakazukan.net/jmaninteinumber/","strain.tsv:305"
"bv:0533","謙信","composed_of","bv:0014","ブラック","source:https://medakazukan.net/jmaninteinumber/","strain.tsv:306"
"bv:0533","謙信","composed_of","bv:0196","スワロー","source:https://medakazukan.net/jmaninteinumber/","strain.tsv:306"
"bv:0533","謙信","composed_of","bv:0178","ヒカリ","source:https://medakazukan.net/jmaninteinumber/","strain.tsv:306"
"bv:0533","謙信","same_as","","ブラックスワローヒカリ (미등록)","source:https://medakazukan.net/jmaninteinumber/","strain.tsv:306"
"bv:0534","福星","composed_of","bv:0058","アルビノ","source:https://medakazukan.net/jmaninteinumber/","strain.tsv:307"
"bv:0534","福星","composed_of","bv:0062","ラメ","source:https://medakazukan.net/jmaninteinumber/","strain.tsv:307"
"bv:0534","福星","same_as","","アルビノラメ (미등록)","source:https://medakazukan.net/jmaninteinumber/","strain.tsv:307"
"bv:0535","未来","composed_of","bv:0128","三色","source:https://medakazukan.net/jmaninteinumber/","strain.tsv:308"
"bv:0535","未来","composed_of","","光 (미등록)","source:https://medakazukan.net/jmaninteinumber/","strain.tsv:308"
"bv:0535","未来","composed_of","bv:0016","黄金","source:https://medakazukan.net/jmaninteinumber/","strain.tsv:308"
"bv:0535","未来","composed_of","bv:0062","ラメ","source:https://medakazukan.net/jmaninteinumber/","strain.tsv:308"
"bv:0535","未来","same_as","","３色光黄金ラメ (미등록)","source:https://medakazukan.net/jmaninteinumber/","strain.tsv:308"
"bv:0536","霞","composed_of","bv:0058","アルビノ","source:https://medakazukan.net/jmaninteinumber/","strain.tsv:309"
"bv:0536","霞","composed_of","bv:0074","体外光","source:https://medakazukan.net/jmaninteinumber/","strain.tsv:309"
"bv:0536","霞","composed_of","bv:0193","ヒレ長","source:https://medakazukan.net/jmaninteinumber/","strain.tsv:309"
"bv:0536","霞","same_as","","アルビノ体外光ヒレ長 (미등록)","source:https://medakazukan.net/jmaninteinumber/","strain.tsv:309"
"bv:0537","福星光","composed_of","bv:0058","アルビノ","source:https://medakazukan.net/jmaninteinumber/","strain.tsv:310"
"bv:0537","福星光","composed_of","bv:0062","ラメ","source:https://medakazukan.net/jmaninteinumber/","strain.tsv:310"
"bv:0537","福星光","composed_of","bv:0178","ヒカリ","source:https://medakazukan.net/jmaninteinumber/","strain.tsv:310"
"bv:0537","福星光","same_as","","アルビノラメヒカリ (미등록)","source:https://medakazukan.net/jmaninteinumber/","strain.tsv:310"
"bv:0538","蝶欄","composed_of","bv:0193","ヒレ長","source:https://medakazukan.net/jmaninteinumber/","strain.tsv:311"
"bv:0538","蝶欄","composed_of","bv:0062","ラメ","source:https://medakazukan.net/jmaninteinumber/","strain.tsv:311"
"bv:0538","蝶欄","composed_of","bv:0178","ヒカリ","source:https://medakazukan.net/jmaninteinumber/","strain.tsv:311"
"bv:0538","蝶欄","same_as","","ヒレ長ラメヒカリ (미등록)","source:https://medakazukan.net/jmaninteinumber/","strain.tsv:311"
"bv:0539","清流きりゅう","composed_of","bv:0009","青","source:https://medakazukan.net/jmaninteinumber/","strain.tsv:312"
"bv:0539","清流きりゅう","composed_of","bv:0046","透明鱗","source:https://medakazukan.net/jmaninteinumber/","strain.tsv:312"
"bv:0539","清流きりゅう","same_as","","青透明鱗 (미등록)","source:https://medakazukan.net/jmaninteinumber/","strain.tsv:312"
"bv:0540","もも","composed_of","bv:0006","白","source:https://jma-medaka.com/wp-content/uploads/2022/08/250901_【公式】品種分類マニュアル_第５版.pdf","strain.tsv:313"
"bv:0540","もも","composed_of","bv:0018","朱赤","source:https://jma-medaka.com/wp-content/uploads/2022/08/250901_【公式】品種分類マニュアル_第５版.pdf","strain.tsv:313"
"bv:0540","もも","composed_of","bv:0062","ラメ","source:https://jma-medaka.com/wp-content/uploads/2022/08/250901_【公式】品種分類マニュアル_第５版.pdf","strain.tsv:313"
"bv:0540","もも","composed_of","bv:0118","斑","source:https://jma-medaka.com/wp-content/uploads/2022/08/250901_【公式】品種分類マニュアル_第５版.pdf","strain.tsv:313"
"bv:0540","もも","composed_of","bv:0193","ヒレ長","source:https://jma-medaka.com/wp-content/uploads/2022/08/250901_【公式】品種分類マニュアル_第５版.pdf","strain.tsv:313"
"bv:0540","もも","same_as","","白朱赤ラメ斑ヒレ長 (미등록)","source:https://medakazukan.net/jmaninteinumber/","strain.tsv:313"
"bv:0541","燕","composed_of","","ブラックスワローリアルロングフィンヒカリ (미등록)","source:https://jma-medaka.com/tag/%E6%96%B0%E5%93%81%E7%A8%AE/","strain.tsv:314"
"bv:0541","燕","same_as","","ブラックスワローリアルロングフィンヒカリ (미등록)","source:https://jma-medaka.com/tag/%E6%96%B0%E5%93%81%E7%A8%AE/","strain.tsv:314"
"bv:0542","kimera","composed_of","","黄アルビノパンダアースアイ (미등록)","source:https://jma-medaka.com/tag/%E6%96%B0%E5%93%81%E7%A8%AE/","strain.tsv:315"
"bv:0542","kimera","same_as","","黄アルビノパンダアースアイ (미등록)","source:https://jma-medaka.com/tag/%E6%96%B0%E5%93%81%E7%A8%AE/","strain.tsv:315"
"bv:0543","デビル","composed_of","","フラックアースアイラメスワローロングフィン (미등록)","source:https://jma-medaka.com/tag/%E6%96%B0%E5%93%81%E7%A8%AE/","strain.tsv:316"
"bv:0543","デビル","same_as","","フラックアースアイラメスワローロングフィン (미등록)","source:https://jma-medaka.com/tag/%E6%96%B0%E5%93%81%E7%A8%AE/","strain.tsv:316"
"bv:0551","삼색라메 사파이어 흑승","composed_of","bv:0288","三色ラメ幹之サファイア系","inferred:수집 lane 추론(strain.tsv:324)","strain.tsv:324"
"bv:0551","삼색라메 사파이어 흑승","composed_of","bv:0562","黒勝ち","inferred:수집 lane 추론(strain.tsv:324)","strain.tsv:324"
"bv:0555","시로부치","composed_of","bv:0006","白","inferred:수집 lane 추론(strain.tsv:328)","strain.tsv:328"
"bv:0555","시로부치","composed_of","bv:0118","斑","inferred:수집 lane 추론(strain.tsv:328)","strain.tsv:328"
"bv:0555","시로부치","composed_of","bv:0062","ラメ","inferred:수집 lane 추론(strain.tsv:328)","strain.tsv:328"
"bv:0266","系統","same_as","bv:0560","系","source:https://jma-medaka.com/wp-content/uploads/2022/08/250901_【公式】品種分類マニュアル_第５版.pdf","strain.tsv:340"
"bv:0301","モルフォ亜種","same_as","bv:0566","亜種","source:https://jma-medaka.com/wp-content/uploads/2022/08/250901_【公式】品種分類マニュアル_第５版.pdf","strain.tsv:346"
"bv:0099","ヒレライン","same_as","bv:0566","亜種","source:https://jma-medaka.com/wp-content/uploads/2022/08/250901_【公式】品種分類マニュアル_第５版.pdf","strain.tsv:346"
"bv:0569","純血","same_as","bv:0585","純系","source:https://hinsyu-zukan.satumano-medakayasan.com/page/6/ | source:https://medakapedia.com/glossary","strain.tsv:349; strain.tsv:373"
"bv:0266","系統","same_as","bv:0583","血統","source:https://jma-medaka.com/wp-content/uploads/2022/08/250901_【公式】品種分類マニュアル_第５版.pdf","strain.tsv:368; strain.tsv:369"
"bv:0594","表現型","same_as","bv:0596","表現","source:https://jma-medaka.com/wp-content/uploads/2022/08/250901_【公式】品種分類マニュアル_第５版.pdf","strain.tsv:386"
"bv:0273","ハネ","same_as","bv:0597","選別漏れ","inferred:수집 lane 추론(strain.tsv:388)","strain.tsv:388"
"bv:0002","黒メダカ","variant_spelling","bv:0623","クロメダカ","source:https://t-aquagarden.com/column/medaka_variety","build:variant"
"bv:0004","ヒメダカ","variant_spelling","bv:0624","緋目高","source:https://jma-medaka.com/wp-content/uploads/2022/08/250901_【公式】品種分類マニュアル_第５版.pdf","build:variant"
"bv:0193","ヒレ長","variant_spelling","bv:0625","ヒレナガ","source:https://t-aquagarden.com/column/medaka_body","build:variant"
"bv:0213","背ビレ無し","variant_spelling","bv:0626","背びれなし","source:https://www.soramedaka.com/type","build:variant"
"bv:0236","ビッグアイ","variant_spelling","bv:0627","ビックアイ","source:https://jma-medaka.com/wp-content/uploads/2022/08/250901_【公式】品種分類マニュアル_第５版.pdf","build:variant"
"bv:0333","陽変天目","variant_spelling","bv:0628","曜変天目","source:https://nekomanma7.ocnk.net/product-list/47","build:variant"
"bv:0249","チェンジカラー","narrower","bv:0059","チェンジカラー（ブドウ目）","inferred:JMA 표기 X（Y）는 X의 형질보충·세분형","build:paren"
"bv:0074","体外光","narrower","bv:0078","体外光（白）","inferred:JMA 표기 X（Y）는 X의 형질보충·세분형","build:paren"
"bv:0074","体外光","narrower","bv:0079","体外光（青）","inferred:JMA 표기 X（Y）는 X의 형질보충·세분형","build:paren"
"bv:0074","体外光","narrower","bv:0080","体外光（金）","inferred:JMA 표기 X（Y）는 X의 형질보충·세분형","build:paren"
"bv:0074","体外光","narrower","bv:0081","体外光（緑）","inferred:JMA 표기 X（Y）는 X의 형질보충·세분형","build:paren"
"bv:0074","体外光","narrower","bv:0082","体外光（二色）","inferred:JMA 표기 X（Y）는 X의 형질보충·세분형","build:paren"
"bv:0089","体内光","narrower","bv:0090","体内光（青白）","inferred:JMA 표기 X（Y）는 X의 형질보충·세분형","build:paren"
"bv:0089","体内光","narrower","bv:0091","体内光（緑）","inferred:JMA 표기 X（Y）는 X의 형질보충·세분형","build:paren"
"bv:0089","体内光","narrower","bv:0092","体内光（オレンジ）","inferred:JMA 표기 X（Y）는 X의 형질보충·세분형","build:paren"
"bv:0089","体内光","narrower","bv:0093","体内光（多色）","inferred:JMA 표기 X（Y）는 X의 형질보충·세분형","build:paren"
"bv:0089","体内光","narrower","bv:0094","体内光（青）","inferred:JMA 표기 X（Y）는 X의 형질보충·세분형","build:paren"
"bv:0110","強光（幹之グレード）","narrower","bv:0104","強光（ヒカリの形質補足）","inferred:JMA 표기 X（Y）는 X의 형질보충·세분형","build:paren"
"bv:0016","黄金","narrower","bv:0282","黄金(こがね)","inferred:JMA 표기 X（Y）는 X의 형질보충·세분형","build:paren"
"bv:0118","斑","narrower","bv:0337","斑(まだら)","inferred:JMA 표기 X（Y）는 X의 형질보충·세분형","build:paren"
"bv:0104","強光（ヒカリの形質補足）","collides_with","bv:0110","強光（幹之グレード）","source:https://jma-medaka.com/wp-content/uploads/2022/08/250901_【公式】品種分類マニュアル_第５版.pdf","build:manual"
"bv:0016","黄金","collides_with","bv:0282","黄金(こがね)","source:https://www.gex-fp.co.jp/fish/breed_cat/medaka_catalog/","build:manual"
"bv:0118","斑","collides_with","bv:0337","斑(まだら)","source:https://piscesbook.com/archives/category/newinfomation/medaka-zukan","build:manual"
"bv:0074","体外光","collides_with","bv:0178","ヒカリ","source:https://www.practical-aqualabo.com/medaka-yougoshu/","build:manual"
"bv:0074","体外光","collides_with","bv:0181","光りメダカ","inferred:한자 光가 광택 축(体外光·体内光·強光)의 접미사와 겹침","build:manual"
"bv:0178","ヒカリ","collides_with","bv:0199","ロングフィン","source:https://namu.wiki/w/%EC%86%A1%EC%82%AC%EB%A6%AC","build:manual"
"bv:0193","ヒレ長","same_as","bv:0199","ロングフィン","source:https://t-aquagarden.com/column/medaka_variety","build:manual"
"bv:0193","ヒレ長","collides_with","bv:0199","ロングフィン","source:https://jma-medaka.com/wp-content/uploads/2022/08/250901_【公式】品種分類マニュアル_第５版.pdf","build:manual"
"bv:0114","フルボディ","collides_with","bv:0115","鉄仮面","source:https://jasma.sc/medaka/mikiyuki/","build:manual"
"bv:0017","琥珀","collides_with","bv:0124","紅白","source:https://themedakaemporium.co.uk/our-medaka","build:manual"
"bv:0238","Hitomi","collides_with","bv:0521","瞳","source:https://medakazukan.net/jmaninteinumber/","build:manual"
"bv:0185","ショート","collides_with","bv:0186","ショートボディ","source:https://medakanoyakata.muragon.com/entry/352.html","build:manual"
"bv:0049","透明鱗（ホホ無し）","collides_with","bv:0054","非透明鱗","source:https://jma-medaka.com/wp-content/uploads/2022/08/250901_【公式】品種分類マニュアル_第５版.pdf","build:manual"
"bv:0002","黒メダカ","collides_with","bv:0014","ブラック","source:https://jma-medaka.com/wp-content/uploads/2022/08/250901_【公式】品種分類マニュアル_第５版.pdf","build:manual"
"bv:0137","オロチ","seed_match","seed:orochi","orochi","source:https://jma-medaka.com/wp-content/uploads/2022/08/250901_【公式】品種分類マニュアル_第５版.pdf","build:seed"
"bv:0052","オーロラ","seed_match","seed:aurora","aurora","source:https://jma-medaka.com/wp-content/uploads/2022/08/250901_【公式】品種分類マニュアル_第５版.pdf","build:seed"
"bv:0051","半透明鱗","seed_match","seed:aurora","aurora","inferred:Kon 정의(아가미뚜껑 홍색소포 소실)=JMA オーロラ 형질=半透明鱗","build:seed"
"bv:0128","三色","seed_match","seed:sanshoku","sanshoku","source:https://jma-medaka.com/wp-content/uploads/2022/08/250901_【公式】品種分類マニュアル_第５版.pdf","build:seed"
"bv:0121","黒斑","seed_match","seed:kurobuchi","kurobuchi","source:https://jma-medaka.com/wp-content/uploads/2022/08/250901_【公式】品種分類マニュアル_第５版.pdf","build:seed"
"bv:0118","斑","seed_match","seed:kurobuchi","kurobuchi","inferred:JMA가 흑반 무늬 호칭을 斑(ぶち)로 통일","build:seed"
"bv:0023","白朱赤","seed_match","seed:akabuchi","akabuchi","inferred:sanshoku(白朱赤斑)와 kouhaku(白朱赤)를 포괄하는 적색 반점 = JMA 2색 표기 白朱赤","build:seed"
"bv:0123","ブラックリム","seed_match","seed:blackrim","blackrim","source:https://jma-medaka.com/wp-content/uploads/2022/08/250901_【公式】品種分類マニュアル_第５版.pdf","build:seed"
"bv:0003","黄","seed_match","seed:yellow","yellow","source:https://jma-medaka.com/wp-content/uploads/2022/08/250901_【公式】品種分類マニュアル_第５版.pdf","build:seed"
"bv:0004","ヒメダカ","seed_match","seed:yellow","yellow","source:https://jma-medaka.com/wp-content/uploads/2022/08/250901_【公式】品種分類マニュアル_第５版.pdf","build:seed"
"bv:0014","ブラック","seed_match","seed:black","black","source:https://jma-medaka.com/wp-content/uploads/2022/08/250901_【公式】品種分類マニュアル_第５版.pdf","build:seed"
"bv:0060","パンダ","seed_match","seed:panda","panda","source:https://jma-medaka.com/wp-content/uploads/2022/08/250901_【公式】品種分類マニュアル_第５版.pdf","build:seed"
"bv:0006","白","seed_match","seed:white","white","source:https://jma-medaka.com/wp-content/uploads/2022/08/250901_【公式】品種分類マニュアル_第５版.pdf","build:seed"
"bv:0009","青","seed_match","seed:blue","blue","source:https://jma-medaka.com/wp-content/uploads/2022/08/250901_【公式】品種分類マニュアル_第５版.pdf","build:seed"
"bv:0075","幹之","seed_match","seed:miyuki","miyuki","source:https://jma-medaka.com/wp-content/uploads/2022/08/250901_【公式】品種分類マニュアル_第５版.pdf","build:seed"
"bv:0074","体外光","seed_match","seed:miyuki","miyuki","inferred:Kon 정의(등쪽 이소성 홍색소포)=JMA 형질명 体外光","build:seed"
"bv:0062","ラメ","seed_match","seed:rame","rame","source:https://jma-medaka.com/wp-content/uploads/2022/08/250901_【公式】品種分類マニュアル_第５版.pdf","build:seed"
"bv:0124","紅白","seed_match","seed:kouhaku","kouhaku","source:https://jma-medaka.com/wp-content/uploads/2022/08/250901_【公式】品種分類マニュアル_第５版.pdf","build:seed"
"bv:0023","白朱赤","seed_match","seed:kouhaku","kouhaku","inferred:JMA 품종명 표기 白朱赤 = 紅白","build:seed"
"bv:0025","黒オレンジ","seed_match","seed:kuroaka","kuroaka","inferred:Kon 정의(오렌지 바탕+흑반)=JMA 2색 표기 ブラック+オレンジ; 번식장 표기는 赤黒(女雛·来光)","build:seed"
"bv:0034","腹膜青","seed_match","seed:fukumaku","fukumaku","inferred:Kon 'blue silver-coloured peritoneum' = JMA 共通補足 腹膜青","build:seed"
"bv:0098","腹膜光","seed_match","seed:fukumaku","fukumaku","inferred:복막 광택의 다른 JMA 형질(흑수조 발현); 구분 필요","build:seed"
"bv:0135","楊貴妃","seed_match","seed:yokihi","yokihi","source:https://jma-medaka.com/wp-content/uploads/2022/08/250901_【公式】品種分類マニュアル_第５版.pdf","build:seed"
"bv:0018","朱赤","seed_match","seed:yokihi","yokihi","inferred:JMA 공식 형질명 朱赤(楊貴妃는 닉네임)","build:seed"
"bv:0016","黄金","seed_match","seed:gold","gold","inferred:Kon 'gold'(갈색 기반·흑색 감소) ↔ 黄金(おうごん, en Gold); 黄金(こがね)과는 별개","build:seed"
"bv:0046","透明鱗","seed_match","seed:toumeirin","toumeirin","source:https://jma-medaka.com/wp-content/uploads/2022/08/250901_【公式】品種分類マニュアル_第５版.pdf","build:seed"
"bv:0058","アルビノ","seed_match","seed:albino","albino","source:https://jma-medaka.com/wp-content/uploads/2022/08/250901_【公式】品種分類マニュアル_第５版.pdf","build:seed"
"bv:0178","ヒカリ","seed_match","seed:hikari","hikari","source:https://jma-medaka.com/wp-content/uploads/2022/08/250901_【公式】品種分類マニュアル_第５版.pdf","build:seed"
"bv:0183","ダルマ","seed_match","seed:daruma","daruma","source:https://jma-medaka.com/wp-content/uploads/2022/08/250901_【公式】品種分類マニュアル_第５版.pdf","build:seed"
"bv:0184","半ダルマ","seed_match","seed:handaruma","handaruma","source:https://jma-medaka.com/wp-content/uploads/2022/08/250901_【公式】品種分類マニュアル_第５版.pdf","build:seed"
"bv:0193","ヒレ長","seed_match","seed:hirenaga","hirenaga","source:https://jma-medaka.com/wp-content/uploads/2022/08/250901_【公式】品種分類マニュアル_第５版.pdf","build:seed"
"bv:0196","スワロー","seed_match","seed:swallow","swallow","source:https://jma-medaka.com/wp-content/uploads/2022/08/250901_【公式】品種分類マニュアル_第５版.pdf","build:seed"
"bv:0199","ロングフィン","collides_with","seed:longfin","longfin","inferred:Kon longfin=꼬리 외 6개 지느러미 신장; JMA ロングフィン=등·뒷지느러미 연조만 신장","build:seed"
"bv:0201","リアルロングフィン","seed_match","seed:reallongfin","reallongfin","source:https://jma-medaka.com/wp-content/uploads/2022/08/250901_【公式】品種分類マニュアル_第５版.pdf","build:seed"
"bv:0212","マルコ","seed_match","seed:nodorsalfin","nodorsalfin","source:https://jma-medaka.com/wp-content/uploads/2022/08/250901_【公式】品種分類マニュアル_第５版.pdf","build:seed"
"bv:0213","背ビレ無し","seed_match","seed:nodorsalfin","nodorsalfin","source:https://jma-medaka.com/wp-content/uploads/2022/08/250901_【公式】品種分類マニュアル_第５版.pdf","build:seed"
"bv:0234","出目","seed_match","seed:deme","deme","source:https://jma-medaka.com/wp-content/uploads/2022/08/250901_【公式】品種分類マニュアル_第５版.pdf","build:seed"
"bv:0236","ビッグアイ","seed_match","seed:bigeye","bigeye","source:https://jma-medaka.com/wp-content/uploads/2022/08/250901_【公式】品種分類マニュアル_第５版.pdf","build:seed"
"bv:0239","スモールアイ","seed_match","seed:tenme","tenme","inferred:Kon 'small pupil; small eyeballs in some cases' = JMA スモールアイ(동공 위축)","build:seed"
"bv:0240","点目","seed_match","seed:tenme","tenme","inferred:点目(てんめ)은 スモールアイ 별칭이며 로마자 tenme와 읽기 일치","build:seed"
"bv:0237","水泡眼","seed_match","seed:suihougan","suihougan","source:https://jma-medaka.com/wp-content/uploads/2022/08/250901_【公式】品種分類マニュアル_第５版.pdf","build:seed"
"bv:0179","Daタイプ","seed_match","seed:Da mutant","Da mutant","source:https://hinsyu-zukan.satumano-medakayasan.com/%E7%94%A8%E8%AA%9E%E9%9B%86/","build:seed"
"bv:0178","ヒカリ","seed_match","seed:Da mutant","Da mutant","inferred:Da=zic1/4 enhancer 변이, hikari와 같은 좌위","build:seed"
"bv:0060","パンダ","collides_with","seed:panda (pa) lab mutant","panda (pa) lab mutant","inferred:seed가 이름만 같은 별개 실험실 변이로 명시","build:seed"
"bv:0256","カガミ鱗","seed_match","seed:kagamirin","kagamirin","source:https://piscesbook.com/archives/11622","build:seed"
"bv:0217","フサヒレ","seed_match","seed:fusahire","fusahire","source:https://jma-medaka.com/wp-content/uploads/2022/08/250901_【公式】品種分類マニュアル_第５版.pdf","build:seed"
