"id","term_ja","reading","term_ko","term_en","kind","axis","definition","variants","source_urls","n_sources","best_tier","accessed","unverified","collected_in","notes"
"bv:0001","茶","ちゃ","","","TRAIT","BODY_COLOR","야생형에 가장 가까운 갈색 체색. 비늘에 흑·황·백색소포가 모두 있어 갈색으로 보임. 青과는 황색소포 유무로 구분.","","https://jma-medaka.com/wp-content/uploads/2022/08/250901_【公式】品種分類マニュアル_第５版.pdf | https://jma-medaka.com/wp-content/uploads/2022/08/形質一覧表（第５版）_250901.pdf | https://t-aquagarden.com/column/medaka_variety","3","1:협회","2026-09-28","","color.tsv:2","JMA: 茶·琥珀는 명확한 판별기준이 없어 애호가 판단에 맡김. TAG는 茶メダカ를 原種(クロメダカ)보다 약간 옅은 개량품종이라 설명."
"bv:0002","黒メダカ","くろめだか","","Kuro-medaka","JARGON","BODY_COLOR","야생 그대로의 짙은 갈색~옅은 흑색 메다카의 통칭.","黒メダカ（クロメダカ）","https://jma-medaka.com/wp-content/uploads/2022/08/250901_【公式】品種分類マニュアル_第５版.pdf | https://t-aquagarden.com/column/medaka_variety | https://br-choku.com/en/column/medaka-breed-comparison","3","1:협회","2026-09-28","","color.tsv:3; strain.tsv:407","axis 이견: color.tsv:3=BODY_COLOR, strain.tsv:407=OTHER ‖ [다른 정의 strain.tsv:407] 야생형에 가까운 메다카의 통칭. JMA는 '茶', 개량 흑색은 '블랙'으로 구분. ‖ JMA(메다카품종도감 인용): 야생 메다카를 黒メダカ라 부르기도 해 혼란스러우므로 개량 흑색은 「ブラック」으로 부른다."
"bv:0003","黄","き","","Yellow","TRAIT","BODY_COLOR","야생형에서 흑색소포가 결여되어 노랗게 보이는 체색. 가장 오래된 개량 체색.","","https://jma-medaka.com/wp-content/uploads/2022/08/250901_【公式】品種分類マニュアル_第５版.pdf | https://jma-medaka.com/wp-content/uploads/2022/08/形質一覧表（第５版）_250901.pdf | https://medakapedia.com/glossary","3","1:협회","2026-09-28","","color.tsv:4","JMA: 黄·オレンジ·朱赤·琥珀 사이 명확한 기준 없음."
"bv:0004","ヒメダカ","ひめだか","히메다카","Himedaka","STRAIN","BODY_COLOR","에도시대부터 이어진 가장 오래된 개량 메다카. 緋色 체색에서 이름이 왔으나 실제로는 楊貴妃보다 옅은 적~황색.","ヒメダカ（緋目高）","https://jma-medaka.com/wp-content/uploads/2022/08/250901_【公式】品種分類マニュアル_第５版.pdf | https://namu.wiki/w/%EC%86%A1%EC%82%AC%EB%A6%AC | https://t-aquagarden.com/column/medaka_variety | https://br-choku.com/en/column/medaka-breed-comparison","4","1:협회","2026-09-28","","color.tsv:5; strain.tsv:285","[다른 정의 strain.tsv:285] 에도시대부터의 황(緋)색 개량메다카. JMA는 '黄'로 분류. ‖ BREN 영문 표기 ""Himmedaka"". NAMU는 흑색소 변이로 생긴 노란 계열이라 설명. ‖ 漢字 '緋目高'."
"bv:0005","緋","ひ","","","TRAIT","BODY_COLOR","붉은색(緋色). ヒメダカ(緋目高) 이름의 유래가 된 체색 표현.","","https://jma-medaka.com/wp-content/uploads/2022/08/250901_【公式】品種分類マニュアル_第５版.pdf","1","1:협회","2026-09-28","","color.tsv:6","JMA 1.2.1 「緋色体色…なので『緋目高』」. 삼색 성분명으로서의 용례는 본문 미확인."
"bv:0006","白","しろ","시로메다카(白メダカ)","White","TRAIT","BODY_COLOR","야생형에서 흑·황색소포가 결여된 백색 체색. 백색소포 덕에 희게 보임.","","https://jma-medaka.com/wp-content/uploads/2022/08/250901_【公式】品種分類マニュアル_第５版.pdf | https://jma-medaka.com/wp-content/uploads/2022/08/形質一覧表（第５版）_250901.pdf | https://namu.wiki/w/%EC%86%A1%EC%82%AC%EB%A6%AC | https://medakapedia.com/glossary","4","1:협회","2026-09-28","","color.tsv:7",""
"bv:0007","白（クリーム）","しろ（くりーむ）","크림 / 밀키 메다카","Cream","TRAIT","BODY_COLOR","白 체색의 形質補足. 흰색보다 황색기가 도는 크림색. 원래 黄 메다카에 백색소포를 발달시키는 ci 유전자가 작용한 것. 지느러미의 노랑이 몸보다 진한 점으로 옅은 黄와 구별.","","https://jma-medaka.com/wp-content/uploads/2022/08/250901_【公式】品種分類マニュアル_第５版.pdf | https://jma-medaka.com/wp-content/uploads/2022/08/形質一覧表（第５版）_250901.pdf | https://jma-medaka.com/wp-content/uploads/2022/08/2020nixtukune-mu.pdf | https://namu.wiki/w/%EC%86%A1%EC%82%AC%EB%A6%AC","4","1:협회","2026-09-28","","color.tsv:8","JMA 표기 「白（クリーム）（シルキーとも呼ばれる）」. NAMU는 「크림 또는 밀키」."
"bv:0008","シルキー","しるきー","","Silky","TRAIT","BODY_COLOR","白（クリーム）의 별칭.","","https://jma-medaka.com/wp-content/uploads/2022/08/250901_【公式】品種分類マニュアル_第５版.pdf | https://jma-medaka.com/wp-content/uploads/2022/08/2020nixtukune-mu.pdf","2","1:협회","2026-09-28","","color.tsv:9","早見表: シルキー体内光メダカ（小雪）=白体内光メダカ+白（クリーム）."
"bv:0009","青","あお","아오메다카(青メダカ)","Blue","TRAIT","BODY_COLOR","야생형에서 황색소포가 결여되어 푸르스름하게 보이는 체색. 청색소포는 없어 실제로는 회색에 가까움. 흑·백색소포의 양에 따라 パールブルー~パープルブルー.","","https://jma-medaka.com/wp-content/uploads/2022/08/250901_【公式】品種分類マニュアル_第５版.pdf | https://jma-medaka.com/wp-content/uploads/2022/08/形質一覧表（第５版）_250901.pdf | https://namu.wiki/w/%EC%86%A1%EC%82%AC%EB%A6%AC | https://medakapedia.com/glossary | https://zakkaya-sun.shop/zakkaya-sun-home/medaka-shop-style-how-to-grow-medaka/medaka-variety-classification-guide/","5","1:협회","2026-09-28","","color.tsv:10","ZAK는 「灰青色や青みのある体色」."
"bv:0010","パールブルー","ぱーるぶるー","","Pearl blue","TRAIT","BODY_COLOR","青 체색의 形質補足 중 옅은 청.","","https://jma-medaka.com/wp-content/uploads/2022/08/250901_【公式】品種分類マニュアル_第５版.pdf | https://jma-medaka.com/wp-content/uploads/2022/08/形質一覧表（第５版）_250901.pdf","2","1:협회","2026-09-28","","color.tsv:11",""
"bv:0011","パープルブルー","ぱーぷるぶるー","","Purple blue","TRAIT","BODY_COLOR","青 체색의 形質補足 중 흑에 가까운 짙은 청. 여기서 흑색소가 더 늘어난 것이 ブラック.","","https://jma-medaka.com/wp-content/uploads/2022/08/250901_【公式】品種分類マニュアル_第５版.pdf | https://jma-medaka.com/wp-content/uploads/2022/08/形質一覧表（第５版）_250901.pdf","2","1:협회","2026-09-28","","color.tsv:12","JMA: パープルブルー와 背地反応하는 ブラック은 명확한 경계 없음."
"bv:0012","青（緑）","あお（みどり）","","Green","TRAIT","BODY_COLOR","青 체색에 황색소포가 분포해 녹색으로 보이는 것. 엄밀히는 青 형질이 아니나 작출 경위상 편의상 青의 形質補足.","","https://jma-medaka.com/wp-content/uploads/2022/08/250901_【公式】品種分類マニュアル_第５版.pdf | https://jma-medaka.com/wp-content/uploads/2022/08/形質一覧表（第５版）_250901.pdf | https://jma-medaka.com/wp-content/uploads/2022/08/2020nixtukune-mu.pdf","3","1:협회","2026-09-28","","color.tsv:13","早見表: 緑光幹之 = 青体外光メダカ + 青（緑）, 体外光（緑）."
"bv:0013","青（ヒレ黄）","あお（ひれき）","","","TRAIT","BODY_COLOR","青 메다카의 지느러미와 머리가 부분적으로 노랗게 되는 形質補足.","","https://jma-medaka.com/wp-content/uploads/2022/08/250901_【公式】品種分類マニュアル_第５版.pdf | https://jma-medaka.com/wp-content/uploads/2022/08/形質一覧表（第５版）_250901.pdf | https://jma-medaka.com/wp-content/uploads/2022/08/2020nixtukune-mu.pdf","3","1:협회","2026-09-28","","color.tsv:14","JMA 「青（ヒレ黄）（シルバーとも呼ばれる）」. 早見表: 銀河(シルバーヒカリ)=青ヒカリ+青（ヒレ黄）."
"bv:0014","ブラック","ぶらっく","블랙","Black (intensified)","TRAIT","BODY_COLOR","パープルブルー보다 흑색소포가 더 많은 흑색 체색(황색소포 결여). 背地反応하는 개체와 하지 않는 개체가 있음.","","https://jma-medaka.com/wp-content/uploads/2022/08/250901_【公式】品種分類マニュアル_第５版.pdf | https://jma-medaka.com/wp-content/uploads/2022/08/形質一覧表（第５版）_250901.pdf | https://medakapedia.com/glossary | https://t-aquagarden.com/column/medaka_variety","4","1:협회","2026-09-28","","color.tsv:15","JMA: 체색이 2색일 때만 ブラック을 「黒」으로 표기(예: 黄黒)."
"bv:0015","ブラック（ヒレ黄）","ぶらっく（ひれき）","","","TRAIT","BODY_COLOR","황색소가 있는 블랙 체색. 몸은 茶黒, 각 지느러미에 황색소포가 두드러짐.","","https://jma-medaka.com/wp-content/uploads/2022/08/250901_【公式】品種分類マニュアル_第５版.pdf | https://jma-medaka.com/wp-content/uploads/2022/08/形質一覧表（第５版）_250901.pdf | https://jma-medaka.com/wp-content/uploads/2022/08/2020nixtukune-mu.pdf","3","1:협회","2026-09-28","","color.tsv:16","JMA 「ブラック（ヒレ黄）（ブラック黄金とも呼ばれる）」."
"bv:0016","黄金","おうごん","황금","Gold","TRAIT","BODY_COLOR","전신 황금색 체색. 황색소와 흑색소가 적당히 섞인 것으로, 흑수조에서 背地反応으로 흑이 나오는 점이 黄와 다름. 옅으면 茶, 진하면 琥珀가 되어 엄밀한 선별 필요.","","https://jma-medaka.com/wp-content/uploads/2022/08/250901_【公式】品種分類マニュアル_第５版.pdf | https://jma-medaka.com/wp-content/uploads/2022/08/形質一覧表（第５版）_250901.pdf | https://medakapedia.com/glossary | https://gall.dcinside.com/board/view/?id=fish&no=985428","4","1:협회","2026-09-28","","color.tsv:17; strain.tsv:13","kind 이견: color.tsv:17=TRAIT, strain.tsv:13=STRAIN ‖ [다른 정의 strain.tsv:13] 황색소포와 흑색소포가 섞여 황금색을 내는 체색 품종. 검은 용기에서 배경반응으로 검어짐. ‖ 기원 불일치: JMA는 2001 めだかの館이 茶メダカ에서 발견했다고, DC갤은 「히메다카를 개량해 나온 황금」이라 서술. TAG는 黄金을 「透明鱗を持った」로 기술(JMA 정의와 불일치). ‖ めだかの館 作出 2001. JMA 형질명(体色). GEX의 '黄金(こがね)'은 별개 하우스네임."
"bv:0017","琥珀","こはく","호박 / 코하쿠","Amber","TRAIT","BODY_COLOR","茶보다 붉은기가 강한 호박색 체색. 꼬리지느러미·능선에 朱赤에 가까운 색. 黄金 중 진한 개체에서 작출.","","https://jma-medaka.com/wp-content/uploads/2022/08/250901_【公式】品種分類マニュアル_第５版.pdf | https://jma-medaka.com/wp-content/uploads/2022/08/形質一覧表（第５版）_250901.pdf | https://namu.wiki/w/%EC%86%A1%EC%82%AC%EB%A6%AC | https://gall.dcinside.com/board/view/?id=fish&no=985428 | https://medakapedia.com/glossary","5","1:협회","2026-09-28","","color.tsv:18; strain.tsv:15","kind 이견: color.tsv:18=TRAIT, strain.tsv:15=STRAIN ‖ [다른 정의 strain.tsv:15] 야생에 가까운 호박색에 꼬리·등지느러미가 주황으로 물드는 체색 품종. 주홍(양귀비)의 모체. ‖ JMA: 2004 めだかの館. APRO의 「코하카(홍제라메)」 표기는 대응 불명. ‖ めだかの館 2004. EMP는 'Kohaku Lamé(琥珀メダカ)'를 홍백 품종으로 설명—紅白(こうはく)와 琥珀(こはく) 혼동."
"bv:0018","朱赤","しゅあか","주적(색)","Scarlet (Vermillion)","TRAIT","BODY_COLOR","「楊貴妃」로 알려진 朱赤 체색. 히메다카보다 뚜렷한 주홍. 황색소포에 아스타잔틴을 많이 축적.","","https://jma-medaka.com/wp-content/uploads/2022/08/250901_【公式】品種分類マニュアル_第５版.pdf | https://jma-medaka.com/wp-content/uploads/2022/08/形質一覧表（第５版）_250901.pdf | https://medakapedia.com/glossary | https://zoonimal.co.kr/category/%EB%A9%94%EB%8B%A4%EC%B9%B4-%EC%86%A1%EC%82%AC%EB%A6%AC/454/","4","1:협회","2026-09-28","","color.tsv:19","JMA는 닉네임 楊貴妃 대신 체색임을 알 수 있는 형질명 朱赤을 채택. ZOO 「주적색」."
"bv:0019","オレンジ","おれんじ","","Orange","TRAIT","BODY_COLOR","朱赤만큼 붉지 않고 黄보다는 붉은 중간 체색.","","https://jma-medaka.com/wp-content/uploads/2022/08/250901_【公式】品種分類マニュアル_第５版.pdf | https://jma-medaka.com/wp-content/uploads/2022/08/形質一覧表（第５版）_250901.pdf | https://medakapedia.com/glossary","3","1:협회","2026-09-28","","color.tsv:20","JMA: 최초 사용은 2006 オレンジスーパーヒカリ(舞姫)."
"bv:0020","ピンク","ぴんく","핑크","Pink","TRAIT","BODY_COLOR","朱赤 체색에 백색소포를 발달시키는 ci 유전자가 작용한 핑크 체색. 지느러미에 朱赤 흔적이 남는 것으로 白과 구별.","","https://jma-medaka.com/wp-content/uploads/2022/08/250901_【公式】品種分類マニュアル_第５版.pdf | https://jma-medaka.com/wp-content/uploads/2022/08/形質一覧表（第５版）_250901.pdf | https://medakapedia.com/glossary | https://t-aquagarden.com/column/medaka_variety","4","1:협회","2026-09-28","","color.tsv:21",""
"bv:0021","柿色","かきいろ","","","TRAIT","BODY_COLOR","女雛·煌 등 오로라 계열의 머리 등에 올라오는, 적이 아닌 감색 발색을 이르는 애호가 표현.","","https://medakayarou.com/2021/07/24/2021072403/","1","4:블로그·위키·포럼","2026-09-28","단일 출처(샵·블로그)","color.tsv:22","「赤ではなく柿色です」. 형질명 아님. 1개 출처."
"bv:0022","紅","くれない","","","STRAIN","BODY_COLOR","朱赤透明鱗ヒカリメダカ의 닉네임.","","https://medakazukan.net/0082_kurenai/ | https://hinsyu-zukan.satumano-medakayasan.com/page/18/","2","2:도감·출판","2026-09-28","","color.tsv:23; strain.tsv:78","axis 이견: color.tsv:23=BODY_COLOR, strain.tsv:78=SCALE ‖ [다른 정의 strain.tsv:78] 주홍 투명린으로 볼이 분홍으로 비치는 홍백 체색, 지느러미에 포인트색. ‖ medakazukan No.0082. 별칭 「楊貴妃透明鱗ヒカリ、朱赤透明鱗ヒカリ」. ‖ 福岡・小宮正城"
"bv:0023","白朱赤","しろしゅあか","","","TRAIT","BODY_COLOR","JMA 명명법: 체색이 2색 이상이면 체색을 나란히 씀. 흰 바탕+朱赤 2색(紅白·三色 계열)의 품종명 표기.","","https://jma-medaka.com/wp-content/uploads/2022/08/250901_【公式】品種分類マニュアル_第５版.pdf | https://jma-medaka.com/wp-content/uploads/2022/08/2020nixtukune-mu.pdf | https://medakazukan.net/charactaristics/","3","1:협회","2026-09-28","","color.tsv:24","斑·ブラックリム처럼 형질 자체가 색을 내는 것은 체색으로 치지 않음(白斑을 白黒로 쓰지 않음)."
"bv:0024","黄黒","きくろ","","","TRAIT","BODY_COLOR","黄와 ブラック 2색 체색의 표기(2색일 때 ブラック→黒).","","https://jma-medaka.com/wp-content/uploads/2022/08/250901_【公式】品種分類マニュアル_第５版.pdf | https://medakazukan.net/0153_yozakura/ | https://medakazukan.net/charactaristics/","3","1:협회","2026-09-28","","color.tsv:25","例: 夜桜=黄黒半透明鱗ラメ(medakazukan). medakazukan은 黄白·黒オレンジ·青黄金·黄青·黒琥珀·茶黒 등 2색 분류도 사용. 読み 「きくろ」 추정."
"bv:0025","黒オレンジ","くろおれんじ","","","TRAIT","BODY_COLOR","ブラック과 オレンジ 2색 체색의 표기.","","https://jma-medaka.com/wp-content/uploads/2022/08/2020nixtukune-mu.pdf | https://medakazukan.net/charactaristics/","2","1:협회","2026-09-28","","color.tsv:26","早見表: 女雛=黒オレンジ半透明鱗ブラックリム(원문 「半透鱗鱗」 오탈자), 五式=ブラックオレンジ透明鱗."
"bv:0026","背地反応","はいちはんのう","","Background response","JARGON","BODY_COLOR","배경색에 맞춰 체색이 변하는 반응(보호색 기능). 흑수조에서 더 검게, 백수조에서 더 희게. 색소포의 확산·응집으로 일어남.","","https://jma-medaka.com/wp-content/uploads/2022/08/250901_【公式】品種分類マニュアル_第５版.pdf | https://medakazukan.net/822-2/ | https://www.medakalog.shop/medaka-glossary | https://medakapedia.com/glossary","4","1:협회","2026-09-28","","color.tsv:27; strain.tsv:411","[다른 정의 strain.tsv:411] 주변(용기) 색에 맞춰 체색이 변하는 반응."
"bv:0027","背地反応なし","はいちはんのうなし","","","MODIFIER","BODY_COLOR","백수조에서도 체색이 변하지 않는 특징(JMA 共通補足). 흑체색·斑·ブラックリム이 백수조에서도 유지.","","https://jma-medaka.com/wp-content/uploads/2022/08/250901_【公式】品種分類マニュアル_第５版.pdf | https://jma-medaka.com/wp-content/uploads/2022/08/形質一覧表（第５版）_250901.pdf | https://jma-medaka.com/wp-content/uploads/2022/08/2020nixtukune-mu.pdf | https://medakazukan.net/charactaristics/","4","1:협회","2026-09-28","","color.tsv:28","早見表: オロチ=ブラックメダカ 共通補足（背地反応なし）."
"bv:0028","長期背地反応","ちょうきはいちはんのう","","Long-term background response","JARGON","BODY_COLOR","색소포 밀도 증가 등으로 일어나는 장기 체색 변화(확산응집에 의한 반응과 구별).","","https://medakazukan.net/822-2/ | https://medakapedia.com/glossary","2","2:도감·출판","2026-09-28","","color.tsv:29",""
"bv:0029","拡散凝集反応","かくさんぎょうしゅうはんのう","","Pigment dispersion–aggregation response","JARGON","BODY_COLOR","배경에 따라 색소포 안의 색소과립이 이동하는 반응. 결과로 背地反応이 일어남.","","https://medakazukan.net/822-2/ | https://medakapedia.com/glossary","2","2:도감·출판","2026-09-28","","color.tsv:30",""
"bv:0030","色揚げ","いろあげ","","Color enhancement","JARGON","BODY_COLOR","사료·환경으로 체색을 짙게 하는 것. JMA는 환경요인이라 형질로 보지 않음.","","https://www.medakalog.shop/medaka-glossary | https://medakapedia.com/glossary | https://jasma.sc/medaka/koutei/ | https://tropica.jp/2019/01/22/post-25895/ | https://jma-medaka.com/wp-content/uploads/2022/08/250901_【公式】品種分類マニュアル_第５版.pdf","5","1:협회","2026-09-28","","color.tsv:31; strain.tsv:408","axis 이견: color.tsv:31=BODY_COLOR, strain.tsv:408=OTHER ‖ [다른 정의 color.tsv:31] 체색을 진하고 선명하게 만드는 일(먹이·용기색·광환경). ‖ OITA는 「色揚がり」(색이 올라옴)도 사용."
"bv:0031","色抜け","いろぬけ","","","JARGON","BODY_COLOR","체색이 빠져 보이는 것. 透明鱗의 부분 탈색(紅白의 흰 부분) 또는 백용기에서 흑이 옅어져 보이는 현상.","","https://jma-medaka.com/wp-content/uploads/2022/08/250901_【公式】品種分類マニュアル_第５版.pdf | https://oitamedakabiyori.com/contents/post-109.html","2","1:협회","2026-09-28","","color.tsv:32","두 용법: JMA는 透明鱗의 「部分的に色抜け（白）」, OITA는 백용기 영향의 색빠짐."
"bv:0032","婚姻色","こんいんしょく","","Nuptial coloration","JARGON","BODY_COLOR","번식기(봄~가을)에 오렌지·朱赤이 더 진해지는 현상 또는 그 색.","","https://medakazukan.net/822-2/ | https://medakapedia.com/glossary | https://jma-medaka.com/wp-content/uploads/2022/08/250901_【公式】品種分類マニュアル_第５版.pdf | https://medakazukan.net/%E6%94%B9%E8%89%AF%E3%83%A1%E3%83%80%E3%82%AB%E3%81%AE%E5%9F%BA%E7%A4%8E%E7%94%A8%E8%AA%9E%E3%81%BE%E3%81%A8%E3%82%81%E3%80%80%EF%BD%9E%E5%93%81%E7%A8%AE%E3%83%BB%E9%A3%BC%E8%82%B2%E7%B7%A8%EF%BD%9E/","4","1:협회","2026-09-28","","color.tsv:33; strain.tsv:412","axis 이견: color.tsv:33=BODY_COLOR, strain.tsv:412=OTHER ‖ [다른 정의 strain.tsv:412] 번식기에 주황·주홍이 짙어지는 현상."
"bv:0033","体内黒","たいないくろ","","","TRAIT","BODY_COLOR","체내에 흑색소포가 발현하는 특징(JMA 共通補足). 횡견에서는 척추 주변, 상견에서는 복막부에 흑.","","https://jma-medaka.com/wp-content/uploads/2022/08/250901_【公式】品種分類マニュアル_第５版.pdf | https://jma-medaka.com/wp-content/uploads/2022/08/形質一覧表（第５版）_250901.pdf | https://jma-medaka.com/wp-content/uploads/2022/08/2020nixtukune-mu.pdf","3","1:협회","2026-09-28","","color.tsv:34","2014 小暮武 작출, 닉네임 北斗."
"bv:0034","腹膜青","ふくまくあお","","","TRAIT","BODY_COLOR","복막의 홍색소포(虹, 구아닌 반사)가 청색이 되는 특징(JMA 共通補足). 백수조 상견에서 잘 보이고 흑수조에서는 발현 안 함.","","https://jma-medaka.com/wp-content/uploads/2022/08/250901_【公式】品種分類マニュアル_第５版.pdf | https://jma-medaka.com/wp-content/uploads/2022/08/形質一覧表（第５版）_250901.pdf | https://jma-medaka.com/wp-content/uploads/2022/08/2020nixtukune-mu.pdf","3","1:협회","2026-09-28","","color.tsv:35","닉네임 深海·マリンブルー. 腹膜光과는 발현 조건(백/흑수조)이 반대라 분리."
"bv:0035","パウダー","ぱうだー","","Powder","TRAIT","BODY_COLOR","백색소포가 체표 또는 각 지느러미에 입자 모양으로 발현하는 특징(JMA 共通補足).","","https://jma-medaka.com/wp-content/uploads/2022/08/250901_【公式】品種分類マニュアル_第５版.pdf | https://jma-medaka.com/wp-content/uploads/2022/08/形質一覧表（第５版）_250901.pdf","2","1:협회","2026-09-28","","color.tsv:36",""
"bv:0036","ヒレ美","ひれび","","","TRAIT","FIN","지느러미에 체색 이상으로 선명한 색이 발현(JMA 共通補足). 주로 透明鱗性 품종. 꼬리는 가장자리, 등·뒷지느러미는 기부→끝.","","https://jma-medaka.com/wp-content/uploads/2022/08/250901_【公式】品種分類マニュアル_第５版.pdf | https://jma-medaka.com/wp-content/uploads/2022/08/形質一覧表（第５版）_250901.pdf | https://hinsyu-zukan.satumano-medakayasan.com/%E7%94%A8%E8%AA%9E%E9%9B%86/ | https://medaka.papa77.com/miyuki-medaka/","4","1:협회","2026-09-28","","color.tsv:37","SATU는 透明鱗 판별 특징으로 「ヒレにかすり模様が出る（ヒレ美）」."
"bv:0037","令和","れいわ","","","STRAIN","FIN","JMA: 지느러미에 백색소포가 발현해 흰 지느러미를 보이는 半透明鱗의 ヒレ美 표현의 호칭.","","https://jma-medaka.com/wp-content/uploads/2022/08/250901_【公式】品種分類マニュアル_第５版.pdf | https://jasma.sc/medaka/sanshokurame/","2","1:협회","2026-09-28","","color.tsv:38","불일치: JMA는 「白いヒレ」, JASMA는 令和三色을 「ヒレが赤くなる令和遺伝子」로 설명."
"bv:0038","黒色素胞","こくしきそほう","","Melanophore","JARGON","BODY_COLOR","흑색을 나타내는 색소포(멜라닌 과립).","","https://medakazukan.net/822-2/ | https://medakapedia.com/glossary","2","2:도감·출판","2026-09-28","","color.tsv:39",""
"bv:0039","黄色素胞","おうしきそほう","","Xanthophore","JARGON","BODY_COLOR","황~등색을 나타내는 색소포. 카로티노이드를 먹이에서 얻어 발색.","","https://medakazukan.net/822-2/ | https://medakapedia.com/glossary | https://jma-medaka.com/wp-content/uploads/2022/08/250901_【公式】品種分類マニュアル_第５版.pdf","3","1:협회","2026-09-28","","color.tsv:40",""
"bv:0040","白色素胞","はくしきそほう","","Leucophore","JARGON","BODY_COLOR","흰색을 나타내는 색소포(빛의 난반사로 희게 보임).","","https://medakazukan.net/822-2/ | https://medakapedia.com/glossary","2","2:도감·출판","2026-09-28","","color.tsv:41",""
"bv:0041","赤色素胞","せきしきそほう","","Erythrophore","JARGON","BODY_COLOR","메다카에서는 황색소포와 명확히 구별되지 않고 황색소포에 포함해 다룸.","","https://medakazukan.net/822-2/ | https://medakapedia.com/glossary","2","2:도감·출판","2026-09-28","","color.tsv:42","TAG는 「メダカは赤色の色素を持っていない」고 서술."
"bv:0042","カロテノイド","かろてのいど","","Carotenoid","JARGON","BODY_COLOR","황색소포 과립의 발색 화합물. 스스로 합성 불가, 먹이에서 섭취. 楊貴妃는 아스타잔틴이 많음.","","https://medakazukan.net/822-2/ | https://medakapedia.com/glossary | https://jma-medaka.com/wp-content/uploads/2022/08/250901_【公式】品種分類マニュアル_第５版.pdf","3","1:협회","2026-09-28","","color.tsv:43",""
"bv:0043","虹色素胞","こうしきそほう","","Iridophore","JARGON","LUSTER","광택·은색을 내는 색소포. 구아닌 판상결정(반사소판)으로 빛을 반사. 라메·체외광 등의 원인. JMA 형질 그룹명이기도 함.","","https://medakazukan.net/822-2/ | https://www.aqualassic.com/medakaschool_21/ | https://www.medakalog.shop/medaka-glossary | https://medakapedia.com/glossary | https://jma-medaka.com/wp-content/uploads/2022/08/250901_【公式】品種分類マニュアル_第５版.pdf","5","1:협회","2026-09-28","","color.tsv:44","JMA 虹色素胞 그룹: ラメ·体外光·体内光·全身体内光·腹膜光·ヒレライン."
"bv:0044","反射小板","はんしゃしょうばん","","Reflecting platelet","JARGON","LUSTER","세포 내 소기관. 주로 구아닌인 퓨린체의 판상결정.","","https://medakazukan.net/822-2/ | https://medakapedia.com/glossary","2","2:도감·출판","2026-09-28","","color.tsv:45",""
"bv:0045","グアニン","ぐあにん","구아닌","Guanine","JARGON","LUSTER","홍색소포(虹, 구아닌 반사) 반사판의 주성분. 애호가는 광택 부분 자체를 「グアニン」「グアニン層」이라 부르기도 함.","","https://medakapedia.com/glossary | https://hinsyu-zukan.satumano-medakayasan.com/%E7%94%A8%E8%AA%9E%E9%9B%86/ | https://piscesbook.com/archives/6711 | https://medakasuisan.com/medaka/post-2892/ | https://gall.dcinside.com/board/view/?id=fish&no=985428","5","2:도감·출판","2026-09-28","","color.tsv:46","SATU: 「虹色素胞（グアニンとも呼ばれるキラキラの部分）」."
"bv:0046","透明鱗","とうめいりん","투명린","Transparent scale / transparent scale","TRAIT","SCALE","아가미뚜껑 홍색소포(虹, 구아닌 반사)가 결여되어 혈액이 비쳐 볼이 붉게 보이는(赤エラ) 특징. 체색이 약간 투명해지고 ヒレ美, 부분 탈색 등도 동반.","","https://jma-medaka.com/wp-content/uploads/2022/08/250901_【公式】品種分類マニュアル_第５版.pdf | https://jma-medaka.com/wp-content/uploads/2022/08/形質一覧表（第５版）_250901.pdf | https://www.practical-aqualabo.com/medaka-yougoshu/ | https://hinsyu-zukan.satumano-medakayasan.com/%E7%94%A8%E8%AA%9E%E9%9B%86/ | https://medakapedia.com/glossary | https://www.soramedaka.com/type | https://www.aqualassic.com/medakaschool_18/ | https://t-aquagarden.com/column/medaka_body | https://medakagallery.com/","9","1:협회","2026-09-28","","color.tsv:47; morph.tsv:85","[다른 정의 morph.tsv:85] 아가미뚜껑 홍색소포 결여로 아가미가 붉게 비침(赤エラ)이 판정 기준. 체색이 약간 투명, 지느러미 색(ヒレ美), 부분 탈색 등도 동반. 라메는 투명린성에 발현하지 않음. ‖ JMA 판정 기준은 赤エラ. SATU는 현재 대부분 품종에 透明鱗性이 섞여 있다고 보고 볼이 붉은 것만 태그. ‖ HAZARD: 이름은 \""비늘\""이지만 비늘 구조가 아니라 홍색소포(구아닌) 결여 형질(JMA·HZ). AQLAB는「鱗の色素が抜けて透明」로 서술. 투명린 계열은 강도 4단계: 普通鱗<半透明鱗<透明鱗<強透明鱗."
"bv:0047","赤エラ","あかえら","","red gill","JARGON","SCALE","아가미뚜껑이 붉게 비치는 상태. JMA의 透明鱗 판정 기준.","","https://jma-medaka.com/wp-content/uploads/2022/08/250901_【公式】品種分類マニュアル_第５版.pdf","1","1:협회","2026-09-28","","color.tsv:48; morph.tsv:92","[다른 정의 morph.tsv:92] 아가미뚜껑이 붉게 비치는 것 — 투명린 판정 기준."
"bv:0048","透明鱗（片ホホ）","とうめいりん（かたほほ）","","","TRAIT","SCALE","한쪽 아가미뚜껑만 赤エラ인 透明鱗.","","https://jma-medaka.com/wp-content/uploads/2022/08/250901_【公式】品種分類マニュアル_第５版.pdf | https://jma-medaka.com/wp-content/uploads/2022/08/形質一覧表（第５版）_250901.pdf","2","1:협회","2026-09-28","","color.tsv:49",""
"bv:0049","透明鱗（ホホ無し）","とうめいりん（ほほなし）","","","TRAIT","SCALE","赤エラ는 안 보이지만 ヒレ美 등 다른 透明鱗 특징이 나타나는 개체.","","https://jma-medaka.com/wp-content/uploads/2022/08/250901_【公式】品種分類マニュアル_第５版.pdf | https://jma-medaka.com/wp-content/uploads/2022/08/形質一覧表（第５版）_250901.pdf","2","1:협회","2026-09-28","","color.tsv:50","JMA 주석: 「非透明鱗」이 ホホ無し를 가리키는 경우가 있으나 非透明鱗三色의 非透明鱗과는 다른 뜻."
"bv:0050","普通鱗","ふつうりん","","normal scale","TRAIT","SCALE","透明鱗 특징이 없는 야생형 비늘. 홍채·아가미·복막에 홍색소포(虹, 구아닌 반사)가 있음.","","https://jma-medaka.com/wp-content/uploads/2022/08/250901_【公式】品種分類マニュアル_第５版.pdf | https://www.aqualassic.com/medakaschool_18/","2","1:협회","2026-09-28","","color.tsv:51; morph.tsv:86; strain.tsv:402","kind 이견: color.tsv:51=TRAIT, morph.tsv:86=TRAIT, strain.tsv:402=JARGON ‖ [다른 정의 morph.tsv:86] 투명린 특징을 갖지 않는 야생형 비늘. ‖ [다른 정의 strain.tsv:402] 투명린과 비교해 일반 비늘을 부르는 말."
"bv:0051","半透明鱗","はんとうめいりん","반투명린","Semi-transparent scale (Aurora) / semi-transparent scale","TRAIT","SCALE","普通鱗과 透明鱗의 중간으로 투명감 있는 체색. 황색소포가 부분적으로 발현하거나 비늘이 흑으로 테두리지는 경향.","","https://jma-medaka.com/wp-content/uploads/2022/08/250901_【公式】品種分類マニュアル_第５版.pdf | https://jma-medaka.com/wp-content/uploads/2022/08/形質一覧表（第５版）_250901.pdf | https://www.practical-aqualabo.com/medaka-yougoshu/ | https://medakapedia.com/glossary | https://www.aqualassic.com/medakaschool_18/ | https://medakazukan.net/charactaristics_real-longfin/","6","1:협회","2026-09-28","","color.tsv:52; morph.tsv:87","[다른 정의 morph.tsv:87] 보통린과 투명린의 중간 표현으로 투명감 있는 체색. 황색소포가 부분 발현하는 특징이 있어 흰 바탕 2색(紅白) 작출에 쓰임. 비늘 테두리가 검게 되는 특징(도감 인용). ‖ JMA: 「オーロラ形質＝半透明鱗」이지만 「オーロラ系統＝半透明鱗」은 아님. ‖ JMA: 품종명에「オーロラ」사용 불가,「半透明鱗」만. AQLAB는「透明な部分と通常の鱗が混ざった状態」로 정의 — JMA와 다름."
"bv:0052","オーロラ","おーろら","오로라","Aurora / aurora","TRAIT","SCALE","계통명이자 형질명. 형질로는 머리 부근이 뿌옇게 비치고 볼이 옅은 보라~핑크로 비치는 특징(=半透明鱗). 계통으로는 초대 오로라 메다카의 자손 전체.","","https://jma-medaka.com/wp-content/uploads/2022/08/250901_【公式】品種分類マニュアル_第５版.pdf | https://hinsyu-zukan.satumano-medakayasan.com/%E7%94%A8%E8%AA%9E%E9%9B%86/ | https://medakanoyakata.shop-pro.jp/?mode=f28 | https://br-choku.com/column/medaka-lame-variety-guide | https://www.aqualassic.com/medakaschool_18/","5","1:협회","2026-09-28","","color.tsv:53; morph.tsv:88","kind 이견: color.tsv:53=STRAIN, morph.tsv:88=TRAIT ‖ [다른 정의 morph.tsv:88] JMA는 오로라 계통(초대 오로라의 모든 자손)과 오로라 형질(머리 부근이 흐릿하게 비치고 볼이 옅은 보라)을 구분; 형질=半透明鱗. ‖ SATU: 다색 라메 품종이 많음. F89: オーロラ幹之에서 黒幹之 고정. ‖ HAZARD: 계통명과 형질명이 같은 단어. HZ는 오로라를「目」항목에 두고 엘라뚜껑 홍색소포가 적어 머리가 핑크로 번지는 투명린종으로 설명."
"bv:0053","オーロラ系統","おーろらけいとう","","","JARGON","SCALE","초대 오로라 메다카에서 태어난 모든 개체군. オーロラ 형질이 없는 개체도 포함.","","https://jma-medaka.com/wp-content/uploads/2022/08/250901_【公式】品種分類マニュアル_第５版.pdf","1","1:협회","2026-09-28","","color.tsv:54; strain.tsv:371","axis 이견: color.tsv:54=SCALE, strain.tsv:371=OTHER ‖ [다른 정의 strain.tsv:371] 초대 오로라 메다카에서 나온 모든 개체군. 반투명린 형질이 없는 개체도 포함."
"bv:0054","非透明鱗","ひとうめいりん","","Non-transparent scale","JARGON","SCALE","(1) 系統: 幹之를 조상으로 두고 透明鱗 형질 메다카를 조상에 두지 않는 삼색 계통(JMA). (2) 普通鱗도 透明鱗도 아닌 비늘(피시즈). JMA는 목시 판별이 안 되므로 형질로 분류하지 않음.","","https://jma-medaka.com/wp-content/uploads/2022/08/250901_【公式】品種分類マニュアル_第５版.pdf | https://piscesbook.com/archives/2201 | https://blog.mpj-aqualife.com/archives/14867","3","1:협회","2026-09-28","","color.tsv:55; morph.tsv:93","kind 이견: color.tsv:55=JARGON, morph.tsv:93=STRAIN ‖ [다른 정의 morph.tsv:93] 계통으로서는 幹之를 조상으로 하고 투명린 형질 조상을 갖지 않는 三色 계통. 형질로서는 목시 판별 불가라 JMA 미분류. ‖ 정의 불일치: JMA는 계통 개념, piscesbook은 「普通鱗でも透明鱗でもないもの」, 透明鱗（ホホ無し）를 가리키는 용법도 있음(JMA 주석). ‖ HAZARD: 이름과 달리 비늘 구조·투명도 형질이 아님; 투명린(ホホ無し)을 뜻하는 용법도 있어 정반대 의미 혼재."
"bv:0055","強透明鱗","きょうとうめいりん","","","TRAIT","SCALE","홍채·아가미·복막의 홍색소포(虹, 구아닌 반사)가 모두 결여된 상태. 보통눈이면 パンダ, 알비노면 シースルー.","","https://jma-medaka.com/wp-content/uploads/2022/08/250901_【公式】品種分類マニュアル_第５版.pdf | https://www.aqualassic.com/medakaschool_18/","2","1:협회","2026-09-28","","color.tsv:56; morph.tsv:89","kind 이견: color.tsv:56=JARGON, morph.tsv:89=TRAIT ‖ [다른 정의 morph.tsv:89] 홍채·아가미·복막의 홍색소포가 모두 결여된 가장 강한 투명 표현. 보통눈이면 파란다, 알비노면 시스루로 분류. ‖ JMA 補足資料 3.9.2 도표 용어. ‖ JMA 형질표에는 독립 항목 없음(파란다·シースルー로 분산)."
"bv:0056","スケルトン","すけるとん","","Skeleton","TRAIT","SCALE","透明鱗을 달리 부르는 판매 표현.","","https://t-aquagarden.com/column/medaka_variety","1","3:번식장·샵","2026-09-28","단일 출처(샵·블로그)","color.tsv:57","TAG 「透明鱗、スケルトン」 병기. 1개 출처."
"bv:0057","シースルー","しーするー","","See-through","TRAIT","SCALE","알비노에서 홍색소포(虹, 구아닌 반사)가 결여되어 내장까지 비쳐 보이는 특징(JMA 共通補足).","","https://jma-medaka.com/wp-content/uploads/2022/08/250901_【公式】品種分類マニュアル_第５版.pdf | https://jma-medaka.com/wp-content/uploads/2022/08/形質一覧表（第５版）_250901.pdf | https://jma-medaka.com/wp-content/uploads/2022/08/2020nixtukune-mu.pdf","3","1:협회","2026-09-28","","color.tsv:58",""
"bv:0058","アルビノ","あるびの","알비노","Albino / albino","TRAIT","EYE","멜라닌 합성이 안 되어 눈이 혈액색으로 붉게 비침. 체색은 백·핑크·황·오렌지(朱赤)계로 한정.","","https://jma-medaka.com/wp-content/uploads/2022/08/250901_【公式】品種分類マニュアル_第５版.pdf | https://jma-medaka.com/wp-content/uploads/2022/08/形質一覧表（第５版）_250901.pdf | https://www.practical-aqualabo.com/medaka-yougoshu/ | https://medakapedia.com/glossary | https://www.aquaranked.com/reviews/ricefish-strains-guide/ | https://br-choku.com/en/column/medaka-breed-comparison | https://www.aqualassic.com/medakaschool_20/ | https://t-aquagarden.com/column/medaka_eye","8","1:협회","2026-09-28","","color.tsv:59; morph.tsv:78","[다른 정의 morph.tsv:78] 멜라닌 합성이 안 되어 혈액색이 비쳐 눈이 빨감. 체색은 흰·핑크·황·오렌지계에 한정. ‖ EYE-색 형질(체색 축과 중복 가능)."
"bv:0059","チェンジカラー（ブドウ目）","ちぇんじからー（ぶどうめ）","","","TRAIT","EYE","미량의 멜라닌으로 보는 각도에 따라 눈색이 적→흑으로 변하는 アルビノ/ルビーアイ의 形質補足.","","https://jma-medaka.com/wp-content/uploads/2022/08/250901_【公式】品種分類マニュアル_第５版.pdf | https://jma-medaka.com/wp-content/uploads/2022/08/形質一覧表（第５版）_250901.pdf","2","1:협회","2026-09-28","","color.tsv:60","표기 차: MPG는 Ruby eye=ブドウ目, JMA는 ルビーアイ를 ブドウ目이라 하면서 チェンジカラー（ブドウ目）도 병기."
"bv:0060","パンダ","ぱんだ","판다 / 팬더","Panda / panda","TRAIT","EYE","눈과 복부의 홍색소포(虹, 구아닌 반사)가 결여되어 홍채가 검고 눈 전체가 검게 보이는 특징. 상견에서 눈 부분이 검으면 パンダ로 분류.","","https://jma-medaka.com/wp-content/uploads/2022/08/250901_【公式】品種分類マニュアル_第５版.pdf | https://jma-medaka.com/wp-content/uploads/2022/08/形質一覧表（第５版）_250901.pdf | https://www.practical-aqualabo.com/medaka-yougoshu/ | https://medakapedia.com/glossary | https://medakagallery.com/ | https://www.aqualassic.com/medakaschool_20/ | https://www.aqualassic.com/medakaschool_18/ | https://t-aquagarden.com/column/medaka_eye","8","1:협회","2026-09-28","","color.tsv:61; morph.tsv:77","[다른 정의 morph.tsv:77] 눈과 복부의 홍색소포가 결여되어 홍채가 검고 눈 전체가 까맣게 보임. 위에서 봐서 눈에 흑이 있으면 판다로 분류(횡견으로는 보통눈처럼 보이는 개체도 있음). 히카리 체형 판다는 등 빛이 드묾. ‖ PAL은 「目の周囲が黒く見える…腹膜の色が透けて」, JMA는 홍채·눈 전체가 검다고 정의. 무늬가 아니라 눈 형질. ‖ EYE-색 형질(체색 축 목록과 중복 가능). 원인 불일치: JMA=홍채·복막 홍색소포 결여, AQLAB=「腹膜の色が透けて見える」. AQL18은 強透明鱗의 별칭으로 병기."
"bv:0061","モザイクパンダ","もざいくぱんだ","","Mosaic panda","TRAIT","EYE","알비노의 홍채와 복부 곳곳에 흑이 발현하는 특징(JMA 共通補足).","","https://jma-medaka.com/wp-content/uploads/2022/08/250901_【公式】品種分類マニュアル_第５版.pdf | https://jma-medaka.com/wp-content/uploads/2022/08/形質一覧表（第５版）_250901.pdf","2","1:협회","2026-09-28","","color.tsv:62",""
"bv:0062","ラメ","らめ","라메","Lamé","TRAIT","LUSTER","비늘 한 장 한 장에 홍색소포(虹, 구아닌 반사)가 모여 반짝이는 형질. 한 방향에서 약 20장 이상 빛나면 ラメ. 透明鱗性에는 발현하지 않음. 상견에서 돋보임.","","https://jma-medaka.com/wp-content/uploads/2022/08/250901_【公式】品種分類マニュアル_第５版.pdf | https://jma-medaka.com/wp-content/uploads/2022/08/形質一覧表（第５版）_250901.pdf | https://www.aqualassic.com/medakaschool_21/ | https://www.practical-aqualabo.com/medaka-yougoshu/ | https://namu.wiki/w/%EC%86%A1%EC%82%AC%EB%A6%AC | https://goldmoonaqua.com/category/%EB%A9%94%EB%8B%A4%EC%B9%B4/71/ | https://medakapedia.com/glossary","7","1:협회","2026-09-28","","color.tsv:63","AL67: 자연 개체의 라메는 2~5알 정도였음. 어원은 프랑스어 금속사 직물(AQR, TAGEN)."
"bv:0063","ラメ（白）","らめ（しろ）","","","TRAIT","LUSTER","라메 색이 백색 단색. 半透明鱗과 교배되지 않은 라메에 많음.","","https://jma-medaka.com/wp-content/uploads/2022/08/250901_【公式】品種分類マニュアル_第５版.pdf | https://jma-medaka.com/wp-content/uploads/2022/08/形質一覧表（第５版）_250901.pdf | https://www.aqualassic.com/medakaschool_21/","3","1:협회","2026-09-28","","color.tsv:64","AQL21: 라메는 「白（銀）」이 기본색."
"bv:0064","ラメ（多色）","らめ（たしょく）","","","TRAIT","LUSTER","청·오렌지·금·핑크 등 여러 색의 라메가 동시에 발현. 半透明鱗性과 교배된 라메에 많음.","","https://jma-medaka.com/wp-content/uploads/2022/08/250901_【公式】品種分類マニュアル_第５版.pdf | https://jma-medaka.com/wp-content/uploads/2022/08/形質一覧表（第５版）_250901.pdf | https://www.aqualassic.com/medakaschool_21/ | https://jma-medaka.com/wp-content/uploads/2022/08/2020nixtukune-mu.pdf","4","1:협회","2026-09-28","","color.tsv:65","早見表: 黒ラメ幹之 = ブラックラメメダカ + ラメ（多色）."
"bv:0065","ラメ（青）","らめ（あお）","","","TRAIT","LUSTER","라메 색이 청색 단색. 대표 품종은 2020 静楽庵 「黒ラメ幹之サファイア系」.","","https://jma-medaka.com/wp-content/uploads/2022/08/250901_【公式】品種分類マニュアル_第５版.pdf | https://jma-medaka.com/wp-content/uploads/2022/08/形質一覧表（第５版）_250901.pdf | https://www.aqualassic.com/medakaschool_21/","3","1:협회","2026-09-28","","color.tsv:66",""
"bv:0066","色ラメ","いろらめ","","","JARGON","LUSTER","라메 색을 한 색(청·녹·핑크 등)으로 통일한 라메의 개념.","","https://www.aqualassic.com/medakaschool_21/ | https://www.aqualassic.com/medaka_sapphire/","2","3:번식장·샵","2026-09-28","","color.tsv:67","연도 불일치: AQL21 「色ラメの概念が登場したのは2022年以降」 vs AQLS 「2020年にサファイアが登場してから」."
"bv:0067","青ラメ","あおらめ","","","TRAIT","LUSTER","청색 라메. 통일 방향의 개량명은 サファイア.","","https://www.aqualassic.com/medakaschool_21/ | https://www.aqualassic.com/medaka_sapphire/ | https://blog.mpj-aqualife.com/archives/14871","3","3:번식장·샵","2026-09-28","","color.tsv:68","「青ラメ幹之(星河)」의 青은 체색(青体色)이므로 라메색과 구별 필요(inferred)."
"bv:0068","緑ラメ","みどりらめ","","","TRAIT","LUSTER","녹색 라메. 통일 방향의 개량명은 ミント.","","https://www.aqualassic.com/medakaschool_21/ | https://www.aqualassic.com/medaka_sapphire/","2","3:번식장·샵","2026-09-28","","color.tsv:69",""
"bv:0069","ピンクラメ","ぴんくらめ","","","TRAIT","LUSTER","핑크 라메. 통일 방향의 개량명은 さくら.","","https://www.aqualassic.com/medakaschool_21/","1","3:번식장·샵","2026-09-28","단일 출처(샵·블로그)","color.tsv:70",""
"bv:0070","黒ラメ","くろらめ","","","STRAIN","LUSTER","블랙 체색에 라메가 오른 것(品種名 ブラックラメ). 黒은 라메 색이 아니라 체색.","","https://blog.mpj-aqualife.com/archives/14871 | https://www.aqualassic.com/medaka_sapphire/ | https://jma-medaka.com/wp-content/uploads/2022/08/2020nixtukune-mu.pdf | https://hiroshan-medaka.com/archives/2019/08/26/11531/","4","1:협회","2026-09-28","","color.tsv:71",""
"bv:0071","虹ラメ","にじらめ","","","TRAIT","LUSTER","무지개색(다색)으로 빛나는 라메를 이르는 애호가 표현.","","https://hiroshan-medaka.com/archives/2019/08/26/11531/","1","4:블로그·위키·포럼","2026-09-28","단일 출처(샵·블로그)","color.tsv:72","HIRO: 「黒ラメ幹之メダカは…虹ラメタイプ」, 「オーロラブラックラメは、青に近い虹ラメ」. 비공식 용어."
"bv:0072","ラメ密度","らめみつど","","","MODIFIER","LUSTER","몸에 오른 라메의 조밀함. 가격·등급 평가와 종친 선별의 기준.","","https://ameblo.jp/fukufukumedaka/entry-12719432371.html","1","4:블로그·위키·포럼","2026-09-28","단일 출처(샵·블로그)","color.tsv:73","FUKU: 흑용기에서도 라메 밀도가 높은 개체를 종친으로. 체외광이 뻗으면 라메를 가려 보기 어려워짐."
"bv:0073","ラメ幹之","らめみゆき","","","STRAIN","LUSTER","幹之(체외광)와 라메의 교잡 계열. 幹之를 교배해 몸을 덮는 라메가 가능해짐. JMA는 라메와 체외광을 분리하여 品種名에서는 ラメ로 표기.","","https://jma-medaka.com/wp-content/uploads/2022/08/250901_【公式】品種分類マニュアル_第５版.pdf | https://medakanoyakata.shop-pro.jp/?mode=f28 | https://www.medakanoyakata.jp/?mode=f89 | https://medakazukan.net/charactaristics/ | https://www.aqualassic.com/medaka_miyuki/","5","1:협회","2026-09-28","","color.tsv:74; strain.tsv:29","[다른 정의 strain.tsv:29] 체외광이 등에 몰리지 않고 비늘에 흩어지는 라메 변이 미유키. ‖ F89: 幹之 특유의 청백광이 라메 모양으로 나타나 통상 라메와 색이 다름. ‖ JMA: 과거 '라메 미유키(라메 체외광)'로 불림."
"bv:0074","体外光","たいがいこう","체외광","Body-external light","TRAIT","LUSTER","등에 청백색 빛이 발현하는 형질. 등지느러미 부근에서 머리 쪽으로 뻗는 것이 기본이며 입끝까지 오면 우량. 상견에서 가장 잘 보임. 홍색소포(虹, 구아닌 반사)가 등에 이소적으로 발현한 것으로 추정.","","https://jma-medaka.com/wp-content/uploads/2022/08/250901_【公式】品種分類マニュアル_第５版.pdf | https://jma-medaka.com/wp-content/uploads/2022/08/形質一覧表（第５版）_250901.pdf | https://www.aqualassic.com/medakaschool_21/ | https://nikkan-medaka.com/blog/taigaikoh/ | https://www.practical-aqualabo.com/medaka-yougoshu/ | https://medakanoyakata.shop-pro.jp/?mode=f28 | https://goldmoonaqua.com/category/%EB%A9%94%EB%8B%A4%EC%B9%B4/71/ | https://medakapedia.com/glossary","8","1:협회","2026-09-28","","color.tsv:75","AQL21: 청·백·흑계와 궁합이 좋고 적·오렌지·황계와 동시 유전이 어려움."
"bv:0075","幹之","みゆき","미유키","Miyuki","STRAIN","LUSTER","2007 菅高志가 발견한 청체색+체외광 메다카의 닉네임(品種名 青体外光メダカ). 체외광의 대명사.","","https://jma-medaka.com/wp-content/uploads/2022/08/250901_【公式】品種分類マニュアル_第５版.pdf | https://jma-medaka.com/wp-content/uploads/2022/08/2020nixtukune-mu.pdf | https://www.aqualassic.com/medaka_miyuki/ | https://medakapedia.com/strains/miyuki | https://namu.wiki/w/%EC%86%A1%EC%82%AC%EB%A6%AC | https://petfish.co.kr/list.php?category=5r01 | https://hinsyu-zukan.satumano-medakayasan.com/page/19/","7","1:협회","2026-09-28","","color.tsv:76; strain.tsv:3","[다른 정의 strain.tsv:3] 등에 청백색 체외광이 실리는 품종. 체외광 형질의 기원. ‖ 이름은 작출자 딸 이름 유래(PAPA, AQLM 등). AQR은 광택 형질을 「hikari」라 한다고 썼으나 JMA에서 ヒカリ는 체형명 — 영문 출처 오류로 보임. ‖ 愛媛・菅高志, 2007 발견(medakapedia는 2008). 초기명 '背中光強ダルマ'. JMA 공식 품종명은 '青体外光' 등 형질 조합."
"bv:0076","幹之的光","みゆきてきひかり","","","JARGON","LUSTER","幹之 특유의 등의 빛(=체외광)을 가리키는 めだかの館 용어.","","https://medakanoyakata.shop-pro.jp/?mode=f28 | https://www.medakanoyakata.jp/?mode=f89","2","3:번식장·샵","2026-09-28","읽기 추정","color.tsv:77","読み 추정(원문 후리가나 없음)."
"bv:0077","背中光強","せなかひかりつよ","","","STRAIN","LUSTER","2007 제1회 일본메다카품평회 출품작 「背中光強ダルマ」·「背中光強メダカ」 — 이후의 幹之.","","https://jma-medaka.com/wp-content/uploads/2022/08/250901_【公式】品種分類マニュアル_第５版.pdf | https://medaka.papa77.com/miyuki-medaka/","2","1:협회","2026-09-28","","color.tsv:78","読み 불확실."
"bv:0078","体外光（白）","たいがいこう（しろ）","","","TRAIT","LUSTER","백색 체외광. 빛의 층이 두꺼울수록 희어지는 경향.","","https://jma-medaka.com/wp-content/uploads/2022/08/250901_【公式】品種分類マニュアル_第５版.pdf | https://jma-medaka.com/wp-content/uploads/2022/08/形質一覧表（第５版）_250901.pdf | https://medakanoyakata.muragon.com/entry/333.html","3","1:협회","2026-09-28","","color.tsv:79",""
"bv:0079","体外光（青）","たいがいこう（あお）","","","TRAIT","LUSTER","청백색 체외광. 일반적으로 말하는 체외광의 색.","","https://jma-medaka.com/wp-content/uploads/2022/08/250901_【公式】品種分類マニュアル_第５版.pdf | https://jma-medaka.com/wp-content/uploads/2022/08/形質一覧表（第５版）_250901.pdf | https://medakanoyakata.muragon.com/entry/333.html | https://nikkan-medaka.com/blog/taigaikoh/","4","1:협회","2026-09-28","","color.tsv:80",""
"bv:0080","体外光（金）","たいがいこう（きん）","","","TRAIT","LUSTER","금색 체외광. 블랙 체색의 체외광에 잘 나옴.","","https://jma-medaka.com/wp-content/uploads/2022/08/250901_【公式】品種分類マニュアル_第５版.pdf | https://jma-medaka.com/wp-content/uploads/2022/08/形質一覧表（第５版）_250901.pdf | https://medakanoyakata.muragon.com/entry/333.html","3","1:협회","2026-09-28","","color.tsv:81","NIK: 황금색 체외광 예로 古龍."
"bv:0081","体外光（緑）","たいがいこう（みどり）","","","TRAIT","LUSTER","녹색 체외광. 青（緑） 체색에 발현.","","https://jma-medaka.com/wp-content/uploads/2022/08/250901_【公式】品種分類マニュアル_第５版.pdf | https://jma-medaka.com/wp-content/uploads/2022/08/形質一覧表（第５版）_250901.pdf | https://medakanoyakata.muragon.com/entry/333.html | https://nikkan-medaka.com/blog/taigaikoh/","4","1:협회","2026-09-28","","color.tsv:82","NIK: 예로 緑光."
"bv:0082","体外光（二色）","たいがいこう（にしょく）","","","TRAIT","LUSTER","머리와 등의 빛 색이 다른 체외광(보통 머리 백, 등 청).","","https://jma-medaka.com/wp-content/uploads/2022/08/250901_【公式】品種分類マニュアル_第５版.pdf | https://jma-medaka.com/wp-content/uploads/2022/08/形質一覧表（第５版）_250901.pdf | https://medakanoyakata.muragon.com/entry/333.html | https://jma-medaka.com/wp-content/uploads/2022/08/2020nixtukune-mu.pdf","4","1:협회","2026-09-28","","color.tsv:83","早見表에는 「体外光（２色）」."
"bv:0083","頭光","とうこう","","","TRAIT","LUSTER","머리에만 빛이 발현하는 체외광의 形質補足(光の位置). ヒカリ체형의 頭光과는 다른 형질.","","https://jma-medaka.com/wp-content/uploads/2022/08/250901_【公式】品種分類マニュアル_第５版.pdf | https://jma-medaka.com/wp-content/uploads/2022/08/形質一覧表（第５版）_250901.pdf | https://nikkan-medaka.com/blog/taigaikoh/","3","1:협회","2026-09-28","","color.tsv:84",""
"bv:0084","横光","よこひかり","","","TRAIT","LUSTER","몸 옆면에 발현하는 체외광(띠 모양, 뼈를 따른 선 모양 등).","","https://jma-medaka.com/wp-content/uploads/2022/08/250901_【公式】品種分類マニュアル_第５版.pdf | https://jma-medaka.com/wp-content/uploads/2022/08/形質一覧表（第５版）_250901.pdf | https://nikkan-medaka.com/blog/taigaikoh/ | https://jma-medaka.com/wp-content/uploads/2022/08/2020nixtukune-mu.pdf","4","1:협회","2026-09-28","","color.tsv:85","早見表: 胴光幹之 = 青体外光メダカ + 体外光（横光）."
"bv:0085","胴光","どうこう","","","STRAIN","LUSTER","「胴光幹之」 닉네임의 빛. JMA 표기로는 体外光（横光）.","","https://jma-medaka.com/wp-content/uploads/2022/08/2020nixtukune-mu.pdf","1","1:협회","2026-09-28","","color.tsv:86","読み 불확실(どうこう/どうひかり)."
"bv:0086","スポットラメ","すぽっとらめ","","","TRAIT","LUSTER","체외광이 띄엄띄엄 끊겨 하나하나가 문장처럼 보이는 체외광의 形質補足(光の形). 2020 和田氏 발견.","","https://jma-medaka.com/wp-content/uploads/2022/08/250901_【公式】品種分類マニュアル_第５版.pdf | https://jma-medaka.com/wp-content/uploads/2022/08/形質一覧表（第５版）_250901.pdf | https://nikkan-medaka.com/blog/taigaikoh/","3","1:협회","2026-09-28","","color.tsv:87","이름에 ラメ가 붙지만 JMA에서는 체외광의 형태."
"bv:0087","鱗光","りんこう","","Scale light (Rinkou)","TRAIT","LUSTER","비늘 눈을 따라 그물 모양으로 체외광이 발현하는 形質補足(光の形). 2019 垂水政治 작출; 같은 이름의 품종도 있음.","","https://jma-medaka.com/wp-content/uploads/2022/08/250901_【公式】品種分類マニュアル_第５版.pdf | https://jma-medaka.com/wp-content/uploads/2022/08/形質一覧表（第５版）_250901.pdf | https://nikkan-medaka.com/blog/taigaikoh/ | https://blog.mpj-aqualife.com/archives/14867 | https://hinsyu-zukan.satumano-medakayasan.com/%E7%94%A8%E8%AA%9E%E9%9B%86/ | https://medakapedia.com/glossary | https://hinsyu-zukan.satumano-medakayasan.com/page/16/ | https://www.medakalog.shop/medaka-hinshu-zukan","8","1:협회","2026-09-28","","color.tsv:88; strain.tsv:85","kind 이견: color.tsv:88=TRAIT, strain.tsv:85=STRAIN ‖ [다른 정의 strain.tsv:85] 청~황 체색에 등 비늘 하나하나가 두드러지는 빛. ‖ AL67: 이음매 없이 한 줄로 빛나는 체외광과 달리 비늘을 따른 망목상. ‖ 愛媛・垂水政治, 2019. 같은 형질명 '鱗光'(체외광 형질보충)과 동명."
"bv:0088","鱗血統","うろこけっとう","","","JARGON","LUSTER","鱗光·ブロンズ·王妃 등 垂水政治 작출 품종의 鱗光 관련 통일 계통 호칭.","","https://jma-medaka.com/wp-content/uploads/2022/08/250901_【公式】品種分類マニュアル_第５版.pdf","1","1:협회","2026-09-28","","color.tsv:89; strain.tsv:370","axis 이견: color.tsv:89=LUSTER, strain.tsv:370=OTHER ‖ [다른 정의 strain.tsv:370] 垂水政治 작출 鱗光·ブロンズ·王妃 등 인광 관련 품종을 묶어 부르는 통일 계통명. ‖ 読み 불확실(うろこ/りん)."
"bv:0089","体内光","たいないこう","체내광","Body-internal light","TRAIT","LUSTER","체내(등지느러미 부근)에 청백색 빛. 빛의 층이 가로 판 모양이라 상견에서만 보이고 횡견에서는 거의 안 보임. 普通鱗性 개체에 발현.","","https://jma-medaka.com/wp-content/uploads/2022/08/250901_【公式】品種分類マニュアル_第５版.pdf | https://jma-medaka.com/wp-content/uploads/2022/08/形質一覧表（第５版）_250901.pdf | https://medakanoyakata.shop-pro.jp/?mode=f28 | https://www.practical-aqualabo.com/medaka-yougoshu/ | https://piscesbook.com/archives/6711 | https://medakapedia.com/strains/miyuki","6","1:협회","2026-09-28","","color.tsv:90","2008 戸松具視 출품. P6711: 색은 형광녹~황·오렌지, 체외광이 덮으면 체내광이 가려져 체외광을 없애는 방향으로 개량."
"bv:0090","体内光（青白）","たいないこう（あおじろ）","","","TRAIT","LUSTER","청백색 체내광(일반적). 白·クリーム 체색에 잘 나옴.","","https://jma-medaka.com/wp-content/uploads/2022/08/250901_【公式】品種分類マニュアル_第５版.pdf | https://jma-medaka.com/wp-content/uploads/2022/08/形質一覧表（第５版）_250901.pdf","2","1:협회","2026-09-28","","color.tsv:91",""
"bv:0091","体内光（緑）","たいないこう（みどり）","","","TRAIT","LUSTER","녹색 체내광. 青（緑） 체색에 잘 나옴.","","https://jma-medaka.com/wp-content/uploads/2022/08/250901_【公式】品種分類マニュアル_第５版.pdf | https://jma-medaka.com/wp-content/uploads/2022/08/形質一覧表（第５版）_250901.pdf","2","1:협회","2026-09-28","","color.tsv:92",""
"bv:0092","体内光（オレンジ）","たいないこう（おれんじ）","","","TRAIT","LUSTER","상시 오렌지색인 체내광(자극 시 일시적으로 오렌지가 되는 개체는 제외).","","https://jma-medaka.com/wp-content/uploads/2022/08/250901_【公式】品種分類マニュアル_第５版.pdf | https://jma-medaka.com/wp-content/uploads/2022/08/形質一覧表（第５版）_250901.pdf","2","1:협회","2026-09-28","","color.tsv:93",""
"bv:0093","体内光（多色）","たいないこう（たしょく）","","","TRAIT","LUSTER","2색 이상의 빛을 가진 체내광(드묾).","","https://jma-medaka.com/wp-content/uploads/2022/08/250901_【公式】品種分類マニュアル_第５版.pdf | https://jma-medaka.com/wp-content/uploads/2022/08/形質一覧表（第５版）_250901.pdf | https://jma-medaka.com/wp-content/uploads/2022/08/2020nixtukune-mu.pdf","3","1:협회","2026-09-28","","color.tsv:94",""
"bv:0094","体内光（青）","たいないこう（あお）","","","TRAIT","LUSTER","청색 체내광. 青 체색에 잘 나옴.","","https://jma-medaka.com/wp-content/uploads/2022/08/250901_【公式】品種分類マニュアル_第５版.pdf | https://jma-medaka.com/wp-content/uploads/2022/08/形質一覧表（第５版）_250901.pdf","2","1:협회","2026-09-28","","color.tsv:95",""
"bv:0095","口内光","こうないこう","","","TRAIT","LUSTER","눈~입끝 범위의 입 안에 체내광이 발현하는 体内光의 形質補足(光の位置). 2023 寺井令直 작출.","","https://jma-medaka.com/wp-content/uploads/2022/08/250901_【公式】品種分類マニュアル_第５版.pdf | https://jma-medaka.com/wp-content/uploads/2022/08/形質一覧表（第５版）_250901.pdf","2","1:협회","2026-09-28","","color.tsv:96",""
"bv:0096","スーパー体内光","すーぱーたいないこう","","","MODIFIER","LUSTER","가슴지느러미 부근까지 빛나는 고등급 체내광(2014 작출).","","https://jma-medaka.com/wp-content/uploads/2022/08/250901_【公式】品種分類マニュアル_第５版.pdf | https://medakanoyakata.shop-pro.jp/?mode=f28","2","1:협회","2026-09-28","","color.tsv:97",""
"bv:0097","全身体内光","ぜんしんたいないこう","","Full-body internal light","TRAIT","LUSTER","透明鱗·半透明鱗性 개체의 체내 거의 전역 또는 드문드문 선명한 빛. 그라데이션 다색. 상견으로만 확인.","","https://jma-medaka.com/wp-content/uploads/2022/08/250901_【公式】品種分類マニュアル_第５版.pdf | https://jma-medaka.com/wp-content/uploads/2022/08/形質一覧表（第５版）_250901.pdf | https://www.aqualassic.com/medakaschool_21/ | https://medakapedia.com/glossary","4","1:협회","2026-09-28","","color.tsv:98",""
"bv:0098","腹膜光","ふくまくこう","","Peritoneal light","TRAIT","LUSTER","透明鱗·半透明鱗性 개체의 복막부에만 나타나는 선명한 빛. 흑수조에서만 발현하고 상견으로만 확인. 색은 청·오렌지·다색.","","https://jma-medaka.com/wp-content/uploads/2022/08/250901_【公式】品種分類マニュアル_第５版.pdf | https://jma-medaka.com/wp-content/uploads/2022/08/形質一覧表（第５版）_250901.pdf | https://jma-medaka.com/wp-content/uploads/2022/08/2020nixtukune-mu.pdf | https://medakapedia.com/glossary","4","1:협회","2026-09-28","","color.tsv:99",""
"bv:0099","ヒレライン","ひれらいん","","","TRAIT","LUSTER","지느러미 연조를 따라 선 모양으로 홍색소포(虹, 구아닌 반사)가 발현. 2020 田中拓也 작출, 「モルフォ亜種」 하우스네임.","","https://jma-medaka.com/wp-content/uploads/2022/08/250901_【公式】品種分類マニュアル_第５版.pdf | https://jma-medaka.com/wp-content/uploads/2022/08/形質一覧表（第５版）_250901.pdf | https://www.aqualassic.com/medakaschool_21/","3","1:협회","2026-09-28","","color.tsv:100",""
"bv:0100","ヒレ光","ひれひかり","","Fin light","TRAIT","LUSTER","지느러미에 선명한 빛이 발현(JMA 共通補足). 흑수조에서만 발현. 상견용 체외광을 옆에서 봐도 좋을 정도의 강한 지느러미 빛이 기준.","","https://jma-medaka.com/wp-content/uploads/2022/08/250901_【公式】品種分類マニュアル_第５版.pdf | https://jma-medaka.com/wp-content/uploads/2022/08/形質一覧表（第５版）_250901.pdf | https://blog.mpj-aqualife.com/archives/14867 | https://medakapedia.com/glossary","4","1:협회","2026-09-28","","color.tsv:101","AL67: 一周光·モルフォ·サンセット幹之 등이 해당."
"bv:0101","一周光","いっしゅうこう","","","TRAIT","LUSTER","ヒレ光이 각 지느러미 가장자리를 한 바퀴 돌듯 발현(JMA 共通補足).","","https://jma-medaka.com/wp-content/uploads/2022/08/250901_【公式】品種分類マニュアル_第５版.pdf | https://jma-medaka.com/wp-content/uploads/2022/08/形質一覧表（第５版）_250901.pdf | https://blog.mpj-aqualife.com/archives/14867 | https://medakazukan.net/charactaristics/","4","1:협회","2026-09-28","","color.tsv:102",""
"bv:0102","側面光","そくめんこう","","","TRAIT","LUSTER","체표 측면에 구아닌이 발현해 빛나는 특징(JMA 共通補足). アースアイ 품종에 많음.","","https://jma-medaka.com/wp-content/uploads/2022/08/250901_【公式】品種分類マニュアル_第５版.pdf | https://jma-medaka.com/wp-content/uploads/2022/08/形質一覧表（第５版）_250901.pdf","2","1:협회","2026-09-28","","color.tsv:103",""
"bv:0103","ヒカリ体型の背中の光","ひかりたいけいのせなかのひかり","","","TRAIT","LUSTER","ヒカリ 체형에서 복부 홍색소포(虹, 구아닌 반사)가 등으로 옮겨 생기는 은색 단색 빛. 가슴지느러미까지만 발현. 체외광과 다름.","","https://jma-medaka.com/wp-content/uploads/2022/08/250901_【公式】品種分類マニュアル_第５版.pdf | https://medakanoyakata.muragon.com/entry/333.html","2","1:협회","2026-09-28","","color.tsv:104",""
"bv:0104","強光（ヒカリの形質補足）","きょうこう","","","MODIFIER","BODY_SHAPE","JMA: ヒカリ 체형의 등의 빛(체외광 아님)이 통상보다 강해 끊김없이 은색 줄로 보이는 形質補足 「ヒカリ（強光）」.","強光","https://jma-medaka.com/wp-content/uploads/2022/08/250901_【公式】品種分類マニュアル_第５版.pdf | https://jma-medaka.com/wp-content/uploads/2022/08/形質一覧表（第５版）_250901.pdf | https://jma-medaka.com/wp-content/uploads/2022/08/2020nixtukune-mu.pdf | https://medakazukan.net/0905_ougonsuperhikari/","4","1:협회","2026-09-28","일부 서술이 검색 스니펫 근거","color.tsv:105; morph.tsv:9","axis 이견: color.tsv:105=LUSTER, morph.tsv:9=BODY_SHAPE ‖ [다른 정의 morph.tsv:9] 히카리 체형의 등 빛(체외광과 다름)이 통상보다 강해 끊김 없는 은색 줄로 보이는 개체. 명확한 기준 없음, 선발교배로 작출. JMA 形質補足. ‖ 용법 충돌: 애호가 사이의 「強光」은 幹之 체외광 등급. 早見表: 舞姫(オレンジスーパーヒカリ)=オレンジヒカリ+ヒカリ（強光）. ‖ HAZARD: 幹之(체외광) 등급어에도「強光（スーパー光）」가 쓰인다는 검색 스니펫이 있음(미검증) — 같은 단어가 체형 보조와 광택 등급 두 축에 걸침."
"bv:0105","銀帯","ぎんおび","","","MODIFIER","BODY_SHAPE","ヒカリ 체형 등의 빛이 몸 옆까지 진행해 띠처럼 몸을 덮는 形質補足. 透明鱗性에 많음.","","https://jma-medaka.com/wp-content/uploads/2022/08/250901_【公式】品種分類マニュアル_第５版.pdf | https://jma-medaka.com/wp-content/uploads/2022/08/形質一覧表（第５版）_250901.pdf","2","1:협회","2026-09-28","","color.tsv:106; morph.tsv:11","axis 이견: color.tsv:106=LUSTER, morph.tsv:11=BODY_SHAPE ‖ [다른 정의 morph.tsv:11] 히카리 체형의 등 빛이 강해져 몸 옆까지 진행, 몸을 덮는 띠 모양 빛. 투명린성 개체에 많아 투명린 관여 추정. JMA 形質補足(ヒカリ・ヒカリダルマ)."
"bv:0106","螺鈿光","らでんこう","","Raden-kou","STRAIN","LUSTER","조개 나전세공을 떠올리게 하는 광택. 백체색에 체외광(순혈통은 청이 안 나옴).","","https://medaka1medaka.ocnk.net/page/10 | https://medakapedia.com/strains/miyuki | https://hinsyu-zukan.satumano-medakayasan.com/page/9/ | https://hinsyu-zukan.satumano-medakayasan.com/page/13/","4","2:도감·출판","2026-09-28","일부 서술이 검색 스니펫 근거","color.tsv:107; strain.tsv:183","[다른 정의 color.tsv:107] 몸 전체(특히 등쪽)에 여러 색조의 광택이 나는 계통. 나전세공에 비유. 幹之와 흡사해 동종·이종 논쟁이 있음. ‖ 기원 불일치: MEGU는 2002년 4월 香川 작출이 통설이라 하고, 검색 스니펫(medaka-school, 본문 미확인)은 2007 명명. MPM은 幹之의 옛 유통명으로 기술. ‖ hinsyu-zukan에 2건: 広島・め組。 2011 이전 / 香川・鈴木 2007 — 작출자 불일치."
"bv:0107","点光","てんこう","","","MODIFIER","LUSTER","幹之 등급 최하위: 등에 점처럼 빛이 조금 오른 개체.","","https://www.aqualassic.com/medaka_miyuki/ | https://jasma.sc/medaka/mikiyuki/ | https://medaka.papa77.com/miyuki-medaka/","3","3:번식장·샵","2026-09-28","읽기 추정","color.tsv:108; strain.tsv:335","[다른 정의 strain.tsv:335] 점처럼 드문드문한 최소 체외광 그레이드. ‖ 読み 추정."
"bv:0108","弱光","じゃっこう","","","MODIFIER","LUSTER","幹之 체외광 등급: 체장의 1/4까지(めだかの館·日刊めだか), 등에 부분적으로 빛(AQLM).","","https://medakanoyakata.shop-pro.jp/?mode=f28 | https://nikkan-medaka.com/blog/taigaikoh/ | https://www.aqualassic.com/medaka_miyuki/ | https://jasma.sc/medaka/mikiyuki/ | https://medaka.papa77.com/miyuki-medaka/ | https://medakasuisan.com/medaka/post-2892/","6","3:번식장·샵","2026-09-28","읽기 추정","color.tsv:109; strain.tsv:334","[다른 정의 strain.tsv:334] 등의 일부만 빛나는 미유키 그레이드. 저렴. ‖ 読み 추정(원문 후리가나 없음)."
"bv:0109","中光","ちゅうこう","","","MODIFIER","LUSTER","幹之 등급: 弱光과 強光 사이.","","https://www.aqualassic.com/medaka_miyuki/ | https://jasma.sc/medaka/mikiyuki/ | https://medaka.papa77.com/miyuki-medaka/","3","3:번식장·샵","2026-09-28","읽기 추정","color.tsv:110; strain.tsv:333","[다른 정의 strain.tsv:333] 강광과 약광 사이 범위의 체외광 그레이드. ‖ めだかの館·日刊めだか 등급표에는 없음. 読み 추정."
"bv:0110","強光（幹之グレード）","きょうこう","","","MODIFIER","LUSTER","체외광이 등의 절반 이상~머리 앞까지 실린 표준형 미유키 그레이드. JMA는 ヒカリ 체형 형질보충명으로도 사용.","強光","https://medakanoyakata.shop-pro.jp/?mode=f28 | https://nikkan-medaka.com/blog/taigaikoh/ | https://www.aqualassic.com/medaka_miyuki/ | https://jasma.sc/medaka/mikiyuki/ | https://medakasuisan.com/medaka/post-2892/ | https://t-aquagarden.com/column/miyuki_medaka | https://jma-medaka.com/wp-content/uploads/2022/08/250901_【公式】品種分類マニュアル_第５版.pdf","7","1:협회","2026-09-28","","color.tsv:111; strain.tsv:332","[다른 정의 color.tsv:111] 幹之 체외광 등급: 체장의 절반까지(めだかの館·日刊めだか), 등의 절반 이상(AQLM). 현재의 표준 수준. ‖ 불일치: AQLM·JASMA는 「強光（スーパー光）」로 동일시, めだかの館·日刊めだか는 強光 < スーパー光로 구분."
"bv:0111","スーパー光","すーぱーこう","","","MODIFIER","LUSTER","幹之 체외광 등급: 가슴지느러미 기부(부근)까지 빛남.","","https://medakanoyakata.shop-pro.jp/?mode=f28 | https://nikkan-medaka.com/blog/taigaikoh/ | https://medakasuisan.com/medaka/post-2892/ | https://medaka.papa77.com/miyuki-medaka/","4","3:번식장·샵","2026-09-28","","color.tsv:112; strain.tsv:336","[다른 정의 strain.tsv:336] 강광과 같은 뜻으로 쓰이는 강화 그레이드. ‖ 読み 불확실(こう/ひかり)."
"bv:0112","強スーパー光","きょうすーぱーこう","","","MODIFIER","LUSTER","幹之 체외광 등급: 눈 부근까지 빛남.","","https://medakanoyakata.shop-pro.jp/?mode=f28 | https://nikkan-medaka.com/blog/taigaikoh/","2","3:번식장·샵","2026-09-28","읽기 추정","color.tsv:113","読み 추정."
"bv:0113","極光","きょっこう","","","MODIFIER","LUSTER","幹之 체외광 등급 최상위(めだかの館): 입끝까지 빛남.","","https://medakanoyakata.shop-pro.jp/?mode=f28 | https://nikkan-medaka.com/blog/taigaikoh/ | https://medaka.papa77.com/miyuki-medaka/","3","3:번식장·샵","2026-09-28","읽기 추정","color.tsv:114","読み 추정."
"bv:0114","フルボディ","ふるぼでぃ","풀바디","Full body","MODIFIER","LUSTER","등지느러미에서 입끝까지 등 전체가 빛나는 幹之 최상급.","","https://nikkan-medaka.com/blog/taigaikoh/ | https://jasma.sc/medaka/mikiyuki/ | https://medakasuisan.com/medaka/post-2892/ | https://www.aqualassic.com/medaka_miyuki/ | https://t-aquagarden.com/column/medaka_variety | https://goldmoonaqua.com/category/%EB%A9%94%EB%8B%A4%EC%B9%B4/71/ | https://br-choku.com/en/column/medaka-breed-comparison | https://t-aquagarden.com/column/miyuki_medaka | https://goldmoonaqua.com/product/%EB%AF%B8%EC%9C%A0%ED%82%A4-%ED%92%80%EB%B0%94%EB%94%94-%EB%A9%94%EB%8B%A4%EC%B9%B4-1%EC%8C%8D/110/ | https://br-choku.com/en/column/medaka-variety-guide","10","3:번식장·샵","2026-09-28","","color.tsv:115; strain.tsv:331","[다른 정의 strain.tsv:331] 체외광이 꼬리부터 머리 끝까지 등 전체에 뻗은 개체/그레이드. ‖ 불일치: JASMA는 유통되는 「鉄仮面」 대부분이 실은 フルボディ이고 진짜 鉄仮面은 얼굴 주위만 은색인 희귀 표현이라 구분. BREN(영문)은 Full Body 위에 「Super Luster」 등급을 둠(일본 등급 순서와 불일치). TAG는 이름 유래를 「鎧をまとっているよう」라 씀. ‖ 한국 샵 '미유키 풀바디'."
"bv:0115","鉄仮面","てっかめん","철가면 / 텟카멘","Tetsukamen (iron mask) / Tetsukamen / Iron Mask","MODIFIER","LUSTER","체외광이 머리 끝(얼굴)까지 덮은 幹之 최상급 표현.","","https://nikkan-medaka.com/blog/taigaikoh/ | https://jasma.sc/medaka/mikiyuki/ | https://www.aqualassic.com/medaka_miyuki/ | https://medaka.papa77.com/miyuki-medaka/ | https://medakasuisan.com/medaka/post-2892/ | https://t-aquagarden.com/column/medaka_variety | https://namu.wiki/w/%EC%86%A1%EC%82%AC%EB%A6%AC | https://jma-medaka.com/wp-content/uploads/2022/08/形質一覧表（第５版）_250901.pdf | https://goldmoonaqua.com/category/%EB%A9%94%EB%8B%A4%EC%B9%B4/71/ | https://hiroshan-medaka.com/archives/2016/07/20/2409/ | https://t-aquagarden.com/column/miyuki_medaka | https://medakapedia.com/strains/miyuki","12","1:협회","2026-09-28","일부 서술이 검색 스니펫 근거","color.tsv:116; morph.tsv:101; strain.tsv:330","axis 이견: color.tsv:116=LUSTER, morph.tsv:101=OTHER, strain.tsv:330=LUSTER ‖ [다른 정의 morph.tsv:101] (취미 용법) 체외광이 등 전체에서 얼굴·입끝까지 뻗은 상태 — 나무위키: 반짝이는 비늘이 얼굴까지 내려오면 텟카멘(철가면). ‖ [다른 정의 strain.tsv:330] 미유키 체외광이 머리 끝(입끝)까지 덮는 최상급 그레이드. ‖ JMA 형질일람표는 鉄仮面을 「珍種」 란에 둠(차세대 유전 미확인 취급). JASMA는 フルボディ와 구분. NAMU: 비늘이 얼굴까지 내려오면 텟카멘. GOLD 상품명 「철가면 미유키 풀바디」(검색 스니펫). ‖ HAZARD: JMA는 같은 이름「鉄仮面」을 珍種 목록에 둠(정의 없음) — 광택 등급어와 珍種명이 충돌. 취미 용법은 LUSTER 축. HIRO16 제목「フルボディ(鉄仮面)」. ‖ 엄밀히는 フルボディ와 출처·특징이 다르다는 설도 있으나 현재는 거의 동일 취급(めだか水産). JMA는 '鉄仮面'을 珍種 항목에도 둠(별개 개념)."
"bv:0116","極ラメ","ごくらめ","극-라메","","MODIFIER","LUSTER","라메가 극히 많은 상급 개체에 붙는 판매 수식어.","","https://medakanoyakata.shop-pro.jp/?mode=f28 | https://goldmoonaqua.com/category/%EB%A9%94%EB%8B%A4%EC%B9%B4/71/","2","3:번식장·샵","2026-09-28","","color.tsv:117","정의 문헌 없음. F28 상품명 「極ラメ星河」, GOLD 「극-라메」. 読み(ごく/きわみ) 불확실."
"bv:0117","スーパーラメ","すーぱーらめ","슈퍼라메","Super lame","MODIFIER","LUSTER","라메가 많은 개체를 이르는 판매 수식어.","","https://medakagallery.com/","1","3:번식장·샵","2026-09-28","단일 출처(샵·블로그)","color.tsv:118","한국 상품명만(정의 없음)."
"bv:0118","斑","ぶち","부치","","TRAIT","PATTERN","몸 곳곳에 흑반(黒斑)이 발현하는 무늬. 원래 背地反応하여 백수조에서는 사라짐. 흑반이 짙으면 지느러미에도 연조를 따라 선상으로 들어감.","","https://jma-medaka.com/wp-content/uploads/2022/08/250901_【公式】品種分類マニュアル_第５版.pdf | https://jma-medaka.com/wp-content/uploads/2022/08/形質一覧表（第５版）_250901.pdf | https://goldmoonaqua.com/category/%EB%A9%94%EB%8B%A4%EC%B9%B4/71/","3","1:협회","2026-09-28","","color.tsv:119","JMA가 斑·錦·墨 등 제각각이던 호칭을 「斑（ぶち）」로 통일. 한국 GOLD 「시로부치 라메」."
"bv:0119","錦","にしき","니시키","","TRAIT","PATTERN","흑반 무늬(斑)의 옛/통용 호칭. 메다카에서는 흑반·삼색·그 총칭 등 쓰임이 제각각.","","https://jma-medaka.com/wp-content/uploads/2022/08/250901_【公式】品種分類マニュアル_第５版.pdf | https://jma-medaka.com/wp-content/uploads/2022/08/2020nixtukune-mu.pdf | https://www.medakanoyakata.jp/?mode=f89 | https://aquapro.kr/category/%EB%A9%94%EB%8B%A4%EC%B9%B4%EC%86%A1%EC%82%AC%EB%A6%AC/921/","4","1:협회","2026-09-28","","color.tsv:120","JMA는 錦을 형질명에서 배제. 早見表: 白錦=白斑, 3色錦=白朱赤透明鱗斑. APRO 「삼색 니시키」."
"bv:0120","墨","すみ","","","TRAIT","PATTERN","흑반·흑색 부위를 이르는 말(비단잉어 용어 차용). JMA가 斑으로 통일하기 전 호칭 중 하나.","","https://jma-medaka.com/wp-content/uploads/2022/08/250901_【公式】品種分類マニュアル_第５版.pdf | https://piscesbook.com/archives/2201 | https://tropica.jp/2019/01/22/post-25895/","3","1:협회","2026-09-28","","color.tsv:121","P2201 「朱赤、白、墨（黒）」, TROP 「墨のにじみ」."
"bv:0121","黒斑","くろぶち","","","TRAIT","PATTERN","斑 무늬를 이루는 검은 반점.","","https://jma-medaka.com/wp-content/uploads/2022/08/250901_【公式】品種分類マニュアル_第５版.pdf | https://www.medakanoyakata.jp/?mode=f89","2","1:협회","2026-09-28","","color.tsv:122","読み JMA 후리가나. F89 「錦（黒斑）」."
"bv:0122","斑（背地反応なし）","ぶち（はいちはんのうなし）","","","TRAIT","PATTERN","백색 용기 같은 밝은 환경에서도 옅어지지 않는 斑. 和墨이 대표.","","https://jma-medaka.com/wp-content/uploads/2022/08/250901_【公式】品種分類マニュアル_第５版.pdf | https://jma-medaka.com/wp-content/uploads/2022/08/形質一覧表（第５版）_250901.pdf","2","1:협회","2026-09-28","","color.tsv:123",""
"bv:0123","ブラックリム","ぶらっくりむ","블랙 림","Black-rim","TRAIT","PATTERN","비늘을 강조하듯 비늘 가장자리를 검게 테두리하는 무늬. 斑과 달리 흑이 끊기지 않고 전신에 균등. 머리는 가장자리, 꼬리 쪽은 비늘 중심에 흑이 모이는 경향.","","https://jma-medaka.com/wp-content/uploads/2022/08/250901_【公式】品種分類マニュアル_第５版.pdf | https://jma-medaka.com/wp-content/uploads/2022/08/形質一覧表（第５版）_250901.pdf | https://t-aquagarden.com/column/medaka_variety | https://jasma.sc/medaka/yozakura/ | https://zoonimal.co.kr/category/%EB%A9%94%EB%8B%A4%EC%B9%B4-%EC%86%A1%EC%82%AC%EB%A6%AC/454/ | https://medakapedia.com/glossary","6","1:협회","2026-09-28","","color.tsv:124","원래 半透明鱗 계통에 많음. JMA는 形質補足을 거치지 않고 바로 형질로 채택."
"bv:0124","紅白","こうはく","홍백","Kouhaku (red-and-white) / Red and White / Kohaku","STRAIN","PATTERN","朱赤과 백 2색 메다카. 透明鱗의 부분 탈색(朱赤 기본)과 半透明鱗의 부분 황색 발현(白 기본)의 두 기구가 있음.","","https://jma-medaka.com/wp-content/uploads/2022/08/250901_【公式】品種分類マニュアル_第５版.pdf | https://jma-medaka.com/wp-content/uploads/2022/08/2020nixtukune-mu.pdf | https://t-aquagarden.com/column/medaka_variety | https://goldmoonaqua.com/category/%EB%A9%94%EB%8B%A4%EC%B9%B4/71/ | https://zoonimal.co.kr/category/%EB%A9%94%EB%8B%A4%EC%B9%B4-%EC%86%A1%EC%82%AC%EB%A6%AC/454/ | https://aquapro.kr/category/%EB%A9%94%EB%8B%A4%EC%B9%B4%EC%86%A1%EC%82%AC%EB%A6%AC/921/ | https://br-choku.com/en/column/medaka-variety-guide | http://m.goldmoonaqua.com/product/list.html?cate_no=71","8","1:협회","2026-09-28","","color.tsv:125; strain.tsv:56","[다른 정의 strain.tsv:56] 적과 백 2색 품종. ‖ 早見表: 紅白（更紗）=白朱赤透明鱗, 非透明鱗紅白=白朱赤. APRO 「하푸리(홍백)」는 의미 불명. ‖ 한국 샵 '홍백'. 영문 'Kohaku'는 琥珀와 혼동 사례 있음(EMP)."
"bv:0125","更紗","さらさ","","Calico (cf.)","STRAIN","PATTERN","紅白 메다카의 별칭(금붕어·잉어 용어에서). 영어 캘리코는 금붕어에서 3색 이상에 씀.","","https://jma-medaka.com/wp-content/uploads/2022/08/250901_【公式】品種分類マニュアル_第５版.pdf | https://jma-medaka.com/wp-content/uploads/2022/08/2020nixtukune-mu.pdf | https://www.medakanoyakata.jp/?mode=f89 | https://oitamedakabiyori.com/contents/post-109.html","4","1:협회","2026-09-28","","color.tsv:126","JMA는 紅白에만 쓰이는 更紗를 형질명으로 채택하지 않음."
"bv:0126","丹頂","たんちょう","","","STRAIN","PATTERN","머리에만 朱赤이 남고 몸은 색이 빠져 흰 紅白 계열(잉어 丹頂에서 유래).","","https://jma-medaka.com/wp-content/uploads/2022/08/2020nixtukune-mu.pdf | https://www.medakanoyakata.jp/?mode=f89 | https://oitamedakabiyori.com/contents/post-109.html","3","1:협회","2026-09-28","","color.tsv:127","早見表: 丹頂メダカ（紅白メダカ）=白朱赤透明鱗."
"bv:0127","二色","にしょく","","","JARGON","PATTERN","2색 메다카(주로 紅白)를 이르는 말. JMA는 透明鱗性 2색과 半透明鱗性 2색의 기구 차이를 설명.","","https://jma-medaka.com/wp-content/uploads/2022/08/250901_【公式】品種分類マニュアル_第５版.pdf | https://oitamedakabiyori.com/contents/post-109.html","2","1:협회","2026-09-28","","color.tsv:128","JMA: 錦·更紗·斑·二色·三色 호칭이 통일되지 않았다고 지적."
"bv:0128","三色","さんしょく","삼색","Tricolor / Sanshoku / Tri-Color","STRAIN","PATTERN","朱赤·흑·백 3색이 몸에 나타나는 메다카(비단잉어 같은 모습). 品種名으로는 白朱赤斑 또는 朱赤透明鱗斑. 상견 향.","","https://jma-medaka.com/wp-content/uploads/2022/08/250901_【公式】品種分類マニュアル_第５版.pdf | https://jma-medaka.com/wp-content/uploads/2022/08/2020nixtukune-mu.pdf | https://tropica.jp/2019/01/22/post-25895/ | https://t-aquagarden.com/column/medaka_variety | https://goldmoonaqua.com/category/%EB%A9%94%EB%8B%A4%EC%B9%B4/71/ | https://namu.wiki/w/%EC%86%A1%EC%82%AC%EB%A6%AC | https://medakapedia.com/glossary | https://br-choku.com/en/column/medaka-breed-comparison | https://br-choku.com/en/column/medaka-variety-guide | http://m.goldmoonaqua.com/product/list.html?cate_no=71","10","1:협회","2026-09-28","","color.tsv:129; strain.tsv:55","[다른 정의 strain.tsv:55] 적·백·흑 3색 무늬(잉어 같은) 품종군 총칭. ‖ 고정률 낮음(JSAN 등). ‖ JMA: 비투명린 삼색=白朱赤斑, 투명린 삼색=朱赤透明鱗斑."
"bv:0129","透明鱗三色","とうめいりんさんしょく","","","STRAIN","PATTERN","琥珀/楊貴妃 透明鱗斑을 기점으로 한 透明鱗 형질 삼색. 백은 朱赤이 빠져 표현되며 적이 진하게 나오기 쉬움.","","https://jma-medaka.com/wp-content/uploads/2022/08/250901_【公式】品種分類マニュアル_第５版.pdf | https://blog.mpj-aqualife.com/archives/14867 | https://tropica.jp/2019/01/22/post-25895/ | https://www.medakanoyakata.jp/?mode=f89","4","1:협회","2026-09-28","","color.tsv:130",""
"bv:0130","非透明鱗三色","ひとうめいりんさんしょく","","Non-transparent-scale Tricolor","STRAIN","PATTERN","透明鱗 형질을 조상에 두지 않고 幹之 교배로 만든 백 바탕 삼색. 3색 경계가 뚜렷. 品種名 白朱赤斑.","","https://jma-medaka.com/wp-content/uploads/2022/08/250901_【公式】品種分類マニュアル_第５版.pdf | https://blog.mpj-aqualife.com/archives/14867 | https://piscesbook.com/archives/2201 | https://tropica.jp/2019/01/22/post-25895/ | https://medakapedia.com/glossary","5","1:협회","2026-09-28","","color.tsv:131",""
"bv:0131","白地","しろじ","","","JARGON","PATTERN","삼색 등에서 흰 바탕 부분.","","https://jma-medaka.com/wp-content/uploads/2022/08/250901_【公式】品種分類マニュアル_第５版.pdf","1","1:협회","2026-09-28","","color.tsv:132","JMA 3.9.5 「白地や黒斑が鮮やか」. 1개 출처."
"bv:0132","白斑","しろぶち","시로부치","","STRAIN","PATTERN","백 체색에 斑(흑반)이 있는 메다카. 白錦·白ブチ로도 불림. 白黒로 표기하지 않음.","","https://jma-medaka.com/wp-content/uploads/2022/08/250901_【公式】品種分類マニュアル_第５版.pdf | https://jma-medaka.com/wp-content/uploads/2022/08/2020nixtukune-mu.pdf | https://www.medakanoyakata.jp/?mode=f89 | https://goldmoonaqua.com/category/%EB%A9%94%EB%8B%A4%EC%B9%B4/71/","4","1:협회","2026-09-28","","color.tsv:133","GOLD 「시로부치 라메」, 「운주 시로부치」."
"bv:0133","朱赤斑","しゅあかぶち","","","STRAIN","PATTERN","朱赤 체색에 斑이 있는 것. 닉네임 錦秋의 품종명.","","https://jma-medaka.com/wp-content/uploads/2022/08/2020nixtukune-mu.pdf","1","1:협회","2026-09-28","","color.tsv:134",""
"bv:0134","紅葉テール","もみじてーる","","","TRAIT","FIN","メラー 황색계에서 꼬리지느러미에 朱赤이 들어 단풍처럼 보이는 개체의 호칭.","","https://www.medakanoyakata.jp/?mode=f89","1","3:번식장·샵","2026-09-28","읽기 추정; 단일 출처(샵·블로그)","color.tsv:135","読み 추정."
"bv:0135","楊貴妃","ようきひ","양귀비 / 유키히","Youkihi / Yohkihi","STRAIN","BODY_COLOR","朱赤 체색 메다카의 닉네임(品種名 朱赤メダカ). 2004 めだかの館, 琥珀 중 朱赤 암컷에서 고정. 개량메다카 붐의 시작.","","https://jma-medaka.com/wp-content/uploads/2022/08/250901_【公式】品種分類マニュアル_第５版.pdf | https://jma-medaka.com/wp-content/uploads/2022/08/2020nixtukune-mu.pdf | https://tokyoaquagarden.com/medaka-varieties | https://www.aquaranked.com/reviews/ricefish-strains-guide/ | https://br-choku.com/en/column/medaka-breed-comparison | https://namu.wiki/w/%EC%86%A1%EC%82%AC%EB%A6%AC | https://petfish.co.kr/list.php?category=5r01 | https://aquapro.kr/category/%EB%A9%94%EB%8B%A4%EC%B9%B4%EC%86%A1%EC%82%AC%EB%A6%AC/921/ | https://hinsyu-zukan.satumano-medakayasan.com/page/21/ | https://medakapedia.com/strains/youkihi","10","1:협회","2026-09-28","","color.tsv:136; strain.tsv:2","[다른 정의 strain.tsv:2] 주홍(朱赤) 단색 체색의 대표 품종. 호박 메다카 무리에서 나온 주홍 암컷에서 고정. 개량메다카 붐의 계기. ‖ 영문 표기 흔들림: Youkihi(TAGEN·AQR) vs Youkaihi(BREN). APRO 「유키히(양귀비)」. ‖ 広島・めだかの館 大場幸雄, 2004. JMA 공식 형질명은 '朱赤'(楊貴妃는 닉네임). medakapedia 고정률 99% 이상 서술."
"bv:0136","紅帝","こうてい","홍제","Koutei","STRAIN","BODY_COLOR","양귀비보다 더 붉은 주홍 체색 품종.","","https://jasma.sc/medaka/koutei/ | https://t-aquagarden.com/column/medaka_variety | https://tokyoaquagarden.com/medaka-varieties | https://goldmoonaqua.com/category/%EB%A9%94%EB%8B%A4%EC%B9%B4/71/ | https://zoonimal.co.kr/category/%EB%A9%94%EB%8B%A4%EC%B9%B4-%EC%86%A1%EC%82%AC%EB%A6%AC/454/ | https://hinsyu-zukan.satumano-medakayasan.com/page/15/ | http://m.goldmoonaqua.com/product/list.html?cate_no=71","7","2:도감·출판","2026-09-28","","color.tsv:137; strain.tsv:9","[다른 정의 color.tsv:137] 楊貴妃보다 붉다고 알려진 적색 계통(ヒメダカ→楊貴妃→紅帝 순이라는 통념). 적의 질이 朱赤 쪽. ‖ JASMA: 栗原養魚場 작출, 楊貴妃와 별계통설 있음; 透明鱗(오로라·반투명린) 형질로 설명하는 자료도 있다고 함. ‖ 広島・栗原養魚場, 2016 이전. 한국 샵 표기 '홍제 메다카'. EMP에 'Koutei RLF'(리얼롱핀)."
"bv:0137","オロチ","おろち","오로치","Orochi","STRAIN","BODY_COLOR","背地反応하지 않는 짙은 흑색 메다카(品種名 ブラックメダカ+背地反応なし).","","https://jma-medaka.com/wp-content/uploads/2022/08/2020nixtukune-mu.pdf | https://www.practical-aqualabo.com/medaka-yougoshu/ | https://t-aquagarden.com/column/medaka_variety | https://goldmoonaqua.com/category/%EB%A9%94%EB%8B%A4%EC%B9%B4/71/ | https://aquapro.kr/category/%EB%A9%94%EB%8B%A4%EC%B9%B4%EC%86%A1%EC%82%AC%EB%A6%AC/921/ | https://medakapedia.com/glossary | https://hinsyu-zukan.satumano-medakayasan.com/page/21/ | https://jma-medaka.com/wp-content/uploads/2022/08/250901_【公式】品種分類マニュアル_第５版.pdf | https://www.hime-medaka.com/medakanohinsyu/ | https://medakapedia.com/strains/orochi","10","1:협회","2026-09-28","","color.tsv:138; strain.tsv:5","[다른 정의 strain.tsv:5] 흰 용기에서도 검은색이 옅어지지 않는(배경반응 없음) 칠흑 블랙 품종. ‖ TAG: スーパーブラック·オロチ가 가장 짙은 흑. ‖ 奈良・飛鳥めだか 谷國昌博, 2016 릴리스. JMA: 품종명 ブラックメダカ, 보충 ブラック(背地反応無し). 媛めだか: 拡散凝集反応の影響を受けないタイプ. medakapedia는 eye=Panda로 태깅(의심스러움)."
"bv:0138","小川ブラック","おがわぶらっく","","","STRAIN","BODY_COLOR","2009 작출 블랙. 보통눈이면서 背地反応하지 않는 블랙.","","https://jma-medaka.com/wp-content/uploads/2022/08/250901_【公式】品種分類マニュアル_第５版.pdf | https://t-aquagarden.com/column/medaka_variety | https://www.aqualassic.com/medaka_sapphire/","3","1:협회","2026-09-28","","color.tsv:139; strain.tsv:35","[다른 정의 strain.tsv:35] 보통 눈이면서 배경반응하지 않는 블랙 체색(파플블루 계열 선발). ‖ 2009 작출. 매뉴얼에 읽기 없음."
"bv:0139","ピュアブラック","ぴゅあぶらっく","","","STRAIN","BODY_COLOR","2001 めだかの館(大場幸雄) 작출 최초의 블랙. スモールアイ라 背地反応하지 않음.","","https://jma-medaka.com/wp-content/uploads/2022/08/250901_【公式】品種分類マニュアル_第５版.pdf | https://jma-medaka.com/wp-content/uploads/2022/08/2020nixtukune-mu.pdf","2","1:협회","2026-09-28","","color.tsv:140; strain.tsv:34","[다른 정의 strain.tsv:34] 최초의 블랙 체색 품종. 스몰아이라 배경반응이 적어 검은 체색 유지. ‖ 大場幸雄(めだかの館), 2001. 개량메다카 최초 작출 품종으로 기록."
"bv:0140","スーパーブラック","すーぱーぶらっく","","Super black","STRAIN","BODY_COLOR","매우 짙은 흑체색을 가진 블랙 계통 이름.","","https://t-aquagarden.com/column/medaka_variety","1","3:번식장·샵","2026-09-28","단일 출처(샵·블로그)","color.tsv:141; strain.tsv:284","[다른 정의 strain.tsv:284] 더 깊은 흑체색. ‖ 1개 출처."
"bv:0141","マリンブルー","まりんぶるー","마린블루","Marine blue","STRAIN","BODY_COLOR","腹膜青 닉네임의 하나(品種名 青体外光メダカ+腹膜青).","","https://jma-medaka.com/wp-content/uploads/2022/08/250901_【公式】品種分類マニュアル_第５版.pdf | https://jma-medaka.com/wp-content/uploads/2022/08/2020nixtukune-mu.pdf | https://t-aquagarden.com/column/medaka_variety | https://medakagallery.com/ | https://hinsyu-zukan.satumano-medakayasan.com/page/20/ | https://www.medakalog.shop/medaka-hinshu-zukan","6","1:협회","2026-09-28","","color.tsv:142; strain.tsv:49","axis 이견: color.tsv:142=BODY_COLOR, strain.tsv:49=LUSTER ‖ [다른 정의 strain.tsv:49] 물색 체외광과 푸른 체내광을 가진 품종(JMA: 腹膜青 계열 닉네임). ‖ TAG: 체외광을 가진 산뜻한 물색=マリンブルー. ‖ 兵庫・長岡龍聖, 2012"
"bv:0142","深海","しんかい","신카이 (심해) / 신카이","Shinkai","STRAIN","BODY_COLOR","腹膜青 닉네임의 하나(品種名 青メダカ+腹膜青). 2010 長岡龍聖 작출.","","https://jma-medaka.com/wp-content/uploads/2022/08/250901_【公式】品種分類マニュアル_第５版.pdf | https://jma-medaka.com/wp-content/uploads/2022/08/2020nixtukune-mu.pdf | https://t-aquagarden.com/column/medaka_variety | https://namu.wiki/w/%EC%86%A1%EC%82%AC%EB%A6%AC | https://hinsyu-zukan.satumano-medakayasan.com/page/20/ | https://medakazukan.net/jmaninteinumber/ | https://t-aquagarden.com/column/miyuki_medaka","7","1:협회","2026-09-28","","color.tsv:143; strain.tsv:48","axis 이견: color.tsv:143=BODY_COLOR, strain.tsv:48=OTHER ‖ [다른 정의 strain.tsv:48] 흰 용기에서 체내(복막)에 푸른 빛이 보이는 품종. JMA 인정 제18호, 공통보충 '腹膜青'. ‖ 불일치: TAG는 「体内光を持ち深い青」을 深海로 설명(JMA는 腹膜青). NAMU는 내장이 파란 종을 신카이라 부른다고. ‖ 兵庫・長岡龍聖, 2010. 나무위키 '신카이'."
"bv:0143","北斗","ほくと","","","STRAIN","BODY_COLOR","体内黒 형질을 가진 품종 닉네임(品種名 青透明鱗腹膜光+体内黒).","","https://jma-medaka.com/wp-content/uploads/2022/08/250901_【公式】品種分類マニュアル_第５版.pdf | https://jma-medaka.com/wp-content/uploads/2022/08/2020nixtukune-mu.pdf | https://hinsyu-zukan.satumano-medakayasan.com/page/15/","3","1:협회","2026-09-28","","color.tsv:144; strain.tsv:50","axis 이견: color.tsv:144=BODY_COLOR, strain.tsv:50=OTHER ‖ [다른 정의 strain.tsv:50] 투명린에 복막·척추를 따라 검은 줄이 드는 품종(JMA 공통보충 '体内黒'). ‖ 埼玉・行田淡水魚 小暮武, 2008(hinsyu-zukan)/2014(JMA) 불일치."
"bv:0144","灯","あかり","","Akari","STRAIN","LUSTER","黄幹之의 닉네임. 체외광 개체에 처음 황색소포가 발현한 품종(品種名 黄白体外光). 灯系 삼색의 모체.","","https://jma-medaka.com/wp-content/uploads/2022/08/2020nixtukune-mu.pdf | https://www.medakanoyakata.jp/?mode=f89 | https://tropica.jp/2019/01/22/post-25895/ | https://piscesbook.com/archives/2201 | https://hinsyu-zukan.satumano-medakayasan.com/page/8/ | https://jma-medaka.com/wp-content/uploads/2022/08/250901_【公式】品種分類マニュアル_第５版.pdf | https://medakapedia.com/strains/akari","7","1:협회","2026-09-28","","color.tsv:145; strain.tsv:11","[다른 정의 strain.tsv:11] 상반신이 노랗고 체외광을 가진 황(黄)체외광 품종. ‖ 読み F89 「灯（あかり）」. ‖ 徳島・阿波めだかの里 森口勉, 2014. JMA: 品種名 黄体外光, ニックネーム 灯. medakapedia 일본명 '黄白体外光メダカ'."
"bv:0145","黄幹之","きみゆき","","","STRAIN","LUSTER","체외광 개체에 처음 황색소포가 발현한 幹之.","","https://www.medakanoyakata.jp/?mode=f89 | https://jma-medaka.com/wp-content/uploads/2022/08/250901_【公式】品種分類マニュアル_第５版.pdf","2","1:협회","2026-09-28","","color.tsv:146","読み F89 「黄幹之（きみゆき）」."
"bv:0146","白ラメ幹之","しろらめみゆき","","","STRAIN","LUSTER","2012 和田敏拓 작출(당시 品種名 白ラメ体外光). 몸을 덮는 라메의 원조.","","https://jma-medaka.com/wp-content/uploads/2022/08/250901_【公式】品種分類マニュアル_第５版.pdf | https://www.medakanoyakata.jp/?mode=f89 | https://blog.mpj-aqualife.com/archives/14871","3","1:협회","2026-09-28","","color.tsv:147; strain.tsv:30","[다른 정의 strain.tsv:30] 라메에 체외광을 교배해 몸을 덮을 만큼의 라메를 발현시킨 품종(라메 인기의 계기). ‖ F89: 라메의 기원 자체는 2005 シルバーヒカリ(銀河). ‖ 和田敏拓 2012. JMA 品種名 '白ラメ体外光'."
"bv:0147","白雪","しらゆき","백설","","STRAIN","LUSTER","白ラメ幹之를 누대해 흰 라메를 전신에 빽빽이 강화한 품종.","","https://blog.mpj-aqualife.com/archives/14867 | https://blog.mpj-aqualife.com/archives/14871 | https://medakagallery.com/ | https://www.medakalog.shop/202308-nabana/","4","3:번식장·샵","2026-09-28","","color.tsv:148; strain.tsv:116","[다른 정의 strain.tsv:116] 순계(純系) 백 극(極) 라메 미유키. ‖ 읽기는 영문 요약 기반"
"bv:0148","黒ラメ幹之","くろらめみゆき","","Black Lame Miyuki","STRAIN","LUSTER","적·오렌지·청·물색·금 등 다색 라메를 가진 블랙 체색 라메 幹之. 현재 다색 라메 계통 다수의 기원.","","https://www.medakanoyakata.jp/?mode=f89 | https://blog.mpj-aqualife.com/archives/14871 | https://jma-medaka.com/wp-content/uploads/2022/08/2020nixtukune-mu.pdf | https://hiroshan-medaka.com/archives/2019/08/26/11531/ | https://br-choku.com/en/column/medaka-variety-guide","5","1:협회","2026-09-28","","color.tsv:149; strain.tsv:31","[다른 정의 strain.tsv:31] 흑체색에 체외광과 라메를 조합한 품종. ‖ 영문 'Black Lame Miyuki'."
"bv:0149","黒幹之","くろみゆき","흑 미유키 / 쿠로미유키","","STRAIN","LUSTER","블랙 체색에 幹之 빛이 유전된 품종(品種名 ブラック体外光). 황금색에 가까운 빛이 나오기도.","","https://www.medakanoyakata.jp/?mode=f89 | https://jma-medaka.com/wp-content/uploads/2022/08/2020nixtukune-mu.pdf | https://zoonimal.co.kr/category/%EB%A9%94%EB%8B%A4%EC%B9%B4-%EC%86%A1%EC%82%AC%EB%A6%AC/454/ | https://aquapro.kr/category/%EB%A9%94%EB%8B%A4%EC%B9%B4%EC%86%A1%EC%82%AC%EB%A6%AC/921/ | https://t-aquagarden.com/column/miyuki_medaka | https://www.aqualassic.com/medaka_miyuki/","6","1:협회","2026-09-28","","color.tsv:150; strain.tsv:26","[다른 정의 strain.tsv:26] 검은 체색에 골드~그린 기미의 등 광택(체외광). ‖ ZOO: 「흑색의 체색과 체외광… 메탈릭한 블루 느낌」. ‖ 한국 샵 '쿠로미유키 메다카'."
"bv:0150","サファイア","さふぁいあ","사파이어","Sapphire","STRAIN","LUSTER","흑체색에 복잡하게 보이는 청(青)라메 품종. 마루코(등지느러미 없음)와 있는 타입.","","https://www.aqualassic.com/medaka_sapphire/ | https://www.aqualassic.com/medakaschool_21/ | https://blog.mpj-aqualife.com/archives/14871 | https://t-aquagarden.com/column/medaka_variety | https://goldmoonaqua.com/category/%EB%A9%94%EB%8B%A4%EC%B9%B4/71/ | https://gall.dcinside.com/board/view/?id=fish&no=985428 | https://hinsyu-zukan.satumano-medakayasan.com/page/21/ | https://www.medakalog.shop/medaka-hinshu-zukan | https://themedakaemporium.co.uk/our-medaka","9","2:도감·출판","2026-09-28","","color.tsv:151; strain.tsv:16","[다른 정의 color.tsv:151] 黒ラメ幹之에서 라메 색을 청으로 고정한 품종(2020, 黒ラメ幹之サファイア系). 체색은 청이 아니라 블랙계. 청라메 계통 전반을 「サファイア系」라 부름. ‖ 岡山・静楽庵, 2020. JMA 매뉴얼은 ラメ(青) 고정 대표품종으로 '黒ラメ幹之サファイア系'(2020, 静楽庵) 기재."
"bv:0151","ミント","みんと","","Mint","STRAIN","LUSTER","무슈메다카 품종(설명 미확인).","","https://www.aqualassic.com/medakaschool_21/ | https://hinsyu-zukan.satumano-medakayasan.com/","2","2:도감·출판","2026-09-28","","color.tsv:152; strain.tsv:199","axis 이견: color.tsv:152=LUSTER, strain.tsv:199=OTHER ‖ [다른 정의 color.tsv:152] 녹색 라메를 통일하는 방향의 개량 계열 이름. ‖ 1개 출처. ‖ 埼玉・武州メダカ 安藤観賞魚 安藤薫, 2021"
"bv:0152","さくら","さくら","사쿠라 메다카","Sakura","STRAIN","LUSTER","핑크 라메를 통일하는 방향의 개량 계열 이름.","","https://www.aqualassic.com/medakaschool_21/ | https://namu.wiki/w/%EC%86%A1%EC%82%AC%EB%A6%AC | https://medakanoyakata.shop-pro.jp/?mode=f28","3","3:번식장·샵","2026-09-28","","color.tsv:153","정의 불일치: NAMU는 시로메다카 중 무지개빛이 강하면 サクラメダカ라 부른다고. F28 상품명 「さくら」「さくらNEO」."
"bv:0153","夜桜","よざくら","요자쿠라 / 밤벚꽃","Yozakura","STRAIN","LUSTER","黄黒半透明鱗ラメメダカ의 닉네임. 2017 垂水政治, オーロラ幹之×黄幹之. 핑크빛 볼, 블랙림, 전신 라메.","","https://jma-medaka.com/wp-content/uploads/2022/08/2020nixtukune-mu.pdf | https://medakazukan.net/0153_yozakura/ | https://jasma.sc/medaka/yozakura/ | https://medakayarou.com/2021/07/24/2021072403/ | https://goldmoonaqua.com/category/%EB%A9%94%EB%8B%A4%EC%B9%B4/71/ | https://medakagallery.com/ | https://namu.wiki/w/%EC%86%A1%EC%82%AC%EB%A6%AC | https://hinsyu-zukan.satumano-medakayasan.com/page/20/ | https://www.medakalog.shop/medaka-hinshu-zukan | https://medakapedia.com/strains/yozakura | https://themedakaemporium.co.uk/our-medaka","11","1:협회","2026-09-28","","color.tsv:154; strain.tsv:6","[다른 정의 strain.tsv:6] 오로라계 특유의 분홍 머리에 청흑 체색, 라메가 실린 품종. ‖ 체색 표기 불일치: JMA 早見表(H31) 夜桜=青半透明鱗ラメ vs medakazukan 黄黒半透明鱗ラメ. ‖ 愛媛・垂水政治, 2016(hinsyu-zukan) / 2017(medakapedia) 불일치."
"bv:0154","女雛","めびな","","Mebina","STRAIN","PATTERN","오로라(半透明鱗) 흑계 체색에 柿色이 오른 메다카(品種名 黒オレンジ半透明鱗ブラックリム). 黄桜×オーロラ幹之.","","https://jma-medaka.com/wp-content/uploads/2022/08/2020nixtukune-mu.pdf | https://medakayarou.com/2021/07/24/2021072403/ | https://jma-medaka.com/wp-content/uploads/2022/08/250901_【公式】品種分類マニュアル_第５版.pdf | https://hinsyu-zukan.satumano-medakayasan.com/page/19/ | https://medakapedia.com/strains/yozakura","5","1:협회","2026-09-28","","color.tsv:155; strain.tsv:67","[다른 정의 strain.tsv:67] 머리가 감색(柿色), 몸은 블랙림의 적흑(赤黒) 체색. ‖ 読み YAROU 「女雛(めびな)」. ‖ 愛媛・垂水政治, 2016"
"bv:0155","煌","きらめき","키라메키","Kirameki","STRAIN","LUSTER","女雛(메비나)에 체외광을 올린 품종.","","https://medakayarou.com/2021/07/24/2021072403/ | https://zoonimal.co.kr/category/%EB%A9%94%EB%8B%A4%EC%B9%B4-%EC%86%A1%EC%82%AC%EB%A6%AC/454/ | https://aquapro.kr/category/%EB%A9%94%EB%8B%A4%EC%B9%B4%EC%86%A1%EC%82%AC%EB%A6%AC/921/ | https://hinsyu-zukan.satumano-medakayasan.com/page/8/","4","2:도감·출판","2026-09-28","","color.tsv:156; strain.tsv:10","[다른 정의 color.tsv:156] 女雛에 체외광을 올린 계열(이전 명칭 「女雛体外光」). 체외광 없이 라메만인 개체도 煌라 부르는 곳이 있음. ‖ 愛媛・垂水政治, 2017.9. medakapedia 'Kirameki'는 大場幸雄 2005 青ヒカリダルマ로 기재되어 동명 다른 품종 또는 오류 가능."
"bv:0156","紅薊","べにあざみ","베니아자미","Beniazami","STRAIN","PATTERN","品種名 朱赤透明鱗ブラックリムメダカ.","","https://jma-medaka.com/wp-content/uploads/2022/08/2020nixtukune-mu.pdf | https://zoonimal.co.kr/category/%EB%A9%94%EB%8B%A4%EC%B9%B4-%EC%86%A1%EC%82%AC%EB%A6%AC/454/ | https://medakagallery.com/ | https://hinsyu-zukan.satumano-medakayasan.com/page/11/ | https://medakapedia.com/strains/beniazami","5","1:협회","2026-09-28","","color.tsv:157; strain.tsv:68","[다른 정의 strain.tsv:68] 머리가 주홍, 블랙림이 나오는 품종. ‖ 読み는 한국 표기 「베니아자미」로 확인(일본어 후리가나 미확인). ‖ 広島・神原美和, 2017. medakapedia 품종명 朱赤透明鱗ブラックリム(히카리 체형)."
"bv:0157","妖光","ようこう","","","STRAIN","LUSTER","品種名 黄黒体外光ブラックリム.","","https://jma-medaka.com/wp-content/uploads/2022/08/2020nixtukune-mu.pdf","1","1:협회","2026-09-28","읽기 추정","color.tsv:158","読み 추정."
"bv:0158","流星","りゅうせい","류세이 (유성) / 류세이 / 유성","Ryusei","STRAIN","LUSTER","幹之에서 등지느러미를 없애 등의 빛을 꼬리 근처까지 이은 것(品種名 青体外光マルコ).","","https://jma-medaka.com/wp-content/uploads/2022/08/2020nixtukune-mu.pdf | https://medaka.papa77.com/miyuki-medaka/ | https://namu.wiki/w/%EC%86%A1%EC%82%AC%EB%A6%AC | https://medakazukan.net/0414_ryuusei/ | https://jma-medaka.com/wp-content/uploads/2022/08/250901_【公式】品種分類マニュアル_第５版.pdf | https://hinsyu-zukan.satumano-medakayasan.com/page/6/ | https://medakazukan.net/jmaninteinumber/","7","1:협회","2026-09-28","일부 서술이 검색 스니펫 근거","color.tsv:159; morph.tsv:44; strain.tsv:47","axis 이견: color.tsv:159=LUSTER, morph.tsv:44=FIN, strain.tsv:47=LUSTER ‖ [다른 정의 morph.tsv:44] 청체색 + 체외광 + 마르코(등지느러미 없음). 2013 中里良則 작출. 등지느러미가 없어 체외광이 끊기지 않는 한 줄 빛. ‖ [다른 정의 strain.tsv:47] 등지느러미 없는 미유키. 등의 체외광이 끊기지 않음. JMA 인정 제3호(青体外光マルコ). ‖ 나무위키:「상면 관상을 하기 위해 미유키에서 등지느러미를 없애버린 류세이(유성)」. 수컷이 암컷을 잘 감싸지 못해 번식력 낮음(검색 스니펫). ‖ 神奈川・中里良則, 2013. 나무위키 '류세이(유성)'."
"bv:0159","天河","てんが","","","STRAIN","LUSTER","品種名 青ラメマルコメダカ.","","https://jma-medaka.com/wp-content/uploads/2022/08/2020nixtukune-mu.pdf","1","1:협회","2026-09-28","읽기 추정","color.tsv:160","読み 추정(てんが/てんかわ)."
"bv:0160","星河","せいが","","","STRAIN","LUSTER","青ラメ幹之의 닉네임(品種名 青ラメメダカ). 2012 和田敏拓 작출.","","https://jma-medaka.com/wp-content/uploads/2022/08/2020nixtukune-mu.pdf | https://www.medakanoyakata.jp/?mode=f89 | https://medakanoyakata.shop-pro.jp/?mode=f28 | https://hinsyu-zukan.satumano-medakayasan.com/page/15/ | https://medakazukan.net/jmaninteinumber/ | https://www.medakalog.shop/medaka-hinshu-zukan","6","1:협회","2026-09-28","읽기 추정","color.tsv:161; strain.tsv:74","[다른 정의 strain.tsv:74] 라메가 실린 청미유키. JMA 인정 제5호(青ラメ). ‖ 読み 추정. F28 상품명 「極ラメ星河」. ‖ 広島・和田敏拓/神奈川・中里良則, 2012"
"bv:0161","銀河","ぎんが","","","STRAIN","LUSTER","シルバーヒカリメダカ의 닉네임(品種名 青ヒカリ+青（ヒレ黄）). 라메의 기원(2005).","","https://jma-medaka.com/wp-content/uploads/2022/08/2020nixtukune-mu.pdf | https://www.medakanoyakata.jp/?mode=f89","2","1:협회","2026-09-28","","color.tsv:162",""
"bv:0162","緑光","りょくこう","","","STRAIN","LUSTER","緑光幹之: 青（緑） 체색+녹색 체외광.","","https://jma-medaka.com/wp-content/uploads/2022/08/2020nixtukune-mu.pdf | https://nikkan-medaka.com/blog/taigaikoh/ | https://hinsyu-zukan.satumano-medakayasan.com/page/14/ | https://jma-medaka.com/wp-content/uploads/2022/08/250901_【公式】品種分類マニュアル_第５版.pdf","4","1:협회","2026-09-28","읽기 추정","color.tsv:163; strain.tsv:186","읽기 이견: りょくこう / りょっこう ‖ axis 이견: color.tsv:163=LUSTER, strain.tsv:186=BODY_COLOR ‖ [다른 정의 strain.tsv:186] 녹색 개체를 바탕으로 발전시킨 품종. ‖ 読み 추정. ‖ 静岡・神村孝人/愛知・凸凹めだか凸凹彩, 2018 이전. JMA: 녹색계는 청 형질보충 緑/체외광 緑/체내광 緑 중 하나."
"bv:0163","古龍","こりゅう","","","STRAIN","LUSTER","황금색 체외광을 가진 품종의 예.","","https://nikkan-medaka.com/blog/taigaikoh/","1","3:번식장·샵","2026-09-28","읽기 추정; 단일 출처(샵·블로그)","color.tsv:164","読み 추정. 1개 출처."
"bv:0164","４色幹之","よんしょくみゆき","","","STRAIN","LUSTER","品種名 青体外光体内光メダカ+体外光（２色）·体内光（多色）.","","https://jma-medaka.com/wp-content/uploads/2022/08/2020nixtukune-mu.pdf","1","1:협회","2026-09-28","읽기 추정","color.tsv:165","読み 추정."
"bv:0165","サンセット幹之","さんせっとみゆき","선셋미유키","Sunset Miyuki","STRAIN","LUSTER","ヒレ光에 해당하는 幹之 품종의 예.","","https://blog.mpj-aqualife.com/archives/14867 | https://medakagallery.com/","2","3:번식장·샵","2026-09-28","","color.tsv:166",""
"bv:0166","ブラックダイヤ","ぶらっくだいや","블랙 다이아(몬드) / 블랙 다이아몬드","Black diamond / Black Diamond","STRAIN","LUSTER","흑체색 라메 품종(品種名 ブラックラメ+背地反応なし).","","https://jma-medaka.com/wp-content/uploads/2022/08/2020nixtukune-mu.pdf | https://goldmoonaqua.com/category/%EB%A9%94%EB%8B%A4%EC%B9%B4/71/ | https://aquapro.kr/category/%EB%A9%94%EB%8B%A4%EC%B9%B4%EC%86%A1%EC%82%AC%EB%A6%AC/921/ | https://hinsyu-zukan.satumano-medakayasan.com/page/19/ | https://www.medakalog.shop/medaka-hinshu-zukan | https://medakapedia.com/strains/orochi","6","1:협회","2026-09-28","","color.tsv:167; strain.tsv:72","[다른 정의 strain.tsv:72] 색이 바래지 않는 오로치의 칠흑 체색에 라메. ‖ 한국 「마쓰이 블랙 다이아」, 「블랙 다이아몬드 메다카」. ‖ 神奈川・中里良則, 2018.2. 한국 '블랙 다이아몬드', '마쓰이 블랙 다이아'."
"bv:0167","ダイヤモンドダスト","だいやもんどだすと","","Diamond dust","STRAIN","LUSTER","백베이스 체외광 메다카에 라메를 준 품종.","","https://t-aquagarden.com/column/medaka_variety","1","3:번식장·샵","2026-09-28","단일 출처(샵·블로그)","color.tsv:168; strain.tsv:283","[다른 정의 strain.tsv:283] 흰 베이스 체외광과 라메의 복합. ‖ 1개 출처."
"bv:0168","三色ラメ幹之","さんしょくらめみゆき","삼색 라메 / 삼색라메","","STRAIN","PATTERN","삼색 무늬에 라메가 오른 품종. 2016 静楽庵 작출(정식명 三色ラメ幹之). 早見表 品種名 白朱ラメ斑.","","https://jasma.sc/medaka/sanshokurame/ | https://jma-medaka.com/wp-content/uploads/2022/08/2020nixtukune-mu.pdf | https://blog.mpj-aqualife.com/archives/14867 | https://goldmoonaqua.com/category/%EB%A9%94%EB%8B%A4%EC%B9%B4/71/ | https://zoonimal.co.kr/category/%EB%A9%94%EB%8B%A4%EC%B9%B4-%EC%86%A1%EC%82%AC%EB%A6%AC/454/ | https://aquapro.kr/category/%EB%A9%94%EB%8B%A4%EC%B9%B4%EC%86%A1%EC%82%AC%EB%A6%AC/921/ | https://jma-medaka.com/wp-content/uploads/2022/08/250901_【公式】品種分類マニュアル_第５版.pdf","7","1:협회","2026-09-28","일부 서술이 검색 스니펫 근거","color.tsv:169; strain.tsv:32","[다른 정의 strain.tsv:32] JMA 예시: 品種名 白朱赤ラメ斑メダカ, 보충 ラメ(多色)의 닉네임. ‖ 검색 스니펫(medakazukan)에서 「三色ラメ体外光」은 2019 静楽庵 작출 — 별개 품종."
"bv:0169","三色ラメ体外光","さんしょくらめたいがいこう","삼색 라메 체외광","","STRAIN","LUSTER","三色ラメ에 幹之 같은 체외광이 더해진 품종.","","https://jasma.sc/medaka/sanshokurame/ | https://goldmoonaqua.com/category/%EB%A9%94%EB%8B%A4%EC%B9%B4/71/ | https://medakagallery.com/","3","3:번식장·샵","2026-09-28","","color.tsv:170",""
"bv:0170","紅白ラメ","こうはくらめ","홍백 라메 / 홍백라메","Kouhaku lame","STRAIN","PATTERN","적·백 라메. 三色ラメ에서 흑이 빠진 개체를 누대한 것이라고 함.","","https://jasma.sc/medaka/sanshokurame/ | https://blog.mpj-aqualife.com/archives/14871 | https://br-choku.com/en/column/medaka-breed-comparison | https://zoonimal.co.kr/category/%EB%A9%94%EB%8B%A4%EC%B9%B4-%EC%86%A1%EC%82%AC%EB%A6%AC/454/ | https://www.medakalog.shop/medaka-hinshu-zukan | https://liviaqua.co.kr/","6","3:번식장·샵","2026-09-28","","color.tsv:171; strain.tsv:57","axis 이견: color.tsv:171=PATTERN, strain.tsv:57=LUSTER ‖ [다른 정의 strain.tsv:57] 홍백 체색에 라메. ‖ 한국 샵 '홍백라메'(정락암=静楽庵 오리지널)."
"bv:0171","雲州三色","うんしゅうさんしょく","운주 삼색 / 운슈삼색","Unshu Sanshoku","STRAIN","PATTERN","대표적 非透明鱗三色(品種名 白朱赤斑). 島根 雲州めだか. 朱赤·백·墨의 대비.","","https://jma-medaka.com/wp-content/uploads/2022/08/2020nixtukune-mu.pdf | https://piscesbook.com/archives/2201 | https://tropica.jp/2019/01/22/post-25895/ | https://goldmoonaqua.com/category/%EB%A9%94%EB%8B%A4%EC%B9%B4/71/ | https://namu.wiki/w/%EC%86%A1%EC%82%AC%EB%A6%AC | https://hinsyu-zukan.satumano-medakayasan.com/page/8/ | https://piscesbook.com/archives/category/newinfomation/medaka-zukan | http://m.goldmoonaqua.com/product/list.html?cate_no=71","8","1:협회","2026-09-28","","color.tsv:172; strain.tsv:58","[다른 정의 strain.tsv:58] 흰 바탕에 선명한 주홍과 먹(墨)의 비투명린 삼색. ‖ 島根・雲州めだか 野尻治男, 2016.9. 한국 '운주 삼색'/나무위키 '운슈삼색'."
"bv:0172","あけぼの","あけぼの","아케보노","Akebono","STRAIN","PATTERN","雲州三色 이전부터 알려진 非透明鱗三色.","","https://piscesbook.com/archives/2201 | https://tropica.jp/2019/01/22/post-25895/ | https://goldmoonaqua.com/category/%EB%A9%94%EB%8B%A4%EC%B9%B4/71/ | https://hinsyu-zukan.satumano-medakayasan.com/page/21/ | https://piscesbook.com/archives/category/newinfomation/medaka-zukan | http://m.goldmoonaqua.com/product/list.html?cate_no=71","6","2:도감·출판","2026-09-28","","color.tsv:173; strain.tsv:60","[다른 정의 strain.tsv:60] 비투명린 삼색. 투명린이 아니어서 흰 바탕이 짙고 3색이 두드러짐. ‖ GOLD 「아케보노 홍백 라메」. ‖ 岡山・小寺義克 2017(hinsyu-zukan); PISCES는 広島・福山로 표기. 한국 '아케보노'."
"bv:0173","和墨","わずみ","화묵","Wazumi","STRAIN","PATTERN","背地反応하지 않는 斑을 가진 품종(オロチヒカリ×女雛). 지느러미에도 斑의 흑이 들어감.","","https://jma-medaka.com/wp-content/uploads/2022/08/250901_【公式】品種分類マニュアル_第５版.pdf | https://medakagallery.com/ | https://hinsyu-zukan.satumano-medakayasan.com/page/16/ | https://themedakaemporium.co.uk/our-medaka","4","1:협회","2026-09-28","일부 서술이 검색 스니펫 근거","color.tsv:174; strain.tsv:98","[다른 정의 strain.tsv:98] 흑백 메다카. ‖ MGAL 「화묵삼색」, 「화묵 RLF」. 読み 검색 스니펫(メダカタログ 「和墨（わずみ）」). ‖ 茨城・めだか専門店ぱれっと, 2019작출/2021.5 릴리스. EMP: 어스아이 변이 있음."
"bv:0174","ラメ王","らめおう","","","STRAIN","LUSTER","라메 알이 크고, 라메 폭이 넓고, 반사량이 강함.","","https://jasma.sc/medaka/sanshokurame/ | https://hinsyu-zukan.satumano-medakayasan.com/page/13/ | https://www.medakalog.shop/medaka-hinshu-zukan","3","2:도감·출판","2026-09-28","읽기 추정","color.tsv:175; strain.tsv:208","[다른 정의 color.tsv:175] 夜桜×オーロラ黄ラメ 극상 개체 교배로 라메 밀도를 극한까지 높인 품종(2021 道三めだか). ‖ 1개 출처. 読み 추정. ‖ 岐阜・道三めだか, 2021.3"
"bv:0175","普通種体型","ふつうしゅたいけい","","normal (body type)","TRAIT","BODY_SHAPE","야생형과 같은 기본 체형. 등지느러미가 몸 뒤쪽에 1장, 꼬리지느러미는 부채꼴. 히카리·다루마가 아닌 것.","","https://jma-medaka.com/wp-content/uploads/2022/08/250901_【公式】品種分類マニュアル_第５版.pdf | https://www.aqualassic.com/medakaschool_18/ | https://www.fireflymedaka.com/guides/medaka-body-types","3","1:협회","2026-09-28","","morph.tsv:2","JMA는「普通種体型」, 샵은「普通体型」, そらメダカ는「ノーマル」로 표기. FIRE는 side view로 판정."
"bv:0176","普通体型","ふつうたいけい","","normal","TRAIT","BODY_SHAPE","원종(クロメダカ)의 모습을 이은 표준 체형. 판매 페이지에 체형 표기가 없으면 대개 보통체형.","","https://t-aquagarden.com/column/medaka_variety | https://www.practical-aqualabo.com/medaka-yougoshu/","2","3:번식장·샵","2026-09-28","","morph.tsv:3",""
"bv:0177","ノーマル","","","normal","TRAIT","BODY_SHAPE","고래 야생종의 기본 체형(체형·지느러미·비늘 각 축의 기본값으로 쓰임).","","https://www.soramedaka.com/type","1","3:번식장·샵","2026-09-28","단일 출처(샵·블로그)","morph.tsv:4","SORA는 체형·지느러미·비늘 각각에「ノーマル」을 씀 — 축 없이 쓰면 모호."
"bv:0178","ヒカリ","ひかり","히카리","hikari","TRAIT","BODY_SHAPE","꼬리지느러미가 마름모(菱形), 등지느러미가 뒷지느러미와 같은 모양으로 척추 기준 상하대칭. 복부 홍색소포(虹, 구아닌 반사)가 등으로 옮겨가 위에서 보면 등이 빛나서 붙은 이름이나, 빛 없는 히카리도 있어 꼬리·등지느러미 모양으로 판정. 히카리끼리 교배하면 99% 히카리, 골곡 개체가 많음.","","https://jma-medaka.com/wp-content/uploads/2022/08/250901_【公式】品種分類マニュアル_第５版.pdf | https://www.soramedaka.com/type | https://www.aqualassic.com/medakaschool_18/ | https://www.practical-aqualabo.com/medaka-yougoshu/ | https://www.fireflymedaka.com/guides/medaka-body-types | https://pmc.ncbi.nlm.nih.gov/articles/PMC12915790/ | https://medakagallery.com/ | https://namu.wiki/w/%EC%86%A1%EC%82%AC%EB%A6%AC","8","1:협회","2026-09-28","","morph.tsv:5","HAZARD: ヒカリ(体型)は骨格・ヒレ形の体型名で、体外光/体内光など「光」(光沢=LUSTER)とは別物(AQLAB・JMAが明記)。 통칭「ヒカリ体型」. KON: hikari 열성, zic1/4; KON 본문(fetch 결과)은 등지느러미가 \""pelvic fin\"" 모양이라 했으나 JMA·SORA·FIRE는 뒷지느러미(anal) — 원문 재확인 필요. 한국 HAZARD: 나무위키는「롱핀 타입인 히카리」, DC 갤러리는「지느러미 형질(달마, 히카리)」로 체형을 지느러미 형질로 서술."
"bv:0179","Daタイプ","","","Da type","TRAIT","BODY_SHAPE","Da 유전자에 의한 상하대칭 체형 = 히카리 체형(등지느러미=뒷지느러미 모양, 꼬리 마름모).","","https://hinsyu-zukan.satumano-medakayasan.com/%E7%94%A8%E8%AA%9E%E9%9B%86/","1","2:도감·출판","2026-09-28","","morph.tsv:6","HZ 용어집의「ヒカリ体型（Daタイプ）」. inferred: 학술 Da(double anal fin) 돌연변이와 대응."
"bv:0180","ホタルメダカ","","","","TRAIT","BODY_SHAPE","히카리 메다카의 옛/별칭. 2007 제1회 일본메다카품평회에「ホタルメダカ部門（ヒカリメダカ部門）」.","","https://jma-medaka.com/wp-content/uploads/2022/08/250901_【公式】品種分類マニュアル_第５版.pdf","1","1:협회","2026-09-28","","morph.tsv:7","JMA 각주 표기는「ホタルめだか」."
"bv:0181","光りメダカ","","","","TRAIT","BODY_SHAPE","히카리 메다카의 별칭(JMA 각주).","","https://jma-medaka.com/wp-content/uploads/2022/08/250901_【公式】品種分類マニュアル_第５版.pdf","1","1:협회","2026-09-28","","morph.tsv:8","HAZARD: 한자「光」로 체형(ヒカリ)을 가리키는 드문 표기 — 광택 축의 光(体外光 등)과 혼동 위험. 메다카품종도감 인용문도「光体型」으로 표기."
"bv:0182","スーパーヒカリ","","","super hikari","MODIFIER","BODY_SHAPE","강광(強光) 히카리의 유통명: 히카리 체형의 등 빛이 강해 끊김 없는 은색 줄.","","https://medakazukan.net/0905_ougonsuperhikari/ | https://jma-medaka.com/wp-content/uploads/2022/08/250901_【公式】品種分類マニュアル_第５版.pdf","2","1:협회","2026-09-28","","morph.tsv:10","JMA는 2006년 품종명「オレンジスーパーヒカリ」(닉네임 舞姫)로 언급."
"bv:0183","ダルマ","だるま","다루마 / 달마","daruma / short body","TRAIT","BODY_SHAPE","척추가 부분적으로 유착해 짧아져 체장이 보통종의 절반 정도(골곡에 의한 짧음은 고려하지 않음). 등이 솟고, 수영이 서툴며 수온·수질에 민감, 사육·산란 어려움. 고정률 낮아 다루마끼리도 보통·반다루마·다루마가 나옴. 횡견으로 체장·둥근 정도 판정.","","https://jma-medaka.com/wp-content/uploads/2022/08/250901_【公式】品種分類マニュアル_第５版.pdf | https://jma-medaka.com/wp-content/uploads/2022/08/形質一覧表（第５版）_250901.pdf | https://medakanoyakata.muragon.com/entry/352.html | https://www.aqualassic.com/medakaschool_18/ | https://www.soramedaka.com/type | https://pmc.ncbi.nlm.nih.gov/articles/PMC12915790/ | https://www.fireflymedaka.com/guides/medaka-body-types | https://medakagallery.com/ | https://petfish.co.kr/list.php?category=5r01 | https://namu.wiki/w/%EC%86%A1%EC%82%AC%EB%A6%AC | https://gall.dcinside.com/board/view/?id=fish&no=985428","11","1:협회","2026-09-28","","morph.tsv:12","정의 불일치: SORA는「背骨の数は同じ, 각 뼈가 짧음」, JMA·AQLAB는「椎骨が部分的に癒着」. KON: wnt4b, 열성/불완전우성. AQLAB: 고수온에서 다루마가 나오기 쉬움(환경 영향). 한국어 표기: 샵은 다루마, 나무위키·DC는 달마."
"bv:0184","半ダルマ","はんだるま","반달마","handaruma / half-daruma","MODIFIER","BODY_SHAPE","보통종보다 짧고 다루마보다 긴 체형. 척추 유착 정도로 길이가 달라 보통종~다루마 사이를 총칭. 체장 구분은 약 6단계(형질로는 3단계). JMA에서는 ダルマ의 形質補足.","","https://jma-medaka.com/wp-content/uploads/2022/08/250901_【公式】品種分類マニュアル_第５版.pdf | https://medakanoyakata.muragon.com/entry/352.html | https://www.aqualassic.com/medakaschool_18/ | https://pmc.ncbi.nlm.nih.gov/articles/PMC12915790/ | https://www.fireflymedaka.com/guides/medaka-body-types | https://namu.wiki/w/%EC%86%A1%EC%82%AC%EB%A6%AC | https://medakazukan.net/dharmapoint/","7","1:협회","2026-09-28","","morph.tsv:13","KON은 독립 표현형 handaruma로 취급(좌위 미보고) — JMA의 \""보조\"" 지위와 다름."
"bv:0185","ショート","しょーと","","short","MODIFIER","BODY_SHAPE","보통종~반다루마 사이 체장 단계. JMA 그림은 ショート(長い)·ショート(短い) 두 단계로 구분.","","https://jma-medaka.com/wp-content/uploads/2022/08/250901_【公式】品種分類マニュアル_第５版.pdf | https://medakanoyakata.muragon.com/entry/352.html","2","1:협회","2026-09-28","","morph.tsv:14","JMA는 별도 정의 없이 체장 6단계 그림에서만 사용. reading은 가타카나 그대로."
"bv:0186","ショートボディ","","","short body","TRAIT","BODY_SHAPE","다루마의 별칭(JMA 각주: 체장이 통상보다 짧은 메다카).","","https://jma-medaka.com/wp-content/uploads/2022/08/250901_【公式】品種分類マニュアル_第５版.pdf","1","1:협회","2026-09-28","","morph.tsv:15","HAZARD: 위 JMA 6단계의「ショート」(중간 단계)와 다른 뜻 — ショートボディ=다루마 전체."
"bv:0187","バルーンメダカ","","","balloon","TRAIT","BODY_SHAPE","다루마의 별칭(JMA 각주).","","https://jma-medaka.com/wp-content/uploads/2022/08/250901_【公式】品種分類マニュアル_第５版.pdf","1","1:협회","2026-09-28","","morph.tsv:16",""
"bv:0188","縮みメダカ","","","","TRAIT","BODY_SHAPE","다루마의 별칭(JMA 각주).","","https://jma-medaka.com/wp-content/uploads/2022/08/250901_【公式】品種分類マニュアル_第５版.pdf","1","1:협회","2026-09-28","","morph.tsv:17","읽기 미표기(ちぢみ로 추정, 원문 없음)."
"bv:0189","ヒカリダルマ","ひかりだるま","","hikari-daruma","TRAIT","BODY_SHAPE","히카리 체형의 등·꼬리지느러미를 가지면서 다루마처럼 체장이 보통종의 절반 정도. 전 체형 중 평가가 특히 높아 형이 좋으면 체색 무관 양질로 인정.","","https://jma-medaka.com/wp-content/uploads/2022/08/250901_【公式】品種分類マニュアル_第５版.pdf | https://jma-medaka.com/wp-content/uploads/2022/08/形質一覧表（第５版）_250901.pdf | https://www.aqualassic.com/medakaschool_18/","3","1:협회","2026-09-28","","morph.tsv:18","JMA는 조합이 아니라 독립 형질로 등재(形質補足 強光·銀帯 공유)."
"bv:0190","ホタルダルマ","","","","TRAIT","BODY_SHAPE","2007 제1회 일본메다카품평회「ホタルダルマメダカ部門」의 부문명.","","https://jma-medaka.com/wp-content/uploads/2022/08/250901_【公式】品種分類マニュアル_第５版.pdf","1","1:협회","2026-09-28","","morph.tsv:19","옛 명칭. 대응은 ホタル=ヒカリ 별칭에서 추론."
"bv:0191","骨曲がり","","","","JARGON","BODY_SHAPE","척추가 굽은 개체. 히카리 체형에 많음. 다루마 판정 시 골곡으로 인한 짧음은 체장 단축으로 보지 않음.","","https://jma-medaka.com/wp-content/uploads/2022/08/250901_【公式】品種分類マニュアル_第５版.pdf | https://www.aqualassic.com/medakaschool_18/","2","1:협회","2026-09-28","","morph.tsv:20","JMA 표기는「骨曲がり」와「骨曲り」 혼용."
"bv:0192","背曲がり","","","","JARGON","BODY_SHAPE","등뼈가 휜 기형 개체. 선별(도태) 대상; 유전 영향이 크다는 견해와 후천 요인도 있다는 견해가 병존.","","https://note.com/asumi_39/n/n8d009de6690b | https://medakayaen-ec.com/blog/kikei/","2","3:번식장·샵","2026-09-28","일부 서술이 검색 스니펫 근거","morph.tsv:21","검색 스니펫·제목 수준 확인(본문 미정독)."
"bv:0193","ヒレ長","ひれなが","히레나가","hirenaga / long fin","TRAIT","FIN","지느러미 전체가 크게 신장(모든 지느러미, 기막 포함). 길이·형상은 다양하고 끝이 갈라지기 쉬워 갈라지지 않은 개체가 우량. 2015 松井勝二郎 작출(JMA).","","https://jma-medaka.com/wp-content/uploads/2022/08/250901_【公式】品種分類マニュアル_第５版.pdf | https://jma-medaka.com/wp-content/uploads/2022/08/形質一覧表（第５版）_250901.pdf | https://www.soramedaka.com/type | https://www.aqualassic.com/medakaschool_22/ | https://hinsyu-zukan.satumano-medakayasan.com/%E7%94%A8%E8%AA%9E%E9%9B%86/ | https://pmc.ncbi.nlm.nih.gov/articles/PMC12915790/ | https://t-aquagarden.com/column/medaka_variety | https://t-aquagarden.com/column/medaka_body | https://animallo.kr/product/%EC%96%91%EA%B7%80%EB%B9%84-%ED%9E%88%EB%A0%88%EB%82%98%EA%B0%80-%EB%A9%94%EB%8B%A4%EC%B9%B4-4cm%EB%82%B4%EC%99%B8-1%EB%A7%88%EB%A6%AC/4673/","9","1:협회","2026-09-28","","morph.tsv:22","HZ는「ヒレが長い系の総称」(상위 범주)로 씀 vs JMA는 개별 형질. KON: 5종 지느러미 연조가 모두 길고 기막은 부분 신장. 작출연도 불일치: JMA 2015 vs piscesbook 2012 발견. 표기 변형: ヒレナガ(TAG_BODY)."
"bv:0194","松井ヒレ長","まついひれなが","","Matsui hirenaga","STRAIN","FIN","구마모토현 松井養魚場(松井勝二郎)에서 발견된 히레나가. 꼬리지느러미가 부채꼴로 크게 신장, 등·뒷지느러미도 신장(HZ: 배지느러미 이외 신장, 꼬리 끝이 둥근 부채꼴).","","https://jma-medaka.com/wp-content/uploads/2022/08/250901_【公式】品種分類マニュアル_第５版.pdf | https://hinsyu-zukan.satumano-medakayasan.com/%E7%94%A8%E8%AA%9E%E9%9B%86/ | https://medakanoyakata.muragon.com/entry/776.html | https://www.bepal.net/archives/60006 | https://piscesbook.com/archives/15309 | https://hiroshan-medaka.com/archives/2018/07/09/2782/ | https://t-aquagarden.com/column/medaka_variety","7","1:협회","2026-09-28","","morph.tsv:23; strain.tsv:41","[다른 정의 strain.tsv:41] 구마모토 마쓰이양어장에서 발견된 히레나가. 꼬리지느러미 부채꼴로 크게 신장. ‖ same_as:天女の舞는 HZ 표기「松井ヒレ長（天女の舞）」근거. めだかの館: 松井ヒレ長·天女の舞 → ヒレ長로 분류. ‖ 松井勝二郎 2015. 별칭 '天女の舞'."
"bv:0195","天女の舞","","","","STRAIN","FIN","松井ヒレ長 계열 하우스네임. t-aquagarden은 幹之(체외광)+청체색+모든 지느러미 신장(히레나가) 품종으로 설명.","","https://t-aquagarden.com/column/zukan_medaka_matsui_hirenaga | https://hinsyu-zukan.satumano-medakayasan.com/%E7%94%A8%E8%AA%9E%E9%9B%86/ | https://medakanoyakata.muragon.com/entry/776.html | https://hiroshan-medaka.com/archives/2018/07/09/2782/ | https://t-aquagarden.com/column/medaka_variety","5","2:도감·출판","2026-09-28","","morph.tsv:24; strain.tsv:42","[다른 정의 strain.tsv:42] 마쓰이 히레나가의 별칭. ‖ 출처 간 불일치: HZ는 松井ヒレ長의 별칭, TAG_MAT는 幹之 기반 품종, HIRO(요약)는 꼬리+등·배(ventral)지느러미 신장으로 松井ヒレ長과 구분. 읽기 미표기."
"bv:0196","スワロー","すわろー","","swallow","TRAIT","FIN","각 지느러미 연조 일부가 부분적으로 돌출해 신장(빗살 모양); 신장 수·길이 개체차 큼. 2012 對馬義人(아오모리) 작출, 이름은 스왈로 구피에서. 기막은 신장하지 않음(KON).","","https://jma-medaka.com/wp-content/uploads/2022/08/250901_【公式】品種分類マニュアル_第５版.pdf | https://jma-medaka.com/wp-content/uploads/2022/08/形質一覧表（第５版）_250901.pdf | https://www.soramedaka.com/type | https://www.aqualassic.com/medakaschool_22/ | https://hinsyu-zukan.satumano-medakayasan.com/%E7%94%A8%E8%AA%9E%E9%9B%86/ | https://pmc.ncbi.nlm.nih.gov/articles/PMC12915790/ | https://t-aquagarden.com/column/medaka_variety | https://piscesbook.com/archives/15309","8","1:협회","2026-09-28","","morph.tsv:25","한국어 표기는 샵 페이지에서 확인 못함."
"bv:0197","スワローテール","","","swallowtail","TRAIT","FIN","지느러미 끝 일부가 불규칙하게 흩어지듯 신장하는 타입.","","https://hiroshan-medaka.com/archives/2018/07/09/2782/","1","4:블로그·위키·포럼","2026-09-28","단일 출처(샵·블로그)","morph.tsv:26","HIRO(2018) 표기. JMA는「スワロー」."
"bv:0198","風雅","","","","STRAIN","FIN","스왈로 형질을 가진 메다카의 하우스네임(연조 일부가 빗살 모양으로 신장).","","https://hinsyu-zukan.satumano-medakayasan.com/%E7%94%A8%E8%AA%9E%E9%9B%86/ | https://medakanoyakata.muragon.com/entry/776.html | https://piscesbook.com/archives/15309 | https://www.bepal.net/archives/60006 | https://hiroshan-medaka.com/archives/2018/07/09/2782/","5","2:도감·출판","2026-09-28","","morph.tsv:27","めだかの館: 風雅 → スワロー로 분류. 읽기 미표기."
"bv:0199","ロングフィン","ろんぐふぃん","롱핀","longfin (hobby sense)","TRAIT","FIN","(JMA) 등지느러미와 뒷지느러미의 연조가 전체적으로 신장; 연조만 늘어 신장부에 기막이 없음. 체외광 개체는 신장부에 빛이 나기 쉬움.","","https://jma-medaka.com/wp-content/uploads/2022/08/250901_【公式】品種分類マニュアル_第５版.pdf | https://jma-medaka.com/wp-content/uploads/2022/08/形質一覧表（第５版）_250901.pdf | https://www.aqualassic.com/medakaschool_22/ | https://hinsyu-zukan.satumano-medakayasan.com/%E7%94%A8%E8%AA%9E%E9%9B%86/ | https://www.hime-medaka.com/medakanositumonn/tigauyo.html | https://t-aquagarden.com/column/zukan_medaka_matsui_hirenaga | https://pmc.ncbi.nlm.nih.gov/articles/PMC12915790/ | https://goldmoonaqua.com/category/%EB%A9%94%EB%8B%A4%EC%B9%B4/71/ | https://namu.wiki/w/%EC%86%A1%EC%82%AC%EB%A6%AC","9","1:협회","2026-09-28","","morph.tsv:28","MAJOR HAZARD(ロングフィン vs longfin): JMA=등·뒷지느러미만, 연조만 신장(신장부에 기막 없음). HIME=수컷 등·뒷지느러미만, 구아닌 관련, 개체차 큼. TAG_MAT=등·꼬리·뒷지느러미 끝. HZ(垂水ロングフィン)=연조가 빗살처럼 신장·도중 분기. KON(Kon et al. 2026, 학술 \""longfin\"")=꼬리 외 6개 지느러미(쌍지느러미 포함)가 야생형보다 김. TAG_VAR는 ロングフィン=ヒレ長으로 동일시. 한국 샵의「롱핀」(マリアージュ 롱핀 등)은 어느 정의인지 불명, 나무위키는 히카리를「롱핀 타입」이라 부름."
"bv:0200","垂水ロングフィン","","","","STRAIN","FIN","ロングフィン의 작출자명 표기: 등·뒷지느러미 연조가 빗살 모양으로 신장하고 도중에 분기.","","https://hinsyu-zukan.satumano-medakayasan.com/%E7%94%A8%E8%AA%9E%E9%9B%86/","1","2:도감·출판","2026-09-28","","morph.tsv:29",""
"bv:0201","リアルロングフィン","りあるろんぐふぃん","리얼롱핀 / 리얼 롱핀","real longfin (RLF)","TRAIT","FIN","모든 지느러미가 원래 형태를 유지한 채 1.5배 이상 신장(HZ: 1.5~2배). 2020 中里良則 작출. 히레나가는 가장자리가 짧고 중심이 길어 둥근 형, RLF는 깔끔한 삼각형 유지.","","https://jma-medaka.com/wp-content/uploads/2022/08/250901_【公式】品種分類マニュアル_第５版.pdf | https://jma-medaka.com/wp-content/uploads/2022/08/形質一覧表（第５版）_250901.pdf | https://medakazukan.net/charactaristics_real-longfin/ | https://www.aqualassic.com/medakaschool_22/ | https://hinsyu-zukan.satumano-medakayasan.com/%E7%94%A8%E8%AA%9E%E9%9B%86/ | https://www.hime-medaka.com/medakanositumonn/tigauyo.html | https://pmc.ncbi.nlm.nih.gov/articles/PMC12915790/ | https://medakagallery.com/ | https://goldmoonaqua.com/category/%EB%A9%94%EB%8B%A4%EC%B9%B4/71/","9","1:협회","2026-09-28","","morph.tsv:30","HIME: 현성(우성) 유전, 암수 모두 신장. KON: 연조와 기막 모두 신장, 후보 and2. HIRO(2018, 요약)는 RLF를「ヒレ光が強いロングフィン」처럼 설명 — JMA 2020 기원보다 이른 별도 용법 가능성(미검증). JMA 본문에 오타「リアルリングフィン」."
"bv:0202","ワイドフィン","","","wide fin","TRAIT","FIN","미병부(尾柄部)가 넓고 뒷·등지느러미 연조가 많아 폭이 넓음. 2016 山本健二 발견, JMA 인정품종 36호(北辻ヒレロング).","","https://jma-medaka.com/wp-content/uploads/2022/08/250901_【公式】品種分類マニュアル_第５版.pdf | https://jma-medaka.com/wp-content/uploads/2022/08/形質一覧表（第５版）_250901.pdf | https://www.aqualassic.com/medakaschool_22/ | https://hinsyu-zukan.satumano-medakayasan.com/%E7%94%A8%E8%AA%9E%E9%9B%86/","4","1:협회","2026-09-28","","morph.tsv:31",""
"bv:0203","北辻ヒレロング","","","","STRAIN","FIN","와이드핀 품종명: 미통(尾筒)이 굵고 짧고 넓으며 뒷지느러미가 꼬리 기부까지 이어져 틈이 적음.","","https://hinsyu-zukan.satumano-medakayasan.com/%E7%94%A8%E8%AA%9E%E9%9B%86/ | https://jma-medaka.com/wp-content/uploads/2022/08/250901_【公式】品種分類マニュアル_第５版.pdf | https://medakazukan.net/jmaninteinumber/","3","1:협회","2026-09-28","","morph.tsv:32; strain.tsv:43","[다른 정의 strain.tsv:43] 와이드핀 형질의 JMA 인정 제36호 품종. 꼬리자루가 넓고 뒷·등지느러미 연조가 많음. ‖ HAZARD: 이름에「ヒレロング」가 있지만 신장형이 아니라 광폭형. ‖ 山本健二 2016 발견(埼玉・北辻めだか)"
"bv:0204","キッシングワイドフィン","","키싱와이드핀","kissing wide fin","STRAIN","FIN","등지느러미와 뒷지느러미가 키스하듯 가까워지는 광폭 지느러미.","","https://hinsyu-zukan.satumano-medakayasan.com/%E7%94%A8%E8%AA%9E%E9%9B%86/ | https://medakagallery.com/","2","2:도감·출판","2026-09-28","","morph.tsv:33",""
"bv:0205","サムライ","さむらい","","samurai","TRAIT","FIN","등지느러미 기막 또는 연조 결손으로 등지느러미가 2장으로 갈라짐. 히카리·히카리다루마에 발현 경향. 앞쪽 등지느러미를 일본도에 비유해 명명.","","https://jma-medaka.com/wp-content/uploads/2022/08/250901_【公式】品種分類マニュアル_第５版.pdf | https://jma-medaka.com/wp-content/uploads/2022/08/形質一覧表（第５版）_250901.pdf | https://www.aqualassic.com/medakaschool_22/ | https://hinsyu-zukan.satumano-medakayasan.com/%E7%94%A8%E8%AA%9E%E9%9B%86/","4","1:협회","2026-09-28","","morph.tsv:34",""
"bv:0206","セルフィン","","","\""sellfin\"" (sail fin?)","TRAIT","FIN","사무라이의 별칭(등지느러미 2분).","","https://jma-medaka.com/wp-content/uploads/2022/08/250901_【公式】品種分類マニュアル_第５版.pdf | https://hinsyu-zukan.satumano-medakayasan.com/%E7%94%A8%E8%AA%9E%E9%9B%86/ | https://medakazukan.net/0905_ougonsuperhikari/","3","1:협회","2026-09-28","","morph.tsv:35","철자 주의: 원문은「セルフィン」(セイルフィン 아님). AQL22 영문화는 Sellfin. 정규화하지 말 것."
"bv:0207","上下サムライ","","","","MODIFIER","FIN","등지느러미뿐 아니라 뒷지느러미도 2장으로 갈라진 사무라이 개체.","","https://jma-medaka.com/wp-content/uploads/2022/08/250901_【公式】品種分類マニュアル_第５版.pdf","1","1:협회","2026-09-28","","morph.tsv:36",""
"bv:0208","Wサムライ","","","W samurai","MODIFIER","FIN","등지느러미가 3장으로 갈라진 사무라이 개체.","","https://jma-medaka.com/wp-content/uploads/2022/08/250901_【公式】品種分類マニュアル_第５版.pdf | https://www.aqualassic.com/medakaschool_22/","2","1:협회","2026-09-28","","morph.tsv:37",""
"bv:0209","チョキ","","","","TRAIT","FIN","히카리·히카리다루마의 꼬리지느러미 2장이 융합하지 않고 두 갈래로 갈라진 개체(꼬리만 분할).","","https://jma-medaka.com/wp-content/uploads/2022/08/250901_【公式】品種分類マニュアル_第５版.pdf","1","1:협회","2026-09-28","","morph.tsv:38","JMA 형질표에는 없고 サムライ의「類似した形質」에서만 설명."
"bv:0210","菱尾","ひしお","","","TRAIT","FIN","보통종 또는 다루마 체형인데 꼬리지느러미만 마름모. 등 빛·등→배 그라데이션 부재·머리색 짙음 등 히카리 요소가 있으면「등지느러미 작은 히카리」이지 菱尾가 아님. 菱尾끼리도 고정률 낮음.","","https://jma-medaka.com/wp-content/uploads/2022/08/250901_【公式】品種分類マニュアル_第５版.pdf | https://jma-medaka.com/wp-content/uploads/2022/08/形質一覧表（第５版）_250901.pdf | https://www.aqualassic.com/medakaschool_22/","3","1:협회","2026-09-28","","morph.tsv:39","읽기 불일치: JMA「ひしお」 vs AQL22「ひしおび」. HAZARD: 별칭「新体型」은 체형처럼 들리지만 JMA는 ヒレ変化로 분류."
"bv:0211","新体型","","","","TRAIT","FIN","菱尾의 별칭(메다카품종도감 인용: 등지느러미는 보통형, 꼬리만 광체형의 마름모).","","https://jma-medaka.com/wp-content/uploads/2022/08/250901_【公式】品種分類マニュアル_第５版.pdf","1","1:협회","2026-09-28","","morph.tsv:40","HAZARD: 체형명처럼 보이나 꼬리 형태 형질."
"bv:0212","マルコ","まるこ","마르코","no dorsal fin (KON: nodorsalfin)","TRAIT","FIN","등지느러미가 없는 메다카. 2011 小暮武 작출, 근래 고정률 상승. 체외광과 조합하면 등지느러미에서 끊기지 않는 한 줄 빛(流星).","","https://jma-medaka.com/wp-content/uploads/2022/08/250901_【公式】品種分類マニュアル_第５版.pdf | https://jma-medaka.com/wp-content/uploads/2022/08/形質一覧表（第５版）_250901.pdf | https://www.soramedaka.com/type | https://www.aqualassic.com/medakaschool_22/ | https://t-aquagarden.com/column/medaka_variety | https://pmc.ncbi.nlm.nih.gov/articles/PMC12915790/ | https://petfish.co.kr/list.php?category=5r01","7","1:협회","2026-09-28","","morph.tsv:41","KON: lmbr1, 열성. 한국 샵 표기는「마르코」(호박라메마르코). 최초 소개명「赤色らんちゅうメダカ」."
"bv:0213","背ビレ無し","","","dorsal-fin-less","TRAIT","FIN","등지느러미 결여. JMA는「マルコ（背ビレ無し）」로 병기, そらメダカ는「背びれなし」.","","https://jma-medaka.com/wp-content/uploads/2022/08/250901_【公式】品種分類マニュアル_第５版.pdf | https://www.soramedaka.com/type | https://medakazukan.net/0414_ryuusei/","3","1:협회","2026-09-28","","morph.tsv:42","표기 변형 背びれなし. 읽기 미표기."
"bv:0214","赤色らんちゅうメダカ","","","","STRAIN","FIN","2011년 등지느러미 결여 메다카가 처음 소개될 때의 이름(메다카품종도감 인용).","","https://jma-medaka.com/wp-content/uploads/2022/08/250901_【公式】品種分類マニュアル_第５版.pdf","1","1:협회","2026-09-28","","morph.tsv:43; strain.tsv:40","[다른 정의 strain.tsv:40] 등지느러미 결여(마루코) 형질의 최초 소개명. ‖ HAZARD: 금붕어 란추(등지느러미 없음)에서 빌린 이름. ‖ 小暮武, 2011"
"bv:0215","メラー","めらー","","meller","TRAIT","FIN","기막 성장이 도중에 멈춰 각 지느러미가 기막 결손 수만큼 여러 장으로 갈라짐; 모든 지느러미에 발현, 히카리 외 체형에도 발현. 2013 大場幸雄(めだかの館). 연조가 정상 크기까지 뻗는 개체가 우량.","","https://jma-medaka.com/wp-content/uploads/2022/08/250901_【公式】品種分類マニュアル_第５版.pdf | https://jma-medaka.com/wp-content/uploads/2022/08/形質一覧表（第５版）_250901.pdf | https://www.aqualassic.com/medakaschool_22/ | https://www.bepal.net/archives/60006","4","1:협회","2026-09-28","","morph.tsv:45","BEPAL은「軟条だけが伸長するタイプ」로 신장형처럼 서술 vs JMA는「ヒレが伸長しているわけではなく」— 불일치."
"bv:0216","モルフォ","もるふぉ","","morpho","TRAIT","FIN","꼬리지느러미가 부채꼴이 되고 지느러미 끝이 톱니(鋸歯) 모양. 가슴·배지느러미도 톱니가 되기 쉬움. 2019 田中拓也.","","https://jma-medaka.com/wp-content/uploads/2022/08/250901_【公式】品種分類マニュアル_第５版.pdf | https://jma-medaka.com/wp-content/uploads/2022/08/形質一覧表（第５版）_250901.pdf | https://www.aqualassic.com/medakaschool_22/ | https://hinsyu-zukan.satumano-medakayasan.com/%E7%94%A8%E8%AA%9E%E9%9B%86/ | https://hinsyu-zukan.satumano-medakayasan.com/page/12/","5","1:협회","2026-09-28","","morph.tsv:46; strain.tsv:51","kind 이견: morph.tsv:46=TRAIT, strain.tsv:51=STRAIN ‖ [다른 정의 strain.tsv:51] 꼬리지느러미 끝이 둥근 부채꼴, 청백색 강한 지느러미광. ‖ HZ는「青白く強いヒレ光」(광택 요소)를 정의에 포함. 파생「モルフォ亜種」은 JMA에서 ヒレライン(광택)으로 분류. ‖ 福岡・Azuma medaka, 2019.12(hinsyu-zukan). JMA는 田中拓也 2019 작출로 기재."
"bv:0217","フサヒレ","ふさひれ","후사히레","fusahire","TRAIT","FIN","지느러미가 신장하는 메다카에서 연조가 도중에 분기해 술(房) 모양이 됨.","","https://jma-medaka.com/wp-content/uploads/2022/08/250901_【公式】品種分類マニュアル_第５版.pdf | https://jma-medaka.com/wp-content/uploads/2022/08/形質一覧表（第５版）_250901.pdf | https://www.aqualassic.com/medakaschool_22/ | https://hinsyu-zukan.satumano-medakayasan.com/%E7%94%A8%E8%AA%9E%E9%9B%86/ | https://gall.dcinside.com/board/view/?id=fish&no=985428","5","1:협회","2026-09-28","","morph.tsv:47","HZ: ロングフィン·スワロー의 푸석한 모양을 가리키는 통칭. DC:「후사히레라고 부르는 형질로 상면 관상전용 틀에서 새 선택지」."
"bv:0218","ナローフィン","","","narrow fin","TRAIT","FIN","뒷지느러미 폭이 보통의 절반; 연조 수는 줄지 않고 밀집해 둥근 형. 2022 大場貴保 발표, JMA 인정품종 37호(닉네임 もも), 고정률 70% 초과.","","https://jma-medaka.com/wp-content/uploads/2022/08/250901_【公式】品種分類マニュアル_第５版.pdf | https://jma-medaka.com/wp-content/uploads/2022/08/形質一覧表（第５版）_250901.pdf | https://www.aqualassic.com/medakaschool_22/","3","1:협회","2026-09-28","","morph.tsv:48",""
"bv:0219","半月","","","","STRAIN","FIN","히카리 체형 × 松井ヒレ長(히레나가).","","https://hinsyu-zukan.satumano-medakayasan.com/%E7%94%A8%E8%AA%9E%E9%9B%86/ | https://www.bepal.net/archives/60006 | https://hiroshan-medaka.com/archives/2018/07/09/2782/","3","2:도감·출판","2026-09-28","","morph.tsv:49","HAZARD(추론): 베타의 halfmoon과 무관한 조합명. 읽기 미표기."
"bv:0220","フレアー","","","flare","STRAIN","FIN","히카리 체형 × 스왈로; 지느러미 일부가 흐트러진 머리카락처럼 신장.","","https://hinsyu-zukan.satumano-medakayasan.com/%E7%94%A8%E8%AA%9E%E9%9B%86/ | https://www.bepal.net/archives/60006 | https://hiroshan-medaka.com/archives/2018/07/09/2782/","3","2:도감·출판","2026-09-28","","morph.tsv:50",""
"bv:0221","バタフライ","","","butterfly","STRAIN","FIN","松井ヒレ長 × 스왈로(風雅) 양쪽 신장 특징을 가진 메다카. 2017년 가을 桃ちゃんメダカ(사이타마) 작출.","","https://piscesbook.com/archives/15309","1","2:도감·출판","2026-09-28","","morph.tsv:51",""
"bv:0222","スピアテール","","","spear tail","STRAIN","FIN","지느러미 신장 부위를 한정한 품종의 예로 JMA Q&A(Q44)에 이름만 등장; 정의 없음.","","https://jma-medaka.com/wp-content/uploads/2022/08/250901_【公式】品種分類マニュアル_第５版.pdf","1","1:협회","2026-09-28","","morph.tsv:52","형태 미확인."
"bv:0223","青蝶","あおちょう","","","STRAIN","FIN","지느러미 신장 부위를 한정한 품종의 예로 JMA Q&A(Q44)에 이름만 등장; 정의 없음.","","https://jma-medaka.com/wp-content/uploads/2022/08/250901_【公式】品種分類マニュアル_第５版.pdf | https://hinsyu-zukan.satumano-medakayasan.com/page/8/","2","1:협회","2026-09-28","","morph.tsv:53; strain.tsv:122","[다른 정의 strain.tsv:122] 히레나가 롱핀의 청미유키. ‖ 형태·읽기 미확인. ‖ 埼玉・行田淡水魚 小暮武, 2018.4"
"bv:0224","鰭条","きじょう","","fin ray","JARGON","FIN","지느러미 안의 실 같은 선(줄기). 메다카처럼 부드러운 것을 軟条라 함.","","https://jma-medaka.com/wp-content/uploads/2022/08/250901_【公式】品種分類マニュアル_第５版.pdf | https://www.aqualassic.com/medakaschool_22/","2","1:협회","2026-09-28","","morph.tsv:54",""
"bv:0225","軟条","なんじょう","연조","soft ray","JARGON","FIN","탄력 있고 부드러운 지느러미 줄기(메다카의 특징). 스왈로·롱핀·메라 판정의 기준 부위.","","https://jma-medaka.com/wp-content/uploads/2022/08/250901_【公式】品種分類マニュアル_第５版.pdf | https://www.aqualassic.com/medakaschool_22/","2","1:협회","2026-09-28","","morph.tsv:55","한국어「연조」는 페이지에서 확인 안 됨 — 일반 어류학 용어(추정)."
"bv:0226","棘条","きょくじょう","","spiny ray","JARGON","FIN","단단하고 끝이 뾰족한 지느러미 줄기.","","https://www.aqualassic.com/medakaschool_22/","1","3:번식장·샵","2026-09-28","단일 출처(샵·블로그)","morph.tsv:56",""
"bv:0227","鰭膜","きまく","","fin membrane","JARGON","FIN","지느러미 줄기(연조) 사이를 잇는 막. 메라(결손)·롱핀(신장부 없음)·RLF(함께 신장) 판정 기준.","","https://jma-medaka.com/wp-content/uploads/2022/08/250901_【公式】品種分類マニュアル_第５版.pdf | https://www.aqualassic.com/medakaschool_22/","2","1:협회","2026-09-28","","morph.tsv:57",""
"bv:0228","背ビレ","せびれ","등지느러미","dorsal fin","JARGON","FIN","등지느러미. 메다카는 몸 뒤쪽에 위치; 히카리에서는 뒷지느러미와 같은 모양.","","https://jma-medaka.com/wp-content/uploads/2022/08/250901_【公式】品種分類マニュアル_第５版.pdf | https://www.aqualassic.com/medakaschool_22/ | https://t-aquagarden.com/column/medaka_body | https://namu.wiki/w/%EC%86%A1%EC%82%AC%EB%A6%AC | https://gall.dcinside.com/board/view/?id=fish&no=985428","5","1:협회","2026-09-28","","morph.tsv:58","표기 변형: 背びれ."
"bv:0229","尻ビレ","しりびれ","","anal fin","JARGON","FIN","뒷지느러미. 롱핀·와이드핀·나로핀 판정 부위.","","https://jma-medaka.com/wp-content/uploads/2022/08/250901_【公式】品種分類マニュアル_第５版.pdf | https://www.aqualassic.com/medakaschool_22/ | https://t-aquagarden.com/column/medaka_body","3","1:협회","2026-09-28","","morph.tsv:59","JMA 본문은「しりビレ」표기 혼용."
"bv:0230","尾ビレ","おびれ","","caudal fin","JARGON","FIN","꼬리지느러미. 보통종은 부채꼴, 히카리는 마름모.","","https://jma-medaka.com/wp-content/uploads/2022/08/250901_【公式】品種分類マニュアル_第５版.pdf | https://www.aqualassic.com/medakaschool_22/ | https://t-aquagarden.com/column/medaka_body","3","1:협회","2026-09-28","","morph.tsv:60",""
"bv:0231","胸ビレ","むなびれ","","pectoral fin","JARGON","FIN","가슴지느러미(좌우 1쌍).","","https://jma-medaka.com/wp-content/uploads/2022/08/250901_【公式】品種分類マニュアル_第５版.pdf | https://www.aqualassic.com/medakaschool_22/ | https://t-aquagarden.com/column/medaka_body","3","1:협회","2026-09-28","","morph.tsv:61",""
"bv:0232","腹ビレ","はらびれ","","pelvic fin","JARGON","FIN","배지느러미(좌우 1쌍).","","https://jma-medaka.com/wp-content/uploads/2022/08/250901_【公式】品種分類マニュアル_第５版.pdf | https://www.aqualassic.com/medakaschool_22/ | https://t-aquagarden.com/column/medaka_body","3","1:협회","2026-09-28","","morph.tsv:62",""
"bv:0233","尾筒","","","caudal peduncle","JARGON","OTHER","꼬리자루. 와이드핀(北辻ヒレロング)은 尾筒이 굵고 짧고 넓음.","","https://hinsyu-zukan.satumano-medakayasan.com/%E7%94%A8%E8%AA%9E%E9%9B%86/","1","2:도감·출판","2026-09-28","","morph.tsv:63","JMA는「尾柄部」로 표기."
"bv:0234","出目","でめ","","deme / protruding eye","TRAIT","EYE","두개골 변형으로 눈~입 거리가 짧고 양 눈이 튀어나옴. 옆으로 나오는 개체부터 위로 나오는 개체까지 다양. 2006 大野(사이타마) 작출. 안구 자체는 커지지 않음(KON).","","https://jma-medaka.com/wp-content/uploads/2022/08/250901_【公式】品種分類マニュアル_第５版.pdf | https://jma-medaka.com/wp-content/uploads/2022/08/形質一覧表（第５版）_250901.pdf | https://www.aqualassic.com/medakaschool_20/ | https://t-aquagarden.com/column/medaka_eye | https://t-aquagarden.com/column/zukan_medaka_deme | https://pmc.ncbi.nlm.nih.gov/articles/PMC12915790/","6","1:협회","2026-09-28","","morph.tsv:64","TAG_EYE는「大きく見える」, KON은「no enlargement of the eyeballs」. TAG_DEME: 약 80% 계승. NIBB 2026 보도: 안구 돌출 제어 유전자 영역 특정."
"bv:0235","目前","めまえ","","memae","TRAIT","EYE","눈이 비스듬히 앞을 향해 정면에서 눈을 마주칠 수 있음. 위에서 보면(상견) 잘 보이며 눈 각도 45도 근처가 최상. 2007 木下一好(도쿠시마).","","https://jma-medaka.com/wp-content/uploads/2022/08/250901_【公式】品種分類マニュアル_第５版.pdf | https://jma-medaka.com/wp-content/uploads/2022/08/形質一覧表（第５版）_250901.pdf | https://www.aqualassic.com/medakaschool_20/ | https://t-aquagarden.com/column/medaka_eye | https://t-aquagarden.com/column/zukan_medaka_deme","5","1:협회","2026-09-28","","morph.tsv:65","JMA 명명 규칙: 出目+目前 → 「出目目前メダカ」."
"bv:0236","ビッグアイ","びっぐあい","","big eye","TRAIT","EYE","출목처럼 튀어나오는 게 아니라 몸에 비해 안구(眼径) 자체가 특별히 큼. 2009 仁井谷 작출.","","https://jma-medaka.com/wp-content/uploads/2022/08/250901_【公式】品種分類マニュアル_第５版.pdf | https://jma-medaka.com/wp-content/uploads/2022/08/形質一覧表（第５版）_250901.pdf | https://www.aqualassic.com/medakaschool_20/ | https://t-aquagarden.com/column/medaka_eye | https://pmc.ncbi.nlm.nih.gov/articles/PMC12915790/","5","1:협회","2026-09-28","","morph.tsv:66","철자 불일치: JMA 형질표「ビッグアイ」 vs 본문「ビックアイ」."
"bv:0237","水泡眼","すいほうがん","","suihougan / bubble eye","TRAIT","EYE","안구 각막이 부풀어 물주머니(수포)가 형성됨. 2008 久保河内 발견, 여러 품종에서 우발 발현.","","https://jma-medaka.com/wp-content/uploads/2022/08/250901_【公式】品種分類マニュアル_第５版.pdf | https://jma-medaka.com/wp-content/uploads/2022/08/形質一覧表（第５版）_250901.pdf | https://www.aqualassic.com/medakaschool_20/ | https://t-aquagarden.com/column/medaka_eye | https://pmc.ncbi.nlm.nih.gov/articles/PMC12915790/","5","1:협회","2026-09-28","","morph.tsv:67","TAG_EYE는「リンパ液が詰まった袋」, KON은 anterior segment 비대·corneal cyst. 금붕어 수포안과 같은 한자."
"bv:0238","Hitomi","ひとみ","","","STRAIN","EYE","수포안을 고정한 대표 품종(빅아이 수포안).","","https://jma-medaka.com/wp-content/uploads/2022/08/250901_【公式】品種分類マニュアル_第５版.pdf | https://www.aqualassic.com/medakaschool_20/","2","1:협회","2026-09-28","","morph.tsv:68; strain.tsv:39","久保河内氏 2008 발견. 매뉴얼 표기 'Hitomi（ひとみ）'. JMA 인정 2호 '瞳'과는 별개."
"bv:0239","スモールアイ","すもーるあい","","small eye","TRAIT","EYE","흑목(동공) 부분이 현저히 위축되어 시력이 약하고 배지반응이 적어 체색이 짙은 경향. 2001 大場幸雄 ピュアブラック(ブラックスモールアイ)이 원점.","","https://jma-medaka.com/wp-content/uploads/2022/08/250901_【公式】品種分類マニュアル_第５版.pdf | https://jma-medaka.com/wp-content/uploads/2022/08/形質一覧表（第５版）_250901.pdf | https://www.aqualassic.com/medakaschool_20/ | https://t-aquagarden.com/column/medaka_eye | https://ameblo.jp/medakaan-west-shop/entry-11948732359.html","5","1:협회","2026-09-28","","morph.tsv:69","KON의「tenme」(small pupil)가 이것에 대응(추론, KON 페이지에서 한자 미확인). HAZARD: 호출자가 든「天目/天眼」은 어느 페이지에서도 확인 못함 — tenme 로마자가 天目로 오독될 위험."
"bv:0240","点目","","","tenme (inferred)","TRAIT","EYE","스몰아이의 별칭: 눈이 점처럼 작음.","","https://ameblo.jp/medakaan-west-shop/entry-11948732359.html | https://pmc.ncbi.nlm.nih.gov/articles/PMC12915790/","2","4:블로그·위키·포럼","2026-09-28","영문 대응 추론","morph.tsv:70","KON은 로마자 tenme만 사용(한자 미표기) — 点目 대응은 추론. 읽기 미표기."
"bv:0241","片目スモールアイ","","","","MODIFIER","EYE","한쪽 눈만 스몰아이, 다른 쪽은 보통눈. 스몰아이 작출에 중요한 유전자를 가진 것으로 설명.","","https://jma-medaka.com/wp-content/uploads/2022/08/250901_【公式】品種分類マニュアル_第５版.pdf","1","1:협회","2026-09-28","","morph.tsv:71",""
"bv:0242","頂点眼","ちょうてんがん","","","TRAIT","EYE","눈이 위를 향함. 출목 중 위로 튀어나오는 개체가 해당; 금붕어 頂点眼에서 명명. 출목에서 돌발적으로 나오며 고정률 낮음. JMA 共通補足.","","https://jma-medaka.com/wp-content/uploads/2022/08/250901_【公式】品種分類マニュアル_第５版.pdf | https://jma-medaka.com/wp-content/uploads/2022/08/形質一覧表（第５版）_250901.pdf","2","1:협회","2026-09-28","","morph.tsv:72","호출자 목록의 天目/天眼과 대응할 가능성(추론) — 天目/天眼 표기 자체는 미확인."
"bv:0243","普通目","","","normal eye","TRAIT","EYE","야생형 눈(목전·파란다 비교의 기준).","","https://jma-medaka.com/wp-content/uploads/2022/08/250901_【公式】品種分類マニュアル_第５版.pdf","1","1:협회","2026-09-28","","morph.tsv:73","읽기 미표기."
"bv:0244","ポニョ","","","","STRAIN","EYE","출목(出目)이면서 눈이 정면을 향함.","","https://t-aquagarden.com/column/zukan_medaka_deme | https://hinsyu-zukan.satumano-medakayasan.com/page/3/","2","2:도감·출판","2026-09-28","","morph.tsv:74; strain.tsv:179","[다른 정의 morph.tsv:74] 출목 파생 품종: 눈이 앞을 향함(「ポニョメダカ」). ‖ 愛媛・近藤利継, 2010"
"bv:0245","白かえる","","","","STRAIN","EYE","출목 파생 품종: 눈 돌출이 큼.","","https://t-aquagarden.com/column/zukan_medaka_deme","1","3:번식장·샵","2026-09-28","단일 출처(샵·블로그)","morph.tsv:75",""
"bv:0246","出目パンダ","","","","STRAIN","EYE","흑목(판다 눈)의 출목 메다카.","","https://t-aquagarden.com/column/zukan_medaka_deme","1","3:번식장·샵","2026-09-28","단일 출처(샵·블로그)","morph.tsv:76",""
"bv:0247","ルビーアイ","るびーあい","","ruby eye","TRAIT","EYE","멜라닌을 미량 가져 동공이 적흑색(포도목); 어느 각도에서도 거의 같은 색. 2010 藤井博之 발견(アルビノクイーン).","","https://jma-medaka.com/wp-content/uploads/2022/08/250901_【公式】品種分類マニュアル_第５版.pdf | https://jma-medaka.com/wp-content/uploads/2022/08/形質一覧表（第５版）_250901.pdf | https://www.aqualassic.com/medakaschool_20/ | https://t-aquagarden.com/column/medaka_eye","4","1:협회","2026-09-28","","morph.tsv:79","EYE-색 형질."
"bv:0248","ブドウ目","","","","TRAIT","EYE","루비아이/의사 알비노의 별칭(적와인색 눈).","","https://jma-medaka.com/wp-content/uploads/2022/08/250901_【公式】品種分類マニュアル_第５版.pdf | https://t-aquagarden.com/column/medaka_eye","2","1:협회","2026-09-28","","morph.tsv:80","표기 변형: TAG_EYE「ブドウ眼(ぶどうがん)」, JMA「ブドウ目/ブドウ眼」. JMA의 チェンジカラー(ブドウ目)와도 겹쳐 쓰임."
"bv:0249","チェンジカラー","","","change color (eye)","MODIFIER","EYE","각도에 따라 눈 색이 적→흑으로 변하는 알비노/루비아이의 形質補足.","","https://jma-medaka.com/wp-content/uploads/2022/08/250901_【公式】品種分類マニュアル_第５版.pdf | https://jma-medaka.com/wp-content/uploads/2022/08/形質一覧表（第５版）_250901.pdf","2","1:협회","2026-09-28","","morph.tsv:81","EYE-색."
"bv:0250","アースアイ","","어스아이","earth eye","TRAIT","EYE","각막에 구아닌이 발현해 동공(흑목)이 청색 또는 은색으로 보임. 形質補足 青·銀.","","https://jma-medaka.com/wp-content/uploads/2022/08/250901_【公式】品種分類マニュアル_第５版.pdf | https://jma-medaka.com/wp-content/uploads/2022/08/形質一覧表（第５版）_250901.pdf | https://t-aquagarden.com/column/medaka_eye | https://medakagallery.com/","4","1:협회","2026-09-28","","morph.tsv:82","EYE-색. TAG_EYE 정의는「瞳に白などの別の色が混ざった」로 다름."
"bv:0251","ブルーアイ","ぶるーあい","","blue eye","TRAIT","EYE","흑목이 파랗게 빛남 = 아스아이(청).","","https://jma-medaka.com/wp-content/uploads/2022/08/250901_【公式】品種分類マニュアル_第５版.pdf | https://t-aquagarden.com/column/medaka_eye | https://www.aqualassic.com/medakaschool_20/","3","1:협회","2026-09-28","","morph.tsv:83","EYE-색."
"bv:0252","プラチナアイ","","","platinum eye","TRAIT","EYE","각막 일부에 라메 같은 빛이 들어감.","","https://jma-medaka.com/wp-content/uploads/2022/08/250901_【公式】品種分類マニュアル_第５版.pdf | https://jma-medaka.com/wp-content/uploads/2022/08/形質一覧表（第５版）_250901.pdf","2","1:협회","2026-09-28","","morph.tsv:84","EYE-색/광택."
"bv:0253","片ホホ","かたほほ","","","MODIFIER","SCALE","한쪽 아가미뚜껑만 홍색소포(虹, 구아닌 반사)에 덮이지 않아 한쪽만 赤エラ인 투명린.","","https://jma-medaka.com/wp-content/uploads/2022/08/250901_【公式】品種分類マニュアル_第５版.pdf | https://jma-medaka.com/wp-content/uploads/2022/08/形質一覧表（第５版）_250901.pdf | https://www.aqualassic.com/medakaschool_18/","3","1:협회","2026-09-28","","morph.tsv:90",""
"bv:0254","ホホ無し","","","","MODIFIER","SCALE","아가미뚜껑이 홍색소포(虹, 구아닌 반사)에 덮여 赤エラ는 없지만 지느러미 색 등 다른 투명린 특징이 발현하는 투명린.","","https://jma-medaka.com/wp-content/uploads/2022/08/250901_【公式】品種分類マニュアル_第５版.pdf | https://jma-medaka.com/wp-content/uploads/2022/08/形質一覧表（第５版）_250901.pdf","2","1:협회","2026-09-28","","morph.tsv:91","HAZARD: 「非透明鱗」이 ホホ無し를 가리키기도 한다고 JMA가 경고. 읽기 미표기."
"bv:0255","カガミ","かがみ","","mirror scale","TRAIT","SCALE","JMA 共通補足에 등재된 항목(비늘이 커지는 카가미형 — 설명은 카가미鱗 행 참조).","","https://jma-medaka.com/wp-content/uploads/2022/08/形質一覧表（第５版）_250901.pdf | https://jma-medaka.com/wp-content/uploads/2022/08/250901_【公式】品種分類マニュアル_第５版.pdf","2","1:협회","2026-09-28","","morph.tsv:94","JMA 형질표(5판)에는 있으나 매뉴얼 본문에 해설 절이 없음. 읽기는 가나 그대로."
"bv:0256","カガミ鱗","","","mirror scale","TRAIT","SCALE","잉어의 카가미(ドイツ鯉)형처럼 비늘이 통상보다 커지는 형질(품종명 아님). 체측 중앙에 큰 비늘이 가로 한 줄로 정연히 늘어선 개체가 높이 평가. 횡견(横見)으로 감상하는 메다카. 池谷雄二가 타이리쿠바라타나고의 카가미형에서 착상해 작출.","","https://piscesbook.com/archives/11622 | https://note.com/noble_takin450/n/n9e755d7ab052","2","2:도감·출판","2026-09-28","일부 서술이 검색 스니펫 근거","morph.tsv:95","이름이 \""반사(鏡)\""에서 왔다는 통념은 오해라고 piscesbook이 지적(잉어 명칭 유래). 검색 요약상 다른 비늘도 2~6배, 2024년경 유통 — 미검증. 읽기 미표기. 사용자 메모의 \""카가미린 단서\""와 관련."
"bv:0257","乱鱗","らんりん","","","TRAIT","SCALE","비늘 배열이 흐트러진 개체; 카가미형으로 가는 첫 단계로 설명됨.","","https://piscesbook.com/archives/11622","1","2:도감·출판","2026-09-28","","morph.tsv:96",""
"bv:0258","来光カガミ鱗","","","","STRAIN","SCALE","카가미鱗의 파생 계통명(래광계).","","https://note.com/noble_takin450/n/n9e755d7ab052","1","4:블로그·위키·포럼","2026-09-28","단일 출처(샵·블로그)","morph.tsv:97","같은 글에 アルビノカガミ鱗도 파생으로 언급."
"bv:0259","カガミ鱗幹之","","","","STRAIN","SCALE","카가미鱗 형질을 가진 幹之(체외광) 메다카.","","https://note.com/noble_takin450/n/n9e755d7ab052","1","4:블로그·위키·포럼","2026-09-28","단일 출처(샵·블로그)","morph.tsv:98",""
"bv:0260","ヒゲ","ひげ","","","TRAIT","OTHER","출목 메다카의 턱 부근에 작은 돌기가 있음. 출목에만 발현, 두개골 변형으로 뼈가 밀려나온 것으로 추정. JMA 共通補足.","","https://jma-medaka.com/wp-content/uploads/2022/08/250901_【公式】品種分類マニュアル_第５版.pdf | https://jma-medaka.com/wp-content/uploads/2022/08/形質一覧表（第５版）_250901.pdf","2","1:협회","2026-09-28","","morph.tsv:99",""
"bv:0261","獅子頭","","","","TRAIT","OTHER","JMA 珍種 목록에 이름만 있음; 매뉴얼에 정의 없음.","","https://jma-medaka.com/wp-content/uploads/2022/08/形質一覧表（第５版）_250901.pdf | https://jma-medaka.com/wp-content/uploads/2022/08/250901_【公式】品種分類マニュアル_第５版.pdf","2","1:협회","2026-09-28","","morph.tsv:100","추론: 금붕어 獅子頭(육류)에서 빌린 이름. 형태 미확인."
"bv:0262","珍種","ちんしゅ","","Novelty","JARGON","OTHER","일점물로 발견되어 다음 세대 유전이 확인되지 않은 특징을 가진 메다카. 형질표와 독립, 유전 확인 시 형질/보조로 승격 가능.","","https://jma-medaka.com/wp-content/uploads/2022/08/250901_【公式】品種分類マニュアル_第５版.pdf | https://jma-medaka.com/wp-content/uploads/2022/08/形質一覧表（第５版）_250901.pdf | https://medakapedia.com/glossary","3","1:협회","2026-09-28","","morph.tsv:102; strain.tsv:363","[다른 정의 strain.tsv:363] 한 마리만 발견되고 다음 세대 유전이 확인되지 않은 특징(메라노마, 철가면, 사자머리 등). ‖ 읽기 미표기. ‖ JMA 珍種 목록에 '鉄仮面' 포함—체외광 그레이드 '鉄仮面'과 동음이의."
"bv:0263","形質","けいしつ","형질","trait / Trait","JARGON","OTHER","목시로 판별 가능하고 자손에 유전하는 개량 메다카의 특징(JMA 정의). 7그룹: 체색·투명린·눈의 변화·홍색소포(虹, 구아닌 반사)·무늬·지느러미 변화·체형.","","https://jma-medaka.com/wp-content/uploads/2022/08/250901_【公式】品種分類マニュアル_第５版.pdf | https://gall.dcinside.com/board/view/?id=fish&no=985428 | https://medakazukan.net/%E6%94%B9%E8%89%AF%E3%83%A1%E3%83%80%E3%82%AB%E3%81%AE%E5%9F%BA%E7%A4%8E%E7%94%A8%E8%AA%9E%E3%81%BE%E3%81%A8%E3%82%81%E3%80%80%EF%BD%9E%E5%93%81%E7%A8%AE%E3%83%BB%E9%A3%BC%E8%82%B2%E7%B7%A8%EF%BD%9E/","3","1:협회","2026-09-28","","morph.tsv:103; strain.tsv:360","[다른 정의 strain.tsv:360] 눈으로 판별 가능하고 자손에 유전되는 특징(JMA 정의). ‖ JMA는 학술 용법과 일부 다를 수 있다고 주석."
"bv:0264","形質補足","","","","JARGON","OTHER","형질의 하위 카테고리(예: ダルマ(半ダルマ), ヒカリ(強光)). 새 특징은 먼저 여기에 분류되고 안정화 후 형질로 승격될 수 있음.","","https://jma-medaka.com/wp-content/uploads/2022/08/250901_【公式】品種分類マニュアル_第５版.pdf","1","1:협회","2026-09-28","","morph.tsv:104; strain.tsv:361","[다른 정의 strain.tsv:361] 형질의 하위 범주. 새 특징은 먼저 형질보충에 들어갔다가 안정되면 형질로 승격."
"bv:0265","共通補足","","","","JARGON","OTHER","여러 형질에 걸치거나 분류가 어려운 특징의 보조 카테고리(예: ヒレ美, 頂点眼, ヒゲ, カガミ).","","https://jma-medaka.com/wp-content/uploads/2022/08/250901_【公式】品種分類マニュアル_第５版.pdf | https://jma-medaka.com/wp-content/uploads/2022/08/形質一覧表（第５版）_250901.pdf","2","1:협회","2026-09-28","","morph.tsv:105; strain.tsv:362","[다른 정의 strain.tsv:362] 여러 형질에 걸치거나 분류가 어려운 특징의 범주(ヒレ美, ヒレ光, 頂点眼 등)."
"bv:0266","系統","けいとう","계통","line / Line","JARGON","OTHER","협의: 목적(선발기준)을 갖고 누대번식한 개체군. 광의: 공통 조상을 가진 개체군. 형질과는 좌표축이 달라 비교 불가(예: 오로라 계통 ≠ 반투명린).","","https://jma-medaka.com/wp-content/uploads/2022/08/250901_【公式】品種分類マニュアル_第５版.pdf | https://petfish.co.kr/list.php?category=5r01 | https://medakazukan.net/%E6%94%B9%E8%89%AF%E3%83%A1%E3%83%80%E3%82%AB%E3%81%AE%E5%9F%BA%E7%A4%8E%E7%94%A8%E8%AA%9E%E3%81%BE%E3%81%A8%E3%82%81%E3%80%80%EF%BD%9E%E5%93%81%E7%A8%AE%E3%83%BB%E9%A3%BC%E8%82%B2%E7%B7%A8%EF%BD%9E/ | https://note.com/medakayumeya/n/naf7d5b72524d | https://medakapedia.com/glossary","5","1:협회","2026-09-28","","morph.tsv:106; strain.tsv:368","[다른 정의 strain.tsv:368] 광의: 공통 조상을 가진 개체군 / 협의: 선발기준을 갖고 누대 번식한 개체군. ‖ 한국 샵 표기 예:「라메계통(극라메)」. ‖ JMA 예: 오로라 계통≠반투명린(형질)."
"bv:0267","ハウスネーム","","","house name / House name","JARGON","OTHER","작출자·판매자가 붙인 고유 품종명(닉네임, 브리더네임이라고도). JMA는 형질명과 분리해 병기 권장.","","https://jma-medaka.com/wp-content/uploads/2022/08/250901_【公式】品種分類マニュアル_第５版.pdf | https://medakanoyakata.muragon.com/entry/776.html | https://medakazukan.net/%E6%94%B9%E8%89%AF%E3%83%A1%E3%83%80%E3%82%AB%E3%81%AE%E5%9F%BA%E7%A4%8E%E7%94%A8%E8%AA%9E%E3%81%BE%E3%81%A8%E3%82%81%E3%80%80%EF%BD%9E%E5%93%81%E7%A8%AE%E3%83%BB%E9%A3%BC%E8%82%B2%E7%B7%A8%EF%BD%9E/ | https://hinsyu-zukan.satumano-medakayasan.com/ | https://medakapedia.com/glossary","5","1:협회","2026-09-28","","morph.tsv:107; strain.tsv:365","[다른 정의 strain.tsv:365] 작출자가 붙이는 독자 이름. 닉네임과 비슷하게 쓰이나 정의가 모호."
"bv:0268","上見","うわみ","상면 관상 / 상면관상","top view / Top view","JARGON","OTHER","수면 위에서 내려다보며 감상/판정. 체외광·라메·体内光·目前·파란다는 상견으로 판정. 야외 용기는 필연적으로 상견.","","https://www.practical-aqualabo.com/medaka-yougoshu/ | https://jma-medaka.com/wp-content/uploads/2022/08/250901_【公式】品種分類マニュアル_第５版.pdf | https://animallo.kr/product/%EC%96%91%EA%B7%80%EB%B9%84-%ED%9E%88%EB%A0%88%EB%82%98%EA%B0%80-%EB%A9%94%EB%8B%A4%EC%B9%B4-4cm%EB%82%B4%EC%99%B8-1%EB%A7%88%EB%A6%AC/4673/ | https://gall.dcinside.com/board/view/?id=fish&no=985428 | https://www.medakalog.shop/medaka-glossary | https://medakapedia.com/glossary | https://goldmoonaqua.com/product/%EB%AF%B8%EC%9C%A0%ED%82%A4-%ED%92%80%EB%B0%94%EB%94%94-%EB%A9%94%EB%8B%A4%EC%B9%B4-1%EC%8C%8D/110/","7","1:협회","2026-09-28","","morph.tsv:108; strain.tsv:399","[다른 정의 strain.tsv:399] 위에서 메다카를 보는 기본 감상법. ‖ 읽기 미표기. 한국어: 상면관상/상면 관상. ‖ 한국 '상면관상'."
"bv:0269","横見","よこみ","측면관상","side view / Side view","JARGON","OTHER","수조 옆면에서 감상/판정. 지느러미 형태·체측 무늬가 돋보이고, 카가미鱗은 횡견 전용으로 평가.","","https://www.practical-aqualabo.com/medaka-yougoshu/ | https://jma-medaka.com/wp-content/uploads/2022/08/250901_【公式】品種分類マニュアル_第５版.pdf | https://animallo.kr/product/%EC%96%91%EA%B7%80%EB%B9%84-%ED%9E%88%EB%A0%88%EB%82%98%EA%B0%80-%EB%A9%94%EB%8B%A4%EC%B9%B4-4cm%EB%82%B4%EC%99%B8-1%EB%A7%88%EB%A6%AC/4673/ | https://note.com/noble_takin450/n/n9e755d7ab052 | https://www.medakalog.shop/medaka-glossary | https://medakapedia.com/glossary","6","1:협회","2026-09-28","","morph.tsv:109; strain.tsv:400","[다른 정의 strain.tsv:400] 옆에서 메다카를 보는 감상법. ‖ 읽기 미표기."
"bv:0270","累代","るいだい","누대","generations (F1, F2...) / Line-breeding","JARGON","OTHER","계통을 몇 세대 거듭했는지(F1, F2…). 기산점이 생산자마다 달라 숫자보다 기점 확인이 중요.","","https://www.practical-aqualabo.com/medaka-yougoshu/ | https://jma-medaka.com/wp-content/uploads/2022/08/250901_【公式】品種分類マニュアル_第５版.pdf | https://medakazukan.net/%E6%94%B9%E8%89%AF%E3%83%A1%E3%83%80%E3%82%AB%E3%81%AE%E5%9F%BA%E7%A4%8E%E7%94%A8%E8%AA%9E%E3%81%BE%E3%81%A8%E3%82%81%E3%80%80%EF%BD%9E%E5%93%81%E7%A8%AE%E3%83%BB%E9%A3%BC%E8%82%B2%E7%B7%A8%EF%BD%9E/ | https://medakapedia.com/glossary","4","1:협회","2026-09-28","","morph.tsv:110; strain.tsv:374","[다른 정의 strain.tsv:374] 형질을 다음 세대로 이어가며 세대를 거듭하는 번식(累代繁殖·累代飼育). ‖ JMA 본문은「累代繁殖」. ‖ 한국어 '누대'는 사용례 미확인(직역)."
"bv:0271","固定率","こていりつ","고정률","fixation rate / Fixation rate","JARGON","OTHER","부모와 같은 특징을 가진 자손의 비율(100마리 중 10마리면 10%). 합격 기준에 따라 변동, 업계 공통 기준 없음.","","https://www.practical-aqualabo.com/medaka-yougoshu/ | https://jma-medaka.com/wp-content/uploads/2022/08/250901_【公式】品種分類マニュアル_第５版.pdf | https://www.medakalog.shop/medaka-glossary | https://medakazukan.net/%E6%94%B9%E8%89%AF%E3%83%A1%E3%83%80%E3%82%AB%E3%81%AE%E5%9F%BA%E7%A4%8E%E7%94%A8%E8%AA%9E%E3%81%BE%E3%81%A8%E3%82%81%E3%80%80%EF%BD%9E%E5%93%81%E7%A8%AE%E3%83%BB%E9%A3%BC%E8%82%B2%E7%B7%A8%EF%BD%9E/ | https://medakapedia.com/glossary | https://note.com/medakayumeya/n/naf7d5b72524d","6","1:협회","2026-09-28","","morph.tsv:111; strain.tsv:381","[다른 정의 strain.tsv:381] 종친에서 태어난 새끼 중 부모와 같은 표현형을 가진 개체의 비율. ‖ 예: 菱尾 固定率が低い, ナローフィン 70%超(JMA)."
"bv:0272","選別","せんべつ","선별","selection / Selection","JARGON","OTHER","기형 제거·종친 선택·판매 등급 나누기 등 기준에 따라 개체를 고르는 작업.","","https://www.practical-aqualabo.com/medaka-yougoshu/ | https://petfish.co.kr/list.php?category=5r01 | https://liviaqua.co.kr/category/%EA%B5%AD%EB%82%B4-%EB%B8%8C%EB%A6%AC%EB%94%A9/45/ | https://www.medakalog.shop/medaka-glossary | https://medakazukan.net/%E6%94%B9%E8%89%AF%E3%83%A1%E3%83%80%E3%82%AB%E3%81%AE%E5%9F%BA%E7%A4%8E%E7%94%A8%E8%AA%9E%E3%81%BE%E3%81%A8%E3%82%81%E3%80%80%EF%BD%9E%E5%93%81%E7%A8%AE%E3%83%BB%E9%A3%BC%E8%82%B2%E7%B7%A8%EF%BD%9E/ | https://www.hime-medaka.com/medakanositumonn/sennbetumore.html | https://note.com/medakayumeya/n/naf7d5b72524d","7","2:도감·출판","2026-09-28","","morph.tsv:112; strain.tsv:387","[다른 정의 morph.tsv:112] 성장 단계별(치어→약어→성어)로 반복되는 개체 고르기. ‖ 한국 샵: 「암, 수 선별」「선별개체」."
"bv:0273","ハネ","","","cull","JARGON","OTHER","선별 기준에 못 미쳐 제외된 개체. 동사 'ハネる'.","","https://www.practical-aqualabo.com/medaka-yougoshu/ | https://www.hime-medaka.com/medakanositumonn/sennbetumore.html","2","3:번식장·샵","2026-09-28","","morph.tsv:113; strain.tsv:388","[다른 정의 morph.tsv:113] 선별 기준에 미달해 제외된 개체(選別漏れ·選別外). 건강 불량 뜻은 아님."
"bv:0274","種親","たねおや","종친","broodstock","JARGON","OTHER","번식에 쓰기 위해 고른 부모 메다카.","","https://www.practical-aqualabo.com/medaka-yougoshu/ | https://www.medakalog.shop/medaka-glossary","2","3:번식장·샵","2026-09-28","","morph.tsv:114; strain.tsv:392","[다른 정의 morph.tsv:114] 다음 세대를 받기 위해 고른 친어.「種親クラス」= 계통 중 특징이 잘 나온 개체. ‖ 한국어 '종어'가 대응어로 쓰이는 듯(종어급)—inferred."
"bv:0275","グレード","","A급","grade","MODIFIER","OTHER","품종 내 특징 발현 정도의 단계(빛의 길이·라메 밀도 등). 생산자마다 기준이 달라 가게 간 비교 주의.","","https://www.practical-aqualabo.com/medaka-yougoshu/ | https://petfish.co.kr/list.php?category=5r01","2","3:번식장·샵","2026-09-28","","morph.tsv:115","한국 샵은「A급」「최상급」등 급 표기."
"bv:0276","現物","","실물개체","","JARGON","OTHER","사진에 찍힌 그 개체가 그대로 배송됨(↔「画像はイメージ」).","","https://www.practical-aqualabo.com/medaka-yougoshu/ | https://liviaqua.co.kr/category/%EA%B5%AD%EB%82%B4-%EB%B8%8C%EB%A6%AC%EB%94%A9/45/","2","3:번식장·샵","2026-09-28","","morph.tsv:116",""
"bv:0277","上物","","","","MODIFIER","OTHER","JMA 체장 구분 그림에서 가장 짧고 둥근 단계를「ダルマ(上物)」로 표기 — 상급 개체를 뜻하는 등급어로 보임.","","https://jma-medaka.com/wp-content/uploads/2022/08/250901_【公式】品種分類マニュアル_第５版.pdf","1","1:협회","2026-09-28","출처 본문에 표기 없음(JMA PDF 84쪽 텍스트 추출에서 미검출, 그림 라벨 추론)","morph.tsv:117","의미는 그림 라벨에서의 추론. 읽기 미표기. ‖ AC-6 검증: 인용한 JMA PDF 본문에 「上物」이 없다. 이 행은 그림 라벨 추론이며 출처 미확인."
"bv:0278","背中光強ダルマ","","","","STRAIN","LUSTER","2007년 제1회 일본메다카품평회 수상 개체의 명칭으로, 훗날의 미유키(幹之).","","https://jma-medaka.com/wp-content/uploads/2022/08/250901_【公式】品種分類マニュアル_第５版.pdf","1","1:협회","2026-09-28","","strain.tsv:4","菅高志, 2007. same_as 幹之(초기명)"
"bv:0279","夜桜ゴールド","","요자쿠라 골드","","STRAIN","LUSTER","요자쿠라의 골드 계열(메다카로그 품종 목록 수록명).","","https://www.medakalog.shop/medaka-hinshu-zukan | https://liviaqua.co.kr/","2","3:번식장·샵","2026-09-28","","strain.tsv:7","형질 설명은 목록에서 미확인. 한국 샵: '요자쿠라 (밤벚꽃) 골드'."
"bv:0280","柿色夜桜","","","","STRAIN","LUSTER","감색(柿色) 계열 요자쿠라. 블루 라메 타입이 유통.","","https://www.medakalog.shop/202308-nabana/","1","3:번식장·샵","2026-09-28","단일 출처(샵·블로그)","strain.tsv:8","읽기 미확인."
"bv:0281","月虹","げっこう","","","STRAIN","LUSTER","청~실버 체색 히카리 체형에 등에 무지갯빛 나전광이 보이는 품종.","","https://hinsyu-zukan.satumano-medakayasan.com/page/9/","1","2:도감·출판","2026-09-28","","strain.tsv:12","広島・め組。, 2011.12"
"bv:0282","黄金(こがね)","こがね","","","STRAIN","LUSTER","고운 황금 체색에 황금빛 라메가 빛나는 품종(GEX 카탈로그).","","https://www.gex-fp.co.jp/fish/breed_cat/medaka_catalog/","1","3:번식장·샵","2026-09-28","단일 출처(샵·블로그)","strain.tsv:14","읽기 'こがね'는 GEX 표기. 체색 형질 '黄金(おうごん)'과 구별."
"bv:0283","黒ラメ幹之サファイア系","","","","STRAIN","LUSTER","청 라메를 고정한 대표 품종(JMA). 흑체색+청라메 체외광 계통.","","https://jma-medaka.com/wp-content/uploads/2022/08/250901_【公式】品種分類マニュアル_第５版.pdf","1","1:협회","2026-09-28","","strain.tsv:17","静楽庵, 2020"
"bv:0284","令和黒ラメ幹之","れいわくろらめみゆき","","","STRAIN","LUSTER","비투명린에도 지느러미 색(히레비)이 들어가는 흑라메 미유키.","","https://hinsyu-zukan.satumano-medakayasan.com/page/8/","1","2:도감·출판","2026-09-28","","strain.tsv:18","岡山・静楽庵, 2020.5. JMA는 반투명린의 흰 히레비 표현을 '令和'라 호칭."
"bv:0285","令和黒ラメ幹之サファイア","","","Reiwa Black Lamé Miyuki Sapphire","STRAIN","LUSTER","흑색소가 짙은 몸에 사파이어색 청라메와 대비되는 지느러미 색(영문 샵 설명).","","https://themedakaemporium.co.uk/our-medaka","1","3:번식장·샵","2026-09-28","단일 출처(샵·블로그)","strain.tsv:19","영문 표기 'Reiwa Black Lamé Miyuki Sapphire'만 확인, 일본어 표기는 조합 추정."
"bv:0286","白ブチラメ幹之サファイア系","","","","STRAIN","PATTERN","白ブチラメ幹之×サファイア 교배. 청·백·흑만의 차분한 색에 청라메.","","https://piscesbook.com/archives/21511 | https://piscesbook.com/archives/category/newinfomation/medaka-zukan","2","2:도감·출판","2026-09-28","","strain.tsv:20","岡山・静楽庵, 2021 봄 릴리스"
"bv:0287","白ブチラメ幹之サファイア系DW","","","","STRAIN","PATTERN","위 계통에 DW(딥 화이트) 특성을 더해 흰 바탕과 흑백 대비를 강화.","","https://piscesbook.com/archives/category/newinfomation/medaka-zukan","1","2:도감·출판","2026-09-28","","strain.tsv:21","静楽庵, 2026.6.29"
"bv:0288","三色ラメ幹之サファイア系","","","","STRAIN","PATTERN","사파이어계 청라메에 적색이 더해진 삼색 라메 미유키.","","https://piscesbook.com/archives/category/newinfomation/medaka-zukan","1","2:도감·출판","2026-09-28","","strain.tsv:22","静楽庵"
"bv:0289","三色ラメ幹之サファイア系黒勝ちタイプ","","","","STRAIN","PATTERN","삼색라메미유키 사파이어계 중 먹(墨) 면적 70% 이상을 강조한 타입.","","https://piscesbook.com/archives/category/newinfomation/medaka-zukan","1","2:도감·출판","2026-09-28","","strain.tsv:23","静楽庵, 2026.6.26"
"bv:0290","令和サファイアNOVA","","","","STRAIN","LUSTER","令和黒ラメ幹之サファイア系×ネプチューン 교배 계통.","","https://piscesbook.com/archives/category/newinfomation/medaka-zukan","1","2:도감·출판","2026-09-28","","strain.tsv:24","静楽庵, 2026.6.25"
"bv:0291","3S-NP","","","","STRAIN","LUSTER","三色ラメ幹之サファイア系×ネプチューン 교배(静楽庵×メダカ屋サバンナ 협업).","","https://piscesbook.com/archives/category/newinfomation/medaka-zukan | https://medakapedia.com/strains/","2","2:도감·출판","2026-09-28","","strain.tsv:25","2026.6.24"
"bv:0292","白幹之","","","White Miyuki","STRAIN","LUSTER","펄 화이트 체색에 플래티넘 같은 등 광택.","","https://t-aquagarden.com/column/miyuki_medaka | https://www.aqualassic.com/medaka_miyuki/","2","3:번식장·샵","2026-09-28","","strain.tsv:27",""
"bv:0293","青幹之","","","Blue Miyuki","STRAIN","LUSTER","청체색 미유키. 기본형.","","https://hinsyu-zukan.satumano-medakayasan.com/page/5/ | https://br-choku.com/en/column/medaka-variety-guide","2","2:도감·출판","2026-09-28","","strain.tsv:28",""
"bv:0294","四色幹之","","","","STRAIN","LUSTER","JMA 예시: 品種名 青体外光体内光, 보충 体外光(二色)·体内光(青白,オレンジ)의 닉네임.","","https://jma-medaka.com/wp-content/uploads/2022/08/250901_【公式】品種分類マニュアル_第５版.pdf","1","1:협회","2026-09-28","","strain.tsv:33","매뉴얼 표기는 '４色幹之'."
"bv:0295","オレンジスーパーヒカリ","","","","STRAIN","BODY_SHAPE","오렌지 체색 명칭이 처음 쓰인 품종(닉네임 '舞姫').","","https://jma-medaka.com/wp-content/uploads/2022/08/250901_【公式】品種分類マニュアル_第５版.pdf","1","1:협회","2026-09-28","","strain.tsv:36","小宮氏, 2006"
"bv:0296","舞姫","","","","STRAIN","BODY_SHAPE","オレンジスーパーヒカリ의 닉네임.","","https://jma-medaka.com/wp-content/uploads/2022/08/250901_【公式】品種分類マニュアル_第５版.pdf","1","1:협회","2026-09-28","","strain.tsv:37","읽기 미기재. 小宮氏 2006."
"bv:0297","アルビノクイーン","","","","STRAIN","EYE","루비아이(포도눈) 형질의 최초 유통명.","","https://jma-medaka.com/wp-content/uploads/2022/08/250901_【公式】品種分類マニュアル_第５版.pdf","1","1:협회","2026-09-28","","strain.tsv:38","藤井博之 2010 발견"
"bv:0298","マリアージュロングフィン","","마리아주 롱핀","","STRAIN","FIN","빛나는 풍성한 긴 지느러미를 가진 미유키 진화계.","","https://hinsyu-zukan.satumano-medakayasan.com/page/19/ | http://m.goldmoonaqua.com/product/list.html?cate_no=71","2","2:도감·출판","2026-09-28","","strain.tsv:44","愛媛・垂水政治, 2021.6. 한국 샵 '마리아주 롱핀'. '垂水ロングフィン'과 관련."
"bv:0299","エメキン","エメキン","","","STRAIN","FIN","マリアージュロングフィンキッシング(エメラルドフィンタイプ)의 약칭.","","https://hinsyu-zukan.satumano-medakayasan.com/page/18/","1","2:도감·출판","2026-09-28","","strain.tsv:45","愛媛・垂水政治, 2022.2"
"bv:0300","エメラルドフィン","","","","STRAIN","FIN","지느러미 전체가 에메랄드색으로 빛나는 품종.","","https://hinsyu-zukan.satumano-medakayasan.com/page/5/","1","2:도감·출판","2026-09-28","","strain.tsv:46","愛媛・垂水政治, 2020 가을"
"bv:0301","モルフォ亜種","","","","STRAIN","FIN","모르포 파생. 지느러미 연조를 따라 선상으로 홍색소포(虹, 구아닌 반사)가 발현(JMA 형질 'ヒレライン').","","https://jma-medaka.com/wp-content/uploads/2022/08/250901_【公式】品種分類マニュアル_第５版.pdf | https://hinsyu-zukan.satumano-medakayasan.com/%E7%94%A8%E8%AA%9E%E9%9B%86/","2","1:협회","2026-09-28","","strain.tsv:52","田中拓也 2020"
"bv:0302","オーロラ幹之","","","","STRAIN","SCALE","옅은 청체색에 체외광, 아가미뚜껑~배가 노란 오로라계 미유키.","","https://hinsyu-zukan.satumano-medakayasan.com/page/4/ | https://medakapedia.com/strains/yozakura","2","2:도감·출판","2026-09-28","","strain.tsv:53","岡山・静楽庵, 2013 여름"
"bv:0303","オーロラ黄ラメ幹之","","","","STRAIN","LUSTER","다색 라메와 체외광이 실린 오로라계. 다양한 표현 출현.","","https://hinsyu-zukan.satumano-medakayasan.com/page/4/ | https://t-aquagarden.com/column/medaka_variety | https://www.hime-medaka.com/medakanohinsyu/","3","2:도감·출판","2026-09-28","","strain.tsv:54","岡山・静楽庵, 2015"
"bv:0304","越前三色","","","","STRAIN","PATTERN","비투명린 삼색 변종.","","https://piscesbook.com/archives/category/newinfomation/medaka-zukan","1","2:도감·출판","2026-09-28","","strain.tsv:59","읽기 미기재"
"bv:0305","東雲","しののめ","","","STRAIN","PATTERN","비투명린 삼색. 아케보노보다 흰 바탕이 많음.","","https://hinsyu-zukan.satumano-medakayasan.com/page/7/","1","2:도감·출판","2026-09-28","","strain.tsv:61","岡山・小寺義克, 2018"
"bv:0306","陽炎","かげろう","","","STRAIN","PATTERN","머리가 주홍, 푸른 체외광의 비투명린 삼색.","","https://hinsyu-zukan.satumano-medakayasan.com/page/7/","1","2:도감·출판","2026-09-28","","strain.tsv:62","岡山・小寺義克, 2019"
"bv:0307","小町","こまち","코마치","","STRAIN","PATTERN","비투명린 홍백. 투명린 홍백보다 흰 바탕이 짙음.","","https://hinsyu-zukan.satumano-medakayasan.com/page/20/ | https://www.medakalog.shop/medaka-hinshu-zukan | https://liviaqua.co.kr/","3","2:도감·출판","2026-09-28","","strain.tsv:63","愛知・小野めだか 小野久仁雄, 2018말. 한국 '코마치 홍백'."
"bv:0308","王華","おうか","왕화","","STRAIN","LUSTER","홍백 라메. 상면에서의 라메 폭과 밀도에 집중한 혈통.","","https://hinsyu-zukan.satumano-medakayasan.com/page/15/ | https://www.medakalog.shop/medaka-hinshu-zukan | http://m.goldmoonaqua.com/product/list.html?cate_no=71","3","2:도감·출판","2026-09-28","","strain.tsv:64","群馬・上州めだか, 2021. 한국 '왕화 메다카', 'F1' 표기 상품도 있음."
"bv:0309","王華ブルー","","","","STRAIN","LUSTER","홍백 라메 계통(王華)의 블루 변이.","","https://piscesbook.com/archives/category/newinfomation/medaka-zukan","1","2:도감·출판","2026-09-28","","strain.tsv:65","上州めだか, 2026.6.29"
"bv:0310","月華","げっか","","Gekka","STRAIN","PATTERN","삼색 라메.","","https://hinsyu-zukan.satumano-medakayasan.com/page/15/ | https://www.medakalog.shop/medaka-hinshu-zukan | https://themedakaemporium.co.uk/our-medaka","3","2:도감·출판","2026-09-28","","strain.tsv:66","群馬・上州めだか, 2021"
"bv:0311","五式","ごしき","","","STRAIN","PATTERN","블랙림이 있는 흑체색에 주홍 포인트색.","","https://hinsyu-zukan.satumano-medakayasan.com/page/19/","1","2:도감·출판","2026-09-28","","strain.tsv:69","埼玉・しいらメダカ 岡本剛, 2017.1"
"bv:0312","五式typeR","ごしきたいぷあーる","","","STRAIN","PATTERN","지느러미가 붉은 五式에서 머리까지 붉게 한 것.","","https://hinsyu-zukan.satumano-medakayasan.com/page/19/ | https://www.medakalog.shop/medaka-hinshu-zukan","2","2:도감·출판","2026-09-28","","strain.tsv:70","しいらメダカ 岡本剛, 2017.12. 메다카로그 표기 '五式タイプr'."
"bv:0313","竜章鳳姿","りゅうしょうほうし","","","STRAIN","PATTERN","투명린 블랙림의 히카리 체형 마쓰이 히레나가.","","https://hinsyu-zukan.satumano-medakayasan.com/page/18/ | https://www.medakalog.shop/medaka-hinshu-zukan","2","2:도감·출판","2026-09-28","","strain.tsv:71","岡山・星田めだか, 2020.9"
"bv:0314","クラウドグレーダイヤ","","","","STRAIN","LUSTER","구름 같은 회색에 등에도 라메가 많이 실리게 개량.","","https://hinsyu-zukan.satumano-medakayasan.com/page/13/ | https://medakapedia.com/strains/orochi","2","2:도감·출판","2026-09-28","","strain.tsv:73","神奈川・中里良則, 2022.11"
"bv:0315","東天光","とうてんこう","","","STRAIN","BODY_SHAPE","양귀비의 히카리 체형.","","https://hinsyu-zukan.satumano-medakayasan.com/page/19/ | https://www.medakalog.shop/medaka-hinshu-zukan","2","2:도감·출판","2026-09-28","","strain.tsv:75","広島・めだかの館 大場幸雄, 2005"
"bv:0316","初恋","はつこい","","","STRAIN","BODY_SHAPE","양귀비의 다루마 체형.","","https://hinsyu-zukan.satumano-medakayasan.com/page/15/","1","2:도감·출판","2026-09-28","","strain.tsv:76","広島・めだかの館 大場幸雄, 2005"
"bv:0317","朱天皇","しゅてんのう","","","STRAIN","BODY_SHAPE","양귀비의 히카리 다루마 체형('붉은 메다카의 왕').","","https://hinsyu-zukan.satumano-medakayasan.com/page/13/","1","2:도감·출판","2026-09-28","","strain.tsv:77","広島・めだかの館 大場幸雄, 2005"
"bv:0318","篤姫","あつひめ","","","STRAIN","SCALE","주홍 투명린, 볼이 분홍, 홍백 체색, 지느러미 포인트색.","","https://hinsyu-zukan.satumano-medakayasan.com/page/18/","1","2:도감·출판","2026-09-28","","strain.tsv:79","広島・めだかの館 大場幸雄. hinsyu-zukan 설명이 '紅'과 동일."
"bv:0319","紅ほっぺ","べにほっぺ","","Beni-hoppe","STRAIN","SCALE","백 투명린. 옆에서 보면 붉은 아가미뚜껑이 비쳐 볼이 분홍.","","https://hinsyu-zukan.satumano-medakayasan.com/page/20/ | https://www.medakalog.shop/medaka-hinshu-zukan | https://medakapedia.com/strains/youkihi","3","2:도감·출판","2026-09-28","","strain.tsv:80","愛媛・近藤利継/北条忠義"
"bv:0320","乙姫","おとひめ","","","STRAIN","PATTERN","짙은 오렌지~주홍 체색에 블랙림의 적흑계 투명린, 히카리 체형.","","https://hinsyu-zukan.satumano-medakayasan.com/page/18/","1","2:도감·출판","2026-09-28","","strain.tsv:81","広島・栗原養魚場, 2017"
"bv:0321","卑弥呼","ひみこ","","","STRAIN","EYE","양귀비 투명린의 포도눈 알비노, 히카리 체형 버터플라이.","","https://hinsyu-zukan.satumano-medakayasan.com/page/10/ | https://www.medakalog.shop/medaka-hinshu-zukan","2","2:도감·출판","2026-09-28","","strain.tsv:82","福岡・めだかハウスいろは 上村剛, 2018 이전"
"bv:0322","龍の瞳","りゅうのひとみ","","","STRAIN","EYE","알비노 미유키의 마쓰이 히레나가.","","https://hinsyu-zukan.satumano-medakayasan.com/page/20/ | https://www.medakalog.shop/medaka-hinshu-zukan","2","2:도감·출판","2026-09-28","","strain.tsv:83","静岡・メダカ屋猫飯 池谷雄二, 2018"
"bv:0323","王妃","おうひ","왕비","","STRAIN","EYE","알비노 미유키.","","https://hinsyu-zukan.satumano-medakayasan.com/page/16/ | http://m.goldmoonaqua.com/product/list.html?cate_no=71","2","2:도감·출판","2026-09-28","","strain.tsv:84","愛媛・垂水政治, 2019.10. 한국 '왕비 메다카'. 인광(鱗光)이 확인되는 '鱗血統' 품종으로 JMA 언급."
"bv:0324","ブロンズ","","","","STRAIN","LUSTER","머리가 브론즈색, 체외광·인광·지느러미광, 롱핀도 출현.","","https://hinsyu-zukan.satumano-medakayasan.com/page/7/ | https://jma-medaka.com/wp-content/uploads/2022/08/250901_【公式】品種分類マニュアル_第５版.pdf | https://www.medakalog.shop/medaka-hinshu-zukan","3","1:협회","2026-09-28","","strain.tsv:86","愛媛・垂水政治, 2019"
"bv:0325","グリーン","","","","STRAIN","BODY_COLOR","브론즈의 녹색 기미 계통.","","https://hinsyu-zukan.satumano-medakayasan.com/page/5/","1","2:도감·출판","2026-09-28","","strain.tsv:87","愛媛・垂水政治, 2020.6"
"bv:0326","黄桜","きざくら","","","STRAIN","PATTERN","황백 무늬. 라메·히카리 체형도 있음.","","https://hinsyu-zukan.satumano-medakayasan.com/page/7/ | https://medakapedia.com/strains/yozakura","2","2:도감·출판","2026-09-28","","strain.tsv:88","愛媛・垂水政治, 2016 이전"
"bv:0327","フロマージュ","","","","STRAIN","FIN","황~오렌지 체색에 하얗게 결정화한 듯한 후사(술) 지느러미.","","https://hinsyu-zukan.satumano-medakayasan.com/page/9/ | https://piscesbook.com/archives/category/newinfomation/medaka-zukan","2","2:도감·출판","2026-09-28","","strain.tsv:89","愛媛・垂水政治, 2023.8"
"bv:0328","フロマージュDR","","","","STRAIN","FIN","フロマージュ의 선발 계통(DR=Dark Red).","","https://piscesbook.com/archives/category/newinfomation/medaka-zukan","1","2:도감·출판","2026-09-28","","strain.tsv:90","礼めだか, 2026.6.26"
"bv:0329","オランジェ","","","","STRAIN","FIN","흑×오렌지(茶黒) 체색에 라메, 풍성한 지느러미.","","https://hinsyu-zukan.satumano-medakayasan.com/page/4/","1","2:도감·출판","2026-09-28","","strain.tsv:91","愛媛・垂水政治, 2024.5"
"bv:0330","ミッドナイトフリル","","","","STRAIN","FIN","등·뒷지느러미 연조가 늘어나 프릴처럼 물결치는 롱핀.","","https://hinsyu-zukan.satumano-medakayasan.com/page/14/","1","2:도감·출판","2026-09-28","","strain.tsv:92","愛媛・垂水政治, 2023.5"
"bv:0331","レッドクリフ","レッドクリフ","","","STRAIN","FIN","주홍~홍백 체색에 체외광·지느러미광·인광, 키싱 와이드핀, 후사히레.","","https://hinsyu-zukan.satumano-medakayasan.com/page/18/","1","2:도감·출판","2026-09-28","","strain.tsv:93","愛媛・垂水政治, 2022.9"
"bv:0332","ハイビスカス","","","","STRAIN","FIN","레드클리프(홍백)의 히카리 체형 히레나가.","","https://hinsyu-zukan.satumano-medakayasan.com/page/7/ | https://nekomanma7.ocnk.net/product-list/47","2","2:도감·출판","2026-09-28","","strain.tsv:94","岡山・夢中めだか, 2023.10"
"bv:0333","陽変天目","ようへんてんもく","요변천목","","STRAIN","LUSTER","칠흑 속에 청백색으로 빛나는 무늬.","","https://hinsyu-zukan.satumano-medakayasan.com/page/3/ | https://liviaqua.co.kr/","2","2:도감·출판","2026-09-28","","strain.tsv:95","愛媛・垂水政治, 2024.10. 猫飯 목록은 '曜変天目' 표기(한자 불일치). 한국 샵 '요변천목'(아즈마 표기)."
"bv:0334","金剛石","ダイヤモンド","","","STRAIN","OTHER","和墨×ネプチューン×フロマージュ 기반 품종.","","https://piscesbook.com/archives/category/newinfomation/medaka-zukan","1","2:도감·출판","2026-09-28","","strain.tsv:96","垂水政治, 2026.6.21. 읽기 'ダイヤモンド'는 PISCES 표기."
"bv:0335","黒輪刀","","","","STRAIN","PATTERN","和墨 계통, 검은 먹 무늬.","","https://piscesbook.com/archives/category/newinfomation/medaka-zukan","1","2:도감·출판","2026-09-28","","strain.tsv:97","垂水政治, 2026.7.25"
"bv:0336","和墨三毛猫ダルマ","","","","STRAIN","BODY_SHAPE","和墨 계열 삼모(三毛) 다루마(猫飯 2025 목록명).","","https://nekomanma7.ocnk.net/product-list/47","1","3:번식장·샵","2026-09-28","단일 출처(샵·블로그)","strain.tsv:99","형질 설명 미확인"
"bv:0337","斑(まだら)","まだら","","","STRAIN","PATTERN","和墨×百夜 교배, 녹색 기미 몸에 먹 무늬.","","https://piscesbook.com/archives/category/newinfomation/medaka-zukan","1","2:도감·출판","2026-09-28","","strain.tsv:100","つかさめだか, 2026.7.31. JMA 형질 '斑(ぶち)'과 다른 하우스네임."
"bv:0338","金閣","きんかく","","","STRAIN","PATTERN","금빛 체색에 흑반 무늬, 히레나가 어스아이.","","https://hinsyu-zukan.satumano-medakayasan.com/page/2/ | https://piscesbook.com/archives/category/newinfomation/medaka-zukan","2","2:도감·출판","2026-09-28","","strain.tsv:101","静岡・A-sめだか 芥川隼輔, 2024.7"
"bv:0339","銀閣","ぎんかく","","","STRAIN","PATTERN","금각의 실버 타입.","","https://hinsyu-zukan.satumano-medakayasan.com/page/2/ | https://nekomanma7.ocnk.net/product-list/47 | https://piscesbook.com/archives/category/newinfomation/medaka-zukan","3","2:도감·출판","2026-09-28","","strain.tsv:102","静岡・A-sめだか 芥川隼輔, 2024.7"
"bv:0340","金塊","きんかい","","","STRAIN","LUSTER","금색 라메.","","https://hinsyu-zukan.satumano-medakayasan.com/ | https://nekomanma7.ocnk.net/product-list/47","2","2:도감·출판","2026-09-28","","strain.tsv:103","沖縄・直めだか 桑江良直, 2023"
"bv:0341","金塊X","","","","STRAIN","LUSTER","金塊×墨碧眼 백크로스 계열.","","https://piscesbook.com/archives/category/newinfomation/medaka-zukan","1","2:도감·출판","2026-09-28","","strain.tsv:104","直めだか, 2026.7.1"
"bv:0342","龍鱗","りゅうりん","","","STRAIN","SCALE","(幹之系) 미유키의 빛을 옆으로 넓혀 비늘 모양으로 특화 / (カガミ鱗系) 아시아 아로와나 과배금룡의 비늘 표현을 목표로 한 플레이밍라메 전신 카가미린 롱핀.","","https://hinsyu-zukan.satumano-medakayasan.com/ | https://piscesbook.com/archives/category/newinfomation/medaka-zukan","2","2:도감·출판","2026-09-28","","strain.tsv:105","동명 2계통: 福岡・北九州めだかセンター 2010.6 / 沖縄・無限めだか 山城知也 2025.8."
"bv:0343","皇鱗","","","","STRAIN","SCALE","카가미린 계통, 불꽃 같은 흑체색(龍鱗과 함께 발표).","","https://piscesbook.com/archives/category/newinfomation/medaka-zukan","1","2:도감·출판","2026-09-28","","strain.tsv:106","無限めだか, 2026.6.23. 읽기 미확인"
"bv:0344","紅玉鏡鱗","こうぎょくかがみりん","","","STRAIN","SCALE","홍옥 라인의 카가미린(거울비늘) 품종.","","https://piscesbook.com/archives/category/newinfomation/medaka-zukan","1","2:도감·출판","2026-09-28","","strain.tsv:107","めだかのビーンズ, 2026.6.24"
"bv:0345","ペガサスカガミ鱗","","","","STRAIN","SCALE","카가미린(거울비늘) 품종.","","https://piscesbook.com/archives/category/newinfomation/medaka-zukan","1","2:도감·출판","2026-09-28","","strain.tsv:108","大ちゃんめだか, 2026.6.25"
"bv:0346","漆箔","しっぱく","","","STRAIN","SCALE","카가미린 계열 품종(輝箔와 짝).","","https://piscesbook.com/archives/category/newinfomation/medaka-zukan","1","2:도감·출판","2026-09-28","","strain.tsv:109","柳井めだか, 2026.6.23"
"bv:0347","輝箔","きはく","","","STRAIN","SCALE","카가미린 계열 품종(漆箔와 짝).","","https://piscesbook.com/archives/category/newinfomation/medaka-zukan","1","2:도감·출판","2026-09-28","","strain.tsv:110","柳井めだか, 2026.6.23"
"bv:0348","フラミンゴ","","","","STRAIN","SCALE","핑크사파이어 카가미린(猫飯 오리지널).","","https://nekomanma7.ocnk.net/product-list/47","1","3:번식장·샵","2026-09-28","단일 출처(샵·블로그)","strain.tsv:111","メダカ屋猫飯, 2025"
"bv:0349","ピンクサファイア","","","","STRAIN","LUSTER","핑크 체색에 청라메.","","https://hinsyu-zukan.satumano-medakayasan.com/page/4/ | https://t-aquagarden.com/column/medaka_variety","2","2:도감·출판","2026-09-28","","strain.tsv:112","広島・めだかの館 和田敏拓, 2022.8"
"bv:0350","ピンクサファイアNEO","","","","STRAIN","LUSTER","핑크사파이어의 NEO 계통(めだかの館 픽업).","","https://www.medakanoyakata.jp/?mode=cate&cbid=2838660&csid=0&sort=n","1","3:번식장·샵","2026-09-28","단일 출처(샵·블로그)","strain.tsv:113","형질 세부 미확인"
"bv:0351","菜花","なばな","","","STRAIN","LUSTER","밝은 황체색에 상면에서 강한 라메(황·청 등 난색 라메).","","https://www.medakalog.shop/202308-nabana/","1","3:번식장·샵","2026-09-28","단일 출처(샵·블로그)","strain.tsv:114","和田(めだかの館), 2023.8 릴리스"
"bv:0352","菜花NEO","","","","STRAIN","LUSTER","菜花의 NEO 계통.","","https://www.medakanoyakata.jp/?mode=cate&cbid=2838660&csid=0&sort=n","1","3:번식장·샵","2026-09-28","단일 출처(샵·블로그)","strain.tsv:115","めだかの館"
"bv:0353","オーロラ三色","","","","STRAIN","PATTERN","오로라(반투명린)계 삼색(めだかの館 픽업명).","","https://www.medakanoyakata.jp/?mode=cate&cbid=2838660&csid=0&sort=n","1","3:번식장·샵","2026-09-28","단일 출처(샵·블로그)","strain.tsv:117",""
"bv:0354","ミラージュ紫龍","","","","STRAIN","OTHER","めだかの館 픽업 품종명.","","https://www.medakanoyakata.jp/?mode=cate&cbid=2838660&csid=0&sort=n","1","3:번식장·샵","2026-09-28","단일 출처(샵·블로그)","strain.tsv:118","형질 설명 미확인"
"bv:0355","黒龍","こくりゅう","","","STRAIN","BODY_COLOR","흑체색+투명린+배경반응 없음. 오로치보다 옅은 검정.","","https://www.medakalog.shop/kokuryu/ | https://www.medakalog.shop/medaka-hinshu-zukan","2","3:번식장·샵","2026-09-28","","strain.tsv:119","2014 작출(Kawakami—영문 요약으로만 확인, 한자 미확인)."
"bv:0356","美虎","びとら","","","STRAIN","PATTERN","황금 체색에 색이 날지 않는 반점(부치) 무늬.","","https://hinsyu-zukan.satumano-medakayasan.com/page/8/","1","2:도감·출판","2026-09-28","","strain.tsv:120","埼玉・北辻めだか 山本健二, 2022.2. term은 '美虎'."
"bv:0357","炎尾","えんび","","","STRAIN","FIN","색이 날지 않는 부치 무늬의 北辻ヒレロング(와이드핀). 꼬리에 먹을 넣지 않아 황~주홍 강조.","","https://hinsyu-zukan.satumano-medakayasan.com/page/9/","1","2:도감·출판","2026-09-28","","strain.tsv:121","埼玉・北辻めだか 山本健二, 2023.7"
"bv:0358","ドラゴンブルー","","","","STRAIN","BODY_SHAPE","미유키의 히카리 체형으로 모든 지느러미가 푸르게 빛남.","","https://hinsyu-zukan.satumano-medakayasan.com/page/20/ | https://www.medakalog.shop/medaka-hinshu-zukan","2","2:도감·출판","2026-09-28","","strain.tsv:123","福岡・筑後めだか, 2019.4"
"bv:0359","龍ノ鬣","りゅうのたてがみ","","","STRAIN","FIN","드래곤블루(청미유키 히카리)를 스왈로로 만든 것.","","https://hinsyu-zukan.satumano-medakayasan.com/page/5/","1","2:도감·출판","2026-09-28","","strain.tsv:124","福岡・めだか沼 水上周作, 2020.9"
"bv:0360","如水","じょすい","","","STRAIN","FIN","청미유키 히카리 체형 스왈로의 모르포.","","https://hinsyu-zukan.satumano-medakayasan.com/page/5/","1","2:도감·출판","2026-09-28","","strain.tsv:125","広島・めだかの館 和田敏拓, 2023.6"
"bv:0361","夢光","","","","STRAIN","BODY_SHAPE","미유키 히카리 체형, 지느러미 둘레가 빛나는 일주광.","","https://hinsyu-zukan.satumano-medakayasan.com/page/6/","1","2:도감·출판","2026-09-28","","strain.tsv:126","岡山・温羅メダカ 国富芳典, 2013.3. 읽기 미확인"
"bv:0362","夢ラメ","","","","STRAIN","LUSTER","일주광을 가진 미유키 히카리에 라메.","","https://hinsyu-zukan.satumano-medakayasan.com/page/6/","1","2:도감·출판","2026-09-28","","strain.tsv:127","岡山・温羅メダカ 国富芳典, 2014.4. 읽기 미확인"
"bv:0363","天山","","","","STRAIN","BODY_SHAPE","히카리 체형, 미유키에 투명린이 들어감.","","https://hinsyu-zukan.satumano-medakayasan.com/page/6/","1","2:도감·출판","2026-09-28","","strain.tsv:128","愛媛・アヒルのめだか屋さん 川上富美代, 2013. 읽기 미확인"
"bv:0364","天山無双","","","","STRAIN","FIN","천산(天山)의 마쓰이 히레나가.","","https://hinsyu-zukan.satumano-medakayasan.com/page/6/","1","2:도감·출판","2026-09-28","","strain.tsv:129","徳島・徳島めだか養殖場, 2020.10. 읽기 미확인"
"bv:0365","水色桔梗","","","","STRAIN","FIN","청라메 미유키의 마쓰이 히레나가 히카리 체형.","","https://hinsyu-zukan.satumano-medakayasan.com/page/6/","1","2:도감·출판","2026-09-28","","strain.tsv:130","東京・広川正一郎, 2020.7. 읽기 미확인"
"bv:0366","ブルースターダスト","","","","STRAIN","LUSTER","청라메 체외광.","","https://hinsyu-zukan.satumano-medakayasan.com/page/6/","1","2:도감·출판","2026-09-28","","strain.tsv:131","埼玉・桃ちゃんめだか, 2015"
"bv:0367","バクシャイナー","","","Bakushiner","STRAIN","LUSTER","순혈 미유키의 구아닌을 모아 광채를 높인 품종.","","https://hinsyu-zukan.satumano-medakayasan.com/page/6/ | https://medakapedia.com/strains/","2","2:도감·출판","2026-09-28","","strain.tsv:132","静岡・メダカ屋猫飯, 2021.7"
"bv:0368","黒衣","","","","STRAIN","LUSTER","체내에서 배어나는 검은 체색에 옆에서 보이는 청 체외광.","","https://hinsyu-zukan.satumano-medakayasan.com/page/6/","1","2:도감·출판","2026-09-28","","strain.tsv:133","埼玉・本間久徳, 2020.5. 읽기 미확인"
"bv:0369","天鵞絨","","","","STRAIN","LUSTER","검은 몸 측면에 체외광. 투명린인데 볼이 붉지 않고 검음.","","https://hinsyu-zukan.satumano-medakayasan.com/page/6/","1","2:도감·출판","2026-09-28","","strain.tsv:134","埼玉・本間久徳, 2020.6. 읽기 미확인"
"bv:0370","極龍","きわみりゅう","","","STRAIN","LUSTER","황금 비늘, 청(남색) 체색, 입끝까지 체외광.","","https://hinsyu-zukan.satumano-medakayasan.com/page/10/ | https://hinsyu-zukan.satumano-medakayasan.com/1431/","2","2:도감·출판","2026-09-28","","strain.tsv:135","愛媛・極めだか, 2012.6"
"bv:0371","サンセット極龍","","","","STRAIN","LUSTER","극룡의 가슴지느러미에도 빛이 실리는 계통.","","https://hinsyu-zukan.satumano-medakayasan.com/page/10/ | https://hinsyu-zukan.satumano-medakayasan.com/1433/","2","2:도감·출판","2026-09-28","","strain.tsv:136","愛媛・めだかのビーンズ, 2018.9"
"bv:0372","菊銀紅玉","きくぎんこうぎょく","","","STRAIN","PATTERN","삼색 체외광. 주홍이 강해 잉어의 大正三色 같음.","","https://hinsyu-zukan.satumano-medakayasan.com/page/10/","1","2:도감·출판","2026-09-28","","strain.tsv:137","愛媛・菊間めだか 田中敬士, 2021.8"
"bv:0373","銀鱗紅玉","ぎんりんこうぎょく","","","STRAIN","PATTERN","삼색 체외광에 지느러미광.","","https://hinsyu-zukan.satumano-medakayasan.com/page/10/","1","2:도감·출판","2026-09-28","","strain.tsv:138","愛媛・菊間めだか 田中敬士, 2021.7"
"bv:0374","菊銀美人","きくぎんびじん","","","STRAIN","FIN","삼색 체외광의 키싱 와이드핀.","","https://hinsyu-zukan.satumano-medakayasan.com/page/10/","1","2:도감·출판","2026-09-28","","strain.tsv:139","愛媛・菊間めだか 田中敬士, 2023.2"
"bv:0375","紅玉","こうぎょく","","","STRAIN","PATTERN","적색을 강조한 삼색 체외광.","","https://hinsyu-zukan.satumano-medakayasan.com/page/13/","1","2:도감·출판","2026-09-28","","strain.tsv:140","愛媛・めだかのビーンズ 丹下学, 2018.9"
"bv:0376","朱紅玉","しゅこうぎょく","","","STRAIN","PATTERN","紅玉의 적색을 더 늘린 삼색 체외광.","","https://hinsyu-zukan.satumano-medakayasan.com/page/13/","1","2:도감·출판","2026-09-28","","strain.tsv:141","愛媛・めだかのビーンズ, 2019.6"
"bv:0377","朱光菊","しゅこうぎく","","","STRAIN","FIN","삼색 체외광의 롱핀.","","https://hinsyu-zukan.satumano-medakayasan.com/page/13/","1","2:도감·출판","2026-09-28","","strain.tsv:142","愛媛・菊間めだか 田中敬士, 2022.7"
"bv:0378","金色夜叉","こんじきやしゃ","","","STRAIN","PATTERN","황~황금계 삼색 체외광.","","https://hinsyu-zukan.satumano-medakayasan.com/page/16/","1","2:도감·출판","2026-09-28","","strain.tsv:143","岡山・小寺義克, 2017"
"bv:0379","紅凛","こうりん","","","STRAIN","PATTERN","홍색이 강하고 또렷한 무늬의 삼색.","","https://hinsyu-zukan.satumano-medakayasan.com/page/16/","1","2:도감·출판","2026-09-28","","strain.tsv:144","岡山・小寺義克, 2018.8"
"bv:0380","凛華","りんか","","","STRAIN","PATTERN","머리가 주홍, 블랙림 위에 체외광.","","https://hinsyu-zukan.satumano-medakayasan.com/page/7/","1","2:도감·출판","2026-09-28","","strain.tsv:145","岡山・小寺義克/夢中めだか 坂上学, 2019.4"
"bv:0381","華蓮","かれん","","","STRAIN","PATTERN","머리가 감색(주색), 몸은 블랙림으로 흑색이 강함.","","https://hinsyu-zukan.satumano-medakayasan.com/page/8/","1","2:도감·출판","2026-09-28","","strain.tsv:146","岡山・小寺義克, 2017"
"bv:0382","飛燕","ひえん","","","STRAIN","PATTERN","머리와 지느러미가 주홍, 블랙림의 히카리 체형.","","https://hinsyu-zukan.satumano-medakayasan.com/page/8/","1","2:도감·출판","2026-09-28","","strain.tsv:147","岡山・小寺義克, 2018"
"bv:0383","来光","らいこう","","","STRAIN","PATTERN","머리가 붉고 몸은 블랙림의 적흑 체색.","","https://hinsyu-zukan.satumano-medakayasan.com/page/19/ | https://nekomanma7.ocnk.net/product-list/47","2","2:도감·출판","2026-09-28","","strain.tsv:148","広島・日本改良めだか研究所 深川善正, 2018. 猫飯 '来光カガミ鱗' 파생."
"bv:0384","白姫","はくひめ","","","STRAIN","PATTERN","머리가 흰, 블랙림의 히카리 체형.","","https://hinsyu-zukan.satumano-medakayasan.com/page/20/","1","2:도감·출판","2026-09-28","","strain.tsv:149","岡山・星田めだか 妹尾和明, 2019"
"bv:0385","闇御津羽神","クラミツハ","","","STRAIN","PATTERN","머리가 주홍인 투명린 블랙림.","","https://hinsyu-zukan.satumano-medakayasan.com/page/13/","1","2:도감·출판","2026-09-28","","strain.tsv:150","佐賀・美心めだか, 2021 가을"
"bv:0386","琉華","りゅうか","","","STRAIN","LUSTER","머리가 주홍, 흑체색에 라메.","","https://hinsyu-zukan.satumano-medakayasan.com/page/12/","1","2:도감·출판","2026-09-28","","strain.tsv:151","沖縄・めだか造り屋 七海, 2019.3 이전"
"bv:0387","栗神","くりかん","","","STRAIN","PATTERN","적색이 짙은 삼색 투명린.","","https://hinsyu-zukan.satumano-medakayasan.com/page/5/","1","2:도감·출판","2026-09-28","","strain.tsv:152","広島・日本改良めだか研究所 深川善正, 2017 이전"
"bv:0388","華簪","はなかんざし","","","STRAIN","PATTERN","삼색 라메.","","https://hinsyu-zukan.satumano-medakayasan.com/page/12/","1","2:도감·출판","2026-09-28","","strain.tsv:153","広島・日本改良めだか研究所, 2023.5"
"bv:0389","黒蜂","こくほう","","","STRAIN","BODY_COLOR","투명린성 흑체색. 수컷만 지느러미에 황색.","","https://hinsyu-zukan.satumano-medakayasan.com/page/10/","1","2:도감·출판","2026-09-28","","strain.tsv:154","広島・日本改良めだか研究所 深川善正, 2013"
"bv:0390","金華獣","きんかじゅう","","","STRAIN","LUSTER","라메가 실린 품종.","","https://hinsyu-zukan.satumano-medakayasan.com/page/17/","1","2:도감·출판","2026-09-28","","strain.tsv:155","広島・日本改良めだか研究所 松浦亮, 2022.6. 설명 일부만 확인"
"bv:0391","花魁","おいらん","","Oiran","STRAIN","PATTERN","가부키의 체외광에 황반(黄斑)이 든 황삼색 체외광.","","https://hinsyu-zukan.satumano-medakayasan.com/page/17/ | https://www.medakalog.shop/medaka-hinshu-zukan | https://themedakaemporium.co.uk/our-medaka","3","2:도감·출판","2026-09-28","","strain.tsv:156","三重・川戸博貴, 2019.9"
"bv:0392","カブキ","","","","STRAIN","OTHER","화려하고 번쩍이는 '가부키모노'를 이미지한 품종.","","https://hinsyu-zukan.satumano-medakayasan.com/page/19/","1","2:도감·출판","2026-09-28","","strain.tsv:157","愛知・岡崎葵メダカ 天野雅弘, 2012. 형질 설명 없음"
"bv:0393","黒百式","くろひゃくしき","","","STRAIN","LUSTER","체내광, 체내에서 배어나는 흑색과 드문드문 체외광.","","https://hinsyu-zukan.satumano-medakayasan.com/page/17/ | https://www.medakalog.shop/medaka-hinshu-zukan","2","2:도감·출판","2026-09-28","","strain.tsv:158","愛媛・めだかのビーンズ 丹下学, 2015.8"
"bv:0394","百式幹之","ひゃくしきみゆき","","","STRAIN","LUSTER","투명린 미유키의 전신체내광.","","https://hinsyu-zukan.satumano-medakayasan.com/page/17/","1","2:도감·출판","2026-09-28","","strain.tsv:159","愛媛・めだかのビーンズ 丹下学, 2014.9"
"bv:0395","巫","かんなぎ","","","STRAIN","LUSTER","검은 전신체내광. 검은/흰 용기에서 모습 변화.","","https://hinsyu-zukan.satumano-medakayasan.com/page/4/","1","2:도감·출판","2026-09-28","","strain.tsv:160","埼玉・うなとろふぁ～む, 2018"
"bv:0396","天照","アマテラス","","Amaterasu","STRAIN","LUSTER","주홍 체색에 체외광과 지느러미광, 특히 인광 표현.","","https://hinsyu-zukan.satumano-medakayasan.com/page/18/ | https://medakapedia.com/strains/","2","2:도감·출판","2026-09-28","","strain.tsv:161","愛媛・めだかのビーンズ 丹下学, 2021.10"
"bv:0397","サタン","","","","STRAIN","FIN","오로치를 히레나가로 만든 것.","","https://hinsyu-zukan.satumano-medakayasan.com/page/15/ | https://medakapedia.com/strains/orochi","2","2:도감·출판","2026-09-28","","strain.tsv:162","愛媛・めだかのビーンズ, 2017.1"
"bv:0398","ゼウス","","","","STRAIN","BODY_SHAPE","오로치의 마쓰이 히레나가인 사탄의 히카리 체형.","","https://hinsyu-zukan.satumano-medakayasan.com/page/14/","1","2:도감·출판","2026-09-28","","strain.tsv:163","愛媛・めだかのビーンズ"
"bv:0399","墨武","ぼぶ","","Bobu","STRAIN","LUSTER","청흑 체색에 체외광.","","https://hinsyu-zukan.satumano-medakayasan.com/page/17/ | https://www.medakalog.shop/medaka-hinshu-zukan | https://themedakaemporium.co.uk/our-medaka","3","2:도감·출판","2026-09-28","","strain.tsv:164","佐賀・チャチャめだか, 2021.8 이전. EMP 'Bobu'."
"bv:0400","蛇墨武 澪ワイドフィン","","","","STRAIN","FIN","蛇墨武 澪에서 와이드핀을 고정.","","https://piscesbook.com/archives/category/newinfomation/medaka-zukan","1","2:도감·출판","2026-09-28","","strain.tsv:165","無限めだか, 2026.6.23. 猫飯 목록에 '蛇墨武(ジャスミン)リモーネ'."
"bv:0401","玄兎","げんと","","","STRAIN","FIN","히레나가의 칠흑 체색, 지느러미에 포인트 색.","","https://hinsyu-zukan.satumano-medakayasan.com/page/10/","1","2:도감·출판","2026-09-28","","strain.tsv:166","佐賀・チャチャめだか, 2021.1"
"bv:0402","GOD","","","","STRAIN","BODY_COLOR","흑색을 더 바래지 않게 한 품종.","","https://hinsyu-zukan.satumano-medakayasan.com/page/4/","1","2:도감·출판","2026-09-28","","strain.tsv:167","佐賀・チャチャめだか, 2020 이전"
"bv:0403","喪屍","ゾンビ","","","STRAIN","FIN","칠흑 체색의 마쓰이 히레나가, 블루아이.","","https://hinsyu-zukan.satumano-medakayasan.com/page/10/","1","2:도감·출판","2026-09-28","","strain.tsv:168","群馬・猿めだか, 2022.11"
"bv:0404","皁","そう","","","STRAIN","FIN","지느러미 황색의 흑체색에 리얼롱핀, 블루아이.","","https://hinsyu-zukan.satumano-medakayasan.com/page/3/","1","2:도감·출판","2026-09-28","","strain.tsv:169","岐阜・西郷めだか, 2023.7"
"bv:0405","黒槍","ブラックランス","","","STRAIN","FIN","칠흑 체색, 황색 기미 지느러미의 리얼롱핀.","","https://hinsyu-zukan.satumano-medakayasan.com/page/13/","1","2:도감·출판","2026-09-28","","strain.tsv:170","岡山・星田めだか"
"bv:0406","阿形","あぎょう","","Agyou","STRAIN","BODY_SHAPE","칠흑 체색 히카리 체형 스왈로, 등지느러미에 황.","","https://hinsyu-zukan.satumano-medakayasan.com/page/15/ | https://medakapedia.com/strains/","2","2:도감·출판","2026-09-28","","strain.tsv:171","徳島・舞風めだか, 2021.8"
"bv:0407","吽形","うんぎょう","","","STRAIN","BODY_SHAPE","칠흑 체색 히카리 체형 스왈로.","","https://hinsyu-zukan.satumano-medakayasan.com/page/15/","1","2:도감·출판","2026-09-28","","strain.tsv:172","徳島・舞風めだか, 2021.8"
"bv:0408","妲己","だっき","","","STRAIN","BODY_SHAPE","칠흑 체색 히카리 체형 스왈로, 등지느러미 황~주황.","","https://hinsyu-zukan.satumano-medakayasan.com/page/15/","1","2:도감·출판","2026-09-28","","strain.tsv:173","徳島・舞風めだか, 2022.3"
"bv:0409","黄泉","よみ","","","STRAIN","FIN","흑체색에 황~주황이 든 마쓰이 히레나가 스왈로.","","https://hinsyu-zukan.satumano-medakayasan.com/page/9/","1","2:도감·출판","2026-09-28","","strain.tsv:174","福岡・めだかハウスいろは 上村剛, 2019 이전"
"bv:0410","クムブルー","","","","STRAIN","EYE","칠흑 몸에 푸르게 빛나는 눈, 스몰아이.","","https://hinsyu-zukan.satumano-medakayasan.com/page/9/","1","2:도감·출판","2026-09-28","","strain.tsv:175","香川・漆黒めだか 森藤秀太(シュタム), 2022 이전"
"bv:0411","悪魔","あくま","","","STRAIN","EYE","흑체색 스몰아이. 눈 색이 녹~적 등으로 순간 변화.","","https://hinsyu-zukan.satumano-medakayasan.com/page/12/","1","2:도감·출판","2026-09-28","","strain.tsv:176","鹿児島・湧水めだか, 2019 이전"
"bv:0412","黑天幻龍","こくてんげんりゅう","","","STRAIN","EYE","흑체색에 스몰아이·블루아이·화이트아이·레드아이 등 눈 변화.","","https://hinsyu-zukan.satumano-medakayasan.com/page/14/","1","2:도감·출판","2026-09-28","","strain.tsv:177","群馬・上州愛鷹煌めき会 gao, 2022.8"
"bv:0413","エヴァ","","","","STRAIN","EYE","라메가 실린 흑체색 블루아이. 금색이 되는 개체도.","","https://hinsyu-zukan.satumano-medakayasan.com/page/2/","1","2:도감·출판","2026-09-28","","strain.tsv:178","静岡・Fuji Aqua Green 川口和則, 2023.3"
"bv:0414","魔王","まおう","","","STRAIN","LUSTER","히카리 체형 보랏빛 흑체색에 무지갯빛 광채.","","https://hinsyu-zukan.satumano-medakayasan.com/page/9/ | https://www.medakalog.shop/medaka-hinshu-zukan","2","2:도감·출판","2026-09-28","","strain.tsv:180","広島・め組。, 2012.5"
"bv:0415","魔王・改","まおうかい","","","STRAIN","LUSTER","보랏빛 흑체색에 라메, 등의 무지개 광채가 순간 적색으로 변화.","","https://hinsyu-zukan.satumano-medakayasan.com/page/9/","1","2:도감·출판","2026-09-28","","strain.tsv:181","広島・め組。, 2014경"
"bv:0416","宝鱗無双","ほうりんむそう","","","STRAIN","LUSTER","등의 청·녹·황 무지개 광채가 순간 적색으로 변함.","","https://hinsyu-zukan.satumano-medakayasan.com/page/9/","1","2:도감·출판","2026-09-28","","strain.tsv:182","広島・め組。, 2013"
"bv:0417","群青","ぐんじょう","","","STRAIN","LUSTER","검은 용기에서 푸르게 보이는 나전광 파생.","","https://hinsyu-zukan.satumano-medakayasan.com/page/14/","1","2:도감·출판","2026-09-28","","strain.tsv:184","愛媛・伊豫めだか"
"bv:0418","しずく","","","","STRAIN","OTHER","복막이 청~녹으로 빛나고 체외광도 가짐.","","https://hinsyu-zukan.satumano-medakayasan.com/page/14/ | https://nekomanma7.ocnk.net/product-list/47","2","2:도감·출판","2026-09-28","","strain.tsv:185","長崎・波羅門めだか, 2018.12"
"bv:0419","クロコダイル","","","","STRAIN","FIN","녹광의 변종으로 히레나가.","","https://hinsyu-zukan.satumano-medakayasan.com/page/3/","1","2:도감·출판","2026-09-28","","strain.tsv:187","熊本・サウスめだか, 2021.9"
"bv:0420","サボテン","","","","STRAIN","LUSTER","짙은 녹색 체색에 녹색 체외광과 라메가 빽빽.","","https://hinsyu-zukan.satumano-medakayasan.com/page/14/","1","2:도감·출판","2026-09-28","","strain.tsv:188","埼玉・メダカ屋サバンナ, 2021.7"
"bv:0421","サボラメ","","","","STRAIN","LUSTER","청록 라메의 오로라계, 황색도 약간.","","https://hinsyu-zukan.satumano-medakayasan.com/page/3/ | https://medakapedia.com/strains/yozakura","2","2:도감·출판","2026-09-28","","strain.tsv:189","静岡・Fuji Aqua Green 川口和則, 2021"
"bv:0422","ネプチューン","","","Neptune","STRAIN","LUSTER","전신이 청 라메, 코끝까지 라메.","","https://hinsyu-zukan.satumano-medakayasan.com/page/10/ | https://themedakaemporium.co.uk/our-medaka | https://piscesbook.com/archives/category/newinfomation/medaka-zukan","3","2:도감·출판","2026-09-28","","strain.tsv:190","埼玉・メダカ屋サバンナ, 2023.7"
"bv:0423","ブルームーン","","블루문","","STRAIN","LUSTER","칠흑 몸에 푸른 라메.","","https://hinsyu-zukan.satumano-medakayasan.com/page/11/ | https://liviaqua.co.kr/category/%EA%B5%AD%EB%82%B4-%EB%B8%8C%EB%A6%AC%EB%94%A9/45/","2","2:도감·출판","2026-09-28","","strain.tsv:191","埼玉・メダカ屋サバンナ, 2022.6. 한국 리비아쿠아 '블루문 메다카' 국내번식."
"bv:0424","プロメテウス","","","","STRAIN","BODY_SHAPE","히카리 체형, 라메.","","https://hinsyu-zukan.satumano-medakayasan.com/page/11/","1","2:도감·출판","2026-09-28","","strain.tsv:192","埼玉・メダカ屋サバンナ, 2022.6"
"bv:0425","スズラン","","","","STRAIN","LUSTER","백라메에 입끝만 녹색.","","https://hinsyu-zukan.satumano-medakayasan.com/page/11/","1","2:도감·출판","2026-09-28","","strain.tsv:193","埼玉・メダカ屋サバンナ, 2021.11"
"bv:0426","ゴブリン","","","","STRAIN","LUSTER","실버 체색 히카리 체형에 녹·청의 강한 라메.","","https://hinsyu-zukan.satumano-medakayasan.com/page/11/","1","2:도감·출판","2026-09-28","","strain.tsv:194","埼玉・メダカ屋サバンナ, 2023.3"
"bv:0427","レックウザ","","","","STRAIN","LUSTER","메탈릭 체색에 구아닌과 라메.","","https://hinsyu-zukan.satumano-medakayasan.com/page/3/","1","2:도감·출판","2026-09-28","","strain.tsv:195","埼玉・メダカ屋サバンナ, 2024.8"
"bv:0428","天界","てんかい","","","STRAIN","LUSTER","황(오렌지) 머리에 청라메의 투톤.","","https://hinsyu-zukan.satumano-medakayasan.com/page/17/ | https://www.medakalog.shop/medaka-hinshu-zukan","2","2:도감·출판","2026-09-28","","strain.tsv:196","埼玉・メダカ屋サバンナ, 2021.6"
"bv:0429","サンシャイン","","","Sunshine","STRAIN","LUSTER","오렌지~황금 체색에 코끝까지 다색 라메.","","https://hinsyu-zukan.satumano-medakayasan.com/page/7/ | https://themedakaemporium.co.uk/our-medaka","2","2:도감·출판","2026-09-28","","strain.tsv:197","埼玉・メダカ屋サバンナ, 2023.10"
"bv:0430","フェザーライト","","","","STRAIN","FIN","깃털 같은 풍성한 롱핀과 빽빽한 라메.","","https://hinsyu-zukan.satumano-medakayasan.com/page/2/","1","2:도감·출판","2026-09-28","","strain.tsv:198","埼玉・メダカ屋サバンナ/群馬・チャーム, 2025.8"
"bv:0431","彩桜","さいざくら","","","STRAIN","OTHER","무슈메다카 품종(설명 미확인). 요자쿠라 관련 품종으로 medakapedia에 연결.","","https://hinsyu-zukan.satumano-medakayasan.com/ | https://medakapedia.com/strains/yozakura","2","2:도감·출판","2026-09-28","","strain.tsv:200","埼玉・武州メダカ 安藤薫, 2022"
"bv:0432","ガイア","","","","STRAIN","OTHER","高州めだか 품종(설명 미확인).","","https://hinsyu-zukan.satumano-medakayasan.com/","1","2:도감·출판","2026-09-28","","strain.tsv:201","山梨・高州めだか, 2022.9"
"bv:0433","オベリスク","","","","STRAIN","OTHER","高州めだか 품종(설명 미확인). 요자쿠라 관련으로 medakapedia 연결.","","https://hinsyu-zukan.satumano-medakayasan.com/ | https://medakapedia.com/strains/yozakura","2","2:도감·출판","2026-09-28","","strain.tsv:202","山梨・高州めだか, 2022.6"
"bv:0434","魅輝","みき","","","STRAIN","OTHER","高州めだか 품종(설명 미확인).","","https://hinsyu-zukan.satumano-medakayasan.com/","1","2:도감·출판","2026-09-28","","strain.tsv:203","山梨・高州めだか, 2023.3"
"bv:0435","クリアブラウン","","","","STRAIN","BODY_COLOR","투명감 있는 엿색(飴色) 체색.","","https://hinsyu-zukan.satumano-medakayasan.com/","1","2:도감·출판","2026-09-28","","strain.tsv:204","広島・めだか本舗 ニ野宮良博, 2006"
"bv:0436","ブラックタイド・ゼブラ","","","","STRAIN","PATTERN","쿠로시오(블랙타이드)에서 이름을 딴 줄무늬.","","https://hinsyu-zukan.satumano-medakayasan.com/","1","2:도감·출판","2026-09-28","","strain.tsv:205","福岡・のら猫ギン, 2022"
"bv:0437","紫延","しえん","","","STRAIN","FIN","빛에 따라 보라색, 머리·지느러미에 흑, 히카리 체형 히레나가.","","https://hinsyu-zukan.satumano-medakayasan.com/page/2/ | https://medakapedia.com/strains/miyuki","2","2:도감·출판","2026-09-28","","strain.tsv:206","愛知・B型おやじ, 2023.8"
"bv:0438","ブリザード","","","","STRAIN","LUSTER","눈보라 같은 전신 결정(라메).","","https://hinsyu-zukan.satumano-medakayasan.com/page/2/","1","2:도감·출판","2026-09-28","","strain.tsv:207","岡山・河めだか, 2024.11"
"bv:0439","ヒミツヘイキ","","","","STRAIN","LUSTER","번쩍이는 라메. '라메왕 개(ラメ王改)'라고도 불림.","","https://hinsyu-zukan.satumano-medakayasan.com/page/11/","1","2:도감·출판","2026-09-28","","strain.tsv:209","岐阜・道三めだか, 2021.12"
"bv:0440","シンヘイキ","","","","STRAIN","FIN","히미쓰헤이키를 히레나가화한 라메 마쓰이 히레나가.","","https://hinsyu-zukan.satumano-medakayasan.com/page/11/","1","2:도감·출판","2026-09-28","","strain.tsv:210","岐阜・道三めだか, 2022.10"
"bv:0441","サイシュウヘイキ","","","","STRAIN","LUSTER","오로라계 다색 라메로 히미쓰헤이키를 더 번쩍이게.","","https://hinsyu-zukan.satumano-medakayasan.com/page/4/","1","2:도감·출판","2026-09-28","","strain.tsv:211","岐阜・稲めだか, 2023.9"
"bv:0442","ピッコロ","","","","STRAIN","BODY_SHAPE","황록색으로 번쩍이는 라메의 다루마.","","https://hinsyu-zukan.satumano-medakayasan.com/page/2/","1","2:도감·출판","2026-09-28","","strain.tsv:212","岐阜・道三めだか, 2025.2"
"bv:0443","ゾンクレヘイキ","","","","STRAIN","LUSTER","황록 라메, 피콜로의 보통체형.","","https://hinsyu-zukan.satumano-medakayasan.com/page/2/","1","2:도감·출판","2026-09-28","","strain.tsv:213","岐阜・道三めだか, 2025.2"
"bv:0444","スパークルヘイキ","","","","STRAIN","LUSTER","猫飯 2025 목록명(ヘイキ 계열로 보임).","","https://nekomanma7.ocnk.net/product-list/47","1","3:번식장·샵","2026-09-28","단일 출처(샵·블로그)","strain.tsv:214","형질 설명 미확인"
"bv:0445","ダイアナ","","","","STRAIN","LUSTER","홍백 체외광에 인광.","","https://hinsyu-zukan.satumano-medakayasan.com/page/5/","1","2:도감·출판","2026-09-28","","strain.tsv:215","岐阜・道三めだか, 2022.8"
"bv:0446","ダイアナ妃リアルロングフィン","","","","STRAIN","FIN","인광이 있는 홍백 체외광의 리얼롱핀.","","https://hinsyu-zukan.satumano-medakayasan.com/page/4/","1","2:도감·출판","2026-09-28","","strain.tsv:216","岐阜・西郷めだか, 2022.12"
"bv:0447","墨狼","","","","STRAIN","LUSTER","히미쓰헤이키 계통 변이.","","https://piscesbook.com/archives/category/newinfomation/medaka-zukan","1","2:도감·출판","2026-09-28","","strain.tsv:217","湊養魚場, 2025.10.11. 읽기 미확인"
"bv:0448","ブラックジュエリー","","","","STRAIN","FIN","칠흑 체색에 라메가 실린 히레나가. 이전 이름 '핀창'.","","https://hinsyu-zukan.satumano-medakayasan.com/page/11/","1","2:도감·출판","2026-09-28","","strain.tsv:218","岡山・夢中めだか, 2022.10"
"bv:0449","エンペラー","","","","STRAIN","FIN","홍백 체색에 체외광과 지느러미광의 롱핀.","","https://hinsyu-zukan.satumano-medakayasan.com/page/11/","1","2:도감·출판","2026-09-28","","strain.tsv:219","岡山・夢中めだか, 2022.10"
"bv:0450","スペード","","","","STRAIN","BODY_SHAPE","라메가 실린 실버 히카리 체형, 롱핀+스왈로.","","https://hinsyu-zukan.satumano-medakayasan.com/page/5/","1","2:도감·출판","2026-09-28","","strain.tsv:220","岡山・夢中めだか, 2024.3"
"bv:0451","シンデレラガール","","","","STRAIN","FIN","스왈로 지느러미 롱핀 표현.","","https://piscesbook.com/archives/category/newinfomation/medaka-zukan","1","2:도감·출판","2026-09-28","","strain.tsv:221","夢中めだか, 2026.7.25"
"bv:0452","みかん","","","","STRAIN","LUSTER","오렌지 체색에 빽빽한 라메.","","https://hinsyu-zukan.satumano-medakayasan.com/page/16/","1","2:도감·출판","2026-09-28","","strain.tsv:222","岡山・星田めだか, 2021"
"bv:0453","月下美人","げっかびじん","","","STRAIN","LUSTER","히카리 체형, 선명한 오렌지 베이스 라메(청·분홍·보라 발색도).","","https://hinsyu-zukan.satumano-medakayasan.com/page/12/ | https://www.medakalog.shop/medaka-hinshu-zukan","2","2:도감·출판","2026-09-28","","strain.tsv:223","熊本・舞めだか, 2019.4"
"bv:0454","月神","げっしん","","","STRAIN","LUSTER","황색계 삼색 라메에 청 체외광이 흩뿌려짐.","","https://hinsyu-zukan.satumano-medakayasan.com/page/7/ | https://www.medakalog.shop/medaka-hinshu-zukan","2","2:도감·출판","2026-09-28","","strain.tsv:224","熊本・舞めだか, 2021.4"
"bv:0455","天帝","てんてい","","","STRAIN","LUSTER","흰 바탕에 황 무늬, 체외광과 라메.","","https://hinsyu-zukan.satumano-medakayasan.com/page/7/","1","2:도감·출판","2026-09-28","","strain.tsv:225","熊本・舞めだか, 2020.5"
"bv:0456","赫灼","かくしゃく","","","STRAIN","LUSTER","그을린 듯한 흑 기미 체색에 다색 라메.","","https://hinsyu-zukan.satumano-medakayasan.com/page/7/","1","2:도감·출판","2026-09-28","","strain.tsv:226","熊本・舞めだか, 2022.4"
"bv:0457","明けの明星","あけのみょうじょう","","","STRAIN","FIN","라메가 빽빽한 오로라계 삼색의 마쓰이 히레나가.","","https://hinsyu-zukan.satumano-medakayasan.com/page/16/","1","2:도감·출판","2026-09-28","","strain.tsv:227","熊本・舞めだか, 2020.6"
"bv:0458","月弓","つくゆみ","","","STRAIN","OTHER","舞めだか 품종(설명 미확인).","","https://hinsyu-zukan.satumano-medakayasan.com/page/16/ | https://www.medakalog.shop/medaka-hinshu-zukan","2","2:도감·출판","2026-09-28","","strain.tsv:228","熊本・舞めだか, 2019.4"
"bv:0459","忘却の翼","ぼうきゃくのつばさ","","","STRAIN","LUSTER","머리까지 라메가 빽빽.","","https://hinsyu-zukan.satumano-medakayasan.com/page/20/ | https://www.medakalog.shop/medaka-hinshu-zukan | https://www.medakalog.shop/202308-nabana/","3","2:도감·출판","2026-09-28","","strain.tsv:229","熊本・舞めだか, 2020.4"
"bv:0460","レクリス","レクリス","","","STRAIN","FIN","금색 체색의 히레나가에 미세 라메가 빽빽.","","https://hinsyu-zukan.satumano-medakayasan.com/page/18/ | https://www.medakalog.shop/medaka-hinshu-zukan","2","2:도감·출판","2026-09-28","","strain.tsv:230","熊本・舞めだか, 2021.4"
"bv:0461","アイスブレイク","アイスブレイク","","","STRAIN","LUSTER","상면·측면 모두 고밀도 청라메의 오로라계 히카리 체형.","","https://hinsyu-zukan.satumano-medakayasan.com/page/18/ | https://www.medakalog.shop/medaka-hinshu-zukan","2","2:도감·출판","2026-09-28","","strain.tsv:231","熊本・舞めだか, 2021.11"
"bv:0462","久遠七星","くおんしちせい","","","STRAIN","LUSTER","상반신 오렌지 체색 히카리 체형에 초고밀도(라메).","","https://hinsyu-zukan.satumano-medakayasan.com/page/14/","1","2:도감·출판","2026-09-28","","strain.tsv:232","熊本・舞めだか, 2022.4. 설명 일부 절단"
"bv:0463","蒼煌","そうこう","","","STRAIN","LUSTER","머리는 황~감색, 몸에 청라메가 빽빽.","","https://hinsyu-zukan.satumano-medakayasan.com/page/9/","1","2:도감·출판","2026-09-28","","strain.tsv:233","群馬・上州めだか, 2021.7"
"bv:0464","宮桜","みやざくら","","Miyazakura","STRAIN","LUSTER","흑 베이스에 선명한 주홍~감색과 청라메.","","https://hinsyu-zukan.satumano-medakayasan.com/page/16/ | https://www.medakalog.shop/medaka-hinshu-zukan | https://themedakaemporium.co.uk/our-medaka","3","2:도감·출판","2026-09-28","","strain.tsv:234","愛知・宮本浩克, 2021.12. EMP: 흑·황 오로라."
"bv:0465","紅華","こうか","홍화","","STRAIN","LUSTER","주홍 체색에 황색 라메.","","https://hinsyu-zukan.satumano-medakayasan.com/page/5/ | https://liviaqua.co.kr/","2","2:도감·출판","2026-09-28","","strain.tsv:235","愛知・小野めだか 小野久仁雄, 2022.11. 한국 '홍화 메다카'."
"bv:0466","狼牙","ろうが","","","STRAIN","LUSTER","실버 체색에 실버 라메가 빽빽.","","https://hinsyu-zukan.satumano-medakayasan.com/page/5/","1","2:도감·출판","2026-09-28","","strain.tsv:236","愛知・小野めだか 小野久仁雄, 2020.7"
"bv:0467","シャンパンゴールドラメ","","","","STRAIN","LUSTER","옅은 금색 체색에 굵고 독립된 라메.","","https://hinsyu-zukan.satumano-medakayasan.com/page/5/ | https://nekomanma7.ocnk.net/product-list/47","2","2:도감·출판","2026-09-28","","strain.tsv:237","静岡・メダカ屋猫飯 池谷雄二, 2016.11"
"bv:0468","サバの極み","さばのきわみ","","","STRAIN","LUSTER","배 부분이 검고 청 체외광(고등어 같은). '사바'라고도.","","https://hinsyu-zukan.satumano-medakayasan.com/page/20/ | https://www.medakalog.shop/medaka-hinshu-zukan | https://hinsyu-zukan.satumano-medakayasan.com/sabanokiwami","3","2:도감·출판","2026-09-28","","strain.tsv:238","静岡・メダカ屋猫飯, 2019. 표제 'サバ、サバの極み'."
"bv:0469","メタリカ","","","","STRAIN","LUSTER","측면광이 두드러지는 메탈릭 체색.","","https://hinsyu-zukan.satumano-medakayasan.com/page/3/","1","2:도감·출판","2026-09-28","","strain.tsv:239","静岡・めだか屋さくら 中山克大, 2022.5"
"bv:0470","アグリアス","","","Agrias","STRAIN","LUSTER","주홍 머리에 청라메.","","https://hinsyu-zukan.satumano-medakayasan.com/page/8/ | https://www.medakalog.shop/medaka-hinshu-zukan | https://themedakaemporium.co.uk/our-medaka | https://medakapedia.com/strains/","4","2:도감·출판","2026-09-28","","strain.tsv:240","静岡・メダカファーム泉 関口, 2022"
"bv:0471","ユリシス","ユリシス","","","STRAIN","LUSTER","호주의 푸른 나비에서 이름. 지느러미 물듦(ヒレ染まり).","","https://hinsyu-zukan.satumano-medakayasan.com/page/17/ | https://www.medakalog.shop/medaka-hinshu-zukan | https://www.medakalog.shop/202308-nabana/","3","2:도감·출판","2026-09-28","","strain.tsv:241","静岡・メダカファーム泉 関口, 2021.2"
"bv:0472","ホログラム","","","","STRAIN","OTHER","광학 기록 개념에서 이름을 딴 품종.","","https://hinsyu-zukan.satumano-medakayasan.com/page/8/","1","2:도감·출판","2026-09-28","","strain.tsv:242","埼玉・矢野陽三, 2019경"
"bv:0473","改志","カイジ","","","STRAIN","FIN","등·뒷·배지느러미에 황색.","","https://hinsyu-zukan.satumano-medakayasan.com/page/17/ | https://medakapedia.com/strains/orochi","2","2:도감·출판","2026-09-28","","strain.tsv:243","奈良・飛鳥めだか 谷國昌博, 2020.4. 표제 '改志、カイジ'. medakapedia는 오로치 관련 품종."
"bv:0474","黒竜覇改","こくりゅうはかい","","","STRAIN","FIN","カイジ×黒菊リアルロングフィン 에 オロチ北辻ヒレロングブルーアイ 교배.","","https://piscesbook.com/archives/category/newinfomation/medaka-zukan","1","2:도감·출판","2026-09-28","","strain.tsv:244","めだか丸, 2026.9.13. 읽기 'こくりゅうは'+改."
"bv:0475","ふ～は～","ふ～は～","","","STRAIN","OTHER","大和紅帝風雅 교배 품종.","","https://hinsyu-zukan.satumano-medakayasan.com/page/17/","1","2:도감·출판","2026-09-28","","strain.tsv:245","埼玉・うなとろふぁ～む, 2021.8. 설명 절단"
"bv:0476","アルテミス","アルテミス","","","STRAIN","FIN","적갈 체색에 아종 표현, 하얗게 빛나는 지느러미.","","https://hinsyu-zukan.satumano-medakayasan.com/page/17/","1","2:도감·출판","2026-09-28","","strain.tsv:246","福岡・Azumaめだか, 2022.6"
"bv:0477","ディーバ","","","","STRAIN","FIN","꼬리지느러미 중심부가 빛나는 아종 표현이 금색.","","https://hinsyu-zukan.satumano-medakayasan.com/page/12/","1","2:도감·출판","2026-09-28","","strain.tsv:247","福岡・Azuma medaka, 2022.9"
"bv:0478","グランブルー","","","Grandblue","STRAIN","FIN","아종 특징에 꼬리지느러미가 커짐.","","https://hinsyu-zukan.satumano-medakayasan.com/page/12/ | https://themedakaemporium.co.uk/our-medaka","2","2:도감·출판","2026-09-28","","strain.tsv:248","福岡・Azumaめだか, 2021.10. EMP 'Grandblue KWF'(키싱 와이드핀)."
"bv:0479","グラディオ","","그라디오","","STRAIN","FIN","모르포 지느러미를 크게 상하로 넓힌 진화계.","","https://hinsyu-zukan.satumano-medakayasan.com/page/12/ | https://liviaqua.co.kr/","2","2:도감·출판","2026-09-28","","strain.tsv:249","福岡・Azumaめだか, 2022.9. 한국 샵 '그라디오 R8'."
"bv:0480","デーンモルフォ","","","","STRAIN","FIN","주홍·홍백 몸에 청백 모르포 후사 지느러미.","","https://hinsyu-zukan.satumano-medakayasan.com/page/13/","1","2:도감·출판","2026-09-28","","strain.tsv:250","福岡・Azuma medaka, 2022.9"
"bv:0481","レーヴ","","","","STRAIN","FIN","체외광·지느러미광, 롱핀의 모르포 아종.","","https://hinsyu-zukan.satumano-medakayasan.com/page/16/","1","2:도감·출판","2026-09-28","","strain.tsv:251","福岡・Azumaめだか, 2022.9"
"bv:0482","コブラ","","","","STRAIN","LUSTER","(フレーミングラメ系) 라메가 비늘 테두리를 두름 / (モルフォ系) 머리 갈색의 다크 삼색에 체외광. / GEX: 짙은 체색에 체외광·가슴지느러미 라메광.","","https://hinsyu-zukan.satumano-medakayasan.com/page/12/ | https://www.gex-fp.co.jp/fish/breed_cat/medaka_catalog/","2","2:도감·출판","2026-09-28","","strain.tsv:252","동명 2계통: 愛媛・MARIMOYA 藤中守 2022.7 / 埼玉・花小屋 戸松具視 2022.7."
"bv:0483","キングコブラ","","","","STRAIN","FIN","리얼롱핀 특징을 코브라에 유전시킨 품종.","","https://www.gex-fp.co.jp/fish/breed_cat/medaka_catalog/","1","3:번식장·샵","2026-09-28","단일 출처(샵·블로그)","strain.tsv:253",""
"bv:0484","ゴジラ","","","","STRAIN","LUSTER","체내에서 배어나는 흑에 녹~청 체외광.","","https://hinsyu-zukan.satumano-medakayasan.com/page/4/","1","2:도감·출판","2026-09-28","","strain.tsv:254","山口・二代目アクアボーイ, 2022.7"
"bv:0485","エンゼル","","","","STRAIN","BODY_SHAPE","체외광에 지느러미광 롱핀의 다루마 체형.","","https://hinsyu-zukan.satumano-medakayasan.com/page/4/ | https://www.medakalog.shop/medaka-hinshu-zukan","2","2:도감·출판","2026-09-28","","strain.tsv:255","福岡・筑紫めだか, 2022.4"
"bv:0486","あわび","あわび","","","STRAIN","PATTERN","청·다색 라메와 검은 부치 무늬가 전복처럼 보임.","","https://hinsyu-zukan.satumano-medakayasan.com/page/18/","1","2:도감·출판","2026-09-28","","strain.tsv:256","鹿児島・めだかのオッチャン, 2020.10"
"bv:0487","灰桜","はいざくら","","","STRAIN","BODY_COLOR","분홍 기미 체색.","","https://hinsyu-zukan.satumano-medakayasan.com/page/19/","1","2:도감·출판","2026-09-28","","strain.tsv:257","鹿児島・薩摩のメダカ屋さん, 2021.5"
"bv:0488","パーティードレス","","","Party Dress","STRAIN","BODY_SHAPE","히카리 체형+히레나가.","","https://hinsyu-zukan.satumano-medakayasan.com/page/14/ | https://themedakaemporium.co.uk/our-medaka","2","2:도감·출판","2026-09-28","","strain.tsv:258","福岡・朝倉めだか倶楽部 熊谷誠治, 2019 이전"
"bv:0489","ラムネブルー","","","","STRAIN","FIN","청 체외광(인광)의 롱핀.","","https://hinsyu-zukan.satumano-medakayasan.com/page/14/","1","2:도감·출판","2026-09-28","","strain.tsv:259","和歌山・カズーメダカ, 2021"
"bv:0490","イカ墨","いかすみ","","","STRAIN","FIN","흑체색 키싱 와이드핀. 상면은 체외광, 측면은 라메.","","https://hinsyu-zukan.satumano-medakayasan.com/page/11/","1","2:도감·출판","2026-09-28","","strain.tsv:260","新潟・River Farm 五十川, 2022.9"
"bv:0491","滝","たき","","","STRAIN","OTHER","鎖メダカ 품종(설명 미확인).","","https://hinsyu-zukan.satumano-medakayasan.com/page/2/","1","2:도감·출판","2026-09-28","","strain.tsv:261","茨城・鎖メダカ 杉山祐太, 2023.6"
"bv:0492","墨ノ不","スミノフ","","","STRAIN","OTHER","天雷 화이트 타입×シーエラゴ, F4 세대.","","https://piscesbook.com/archives/category/newinfomation/medaka-zukan","1","2:도감·출판","2026-09-28","","strain.tsv:262","鎖めだか, 2026.6.23"
"bv:0493","黒纏","くろまとい","","","STRAIN","OTHER","河口湖メダカ 품종(설명 미확인).","","https://hinsyu-zukan.satumano-medakayasan.com/page/2/","1","2:도감·출판","2026-09-28","","strain.tsv:263","山梨・河口湖メダカ 坂木洋輔, 2021.7"
"bv:0494","WI-01","ダブリューアイゼロイチ","","","STRAIN","PATTERN","삼색 라메 미유키 체외광.","","https://hinsyu-zukan.satumano-medakayasan.com/page/3/","1","2:도감·출판","2026-09-28","","strain.tsv:264","岡山・静楽庵, 2019"
"bv:0495","LU-04","エルユーゼロヨン","","","STRAIN","PATTERN","삼색 라메 체외광.","","https://hinsyu-zukan.satumano-medakayasan.com/page/3/","1","2:도감·출판","2026-09-28","","strain.tsv:265","岡山・静楽庵, 2022.6"
"bv:0496","MS-06","エムエスゼロロク","","","STRAIN","FIN","모르포 아종 타입.","","https://hinsyu-zukan.satumano-medakayasan.com/page/3/","1","2:도감·출판","2026-09-28","","strain.tsv:266","岡山・静楽庵, 2024"
"bv:0497","黒翼黄昏","こくよくたそがれ","","","STRAIN","PATTERN","黒翼×五式type-R, 6세대 선발.","","https://piscesbook.com/archives/category/newinfomation/medaka-zukan","1","2:도감·출판","2026-09-28","","strain.tsv:267","熊庭めだか, 2026.6.25"
"bv:0498","宝珠","ほうじゅ","","","STRAIN","FIN","スパークルサン→金箔和墨에 스왈로 인자.","","https://piscesbook.com/archives/category/newinfomation/medaka-zukan","1","2:도감·출판","2026-09-28","","strain.tsv:268","Fuji Aqua Green, 2026.6.24"
"bv:0499","ピーコック","","","","STRAIN","OTHER","MARIMOYA 작 다색 피콕 4타입(블랙/블루/오렌지/고스트).","","https://piscesbook.com/archives/category/newinfomation/medaka-zukan","1","2:도감·출판","2026-09-28","","strain.tsv:269","MARIMOYA, 2026.6.25. ブラックピーコック・ブルーピーコック・オレンジピーコック・ゴーストピーコック"
"bv:0500","イリディセント","","","","STRAIN","LUSTER","プラチナ幹之リアルロングフィン에서 나온 돌연변이.","","https://piscesbook.com/archives/category/newinfomation/medaka-zukan | https://medakapedia.com/strains/miyuki","2","2:도감·출판","2026-09-28","","strain.tsv:270","中里良則, 2023.12"
"bv:0501","白鯨","はくげい","","","STRAIN","FIN","잘 뻗은 각 지느러미에 큰 반점 무늬.","","https://www.gex-fp.co.jp/fish/breed_cat/medaka_catalog/","1","3:번식장·샵","2026-09-28","단일 출처(샵·블로그)","strain.tsv:271",""
"bv:0502","柿右衛門","かきえもん","","","STRAIN","FIN","우아한 히레나가에 3색 무늬.","","https://www.gex-fp.co.jp/fish/breed_cat/medaka_catalog/","1","3:번식장·샵","2026-09-28","단일 출처(샵·블로그)","strain.tsv:272",""
"bv:0503","輪夢","りむ","","","STRAIN","BODY_COLOR","깊은 흑색소 체색에 적색이 든 품종.","","https://www.gex-fp.co.jp/fish/breed_cat/medaka_catalog/","1","3:번식장·샵","2026-09-28","단일 출처(샵·블로그)","strain.tsv:273",""
"bv:0504","輪夢白黒タイプ","","","","STRAIN","PATTERN","흰 바탕에 퇴색하지 않는 흑 표현.","","https://www.gex-fp.co.jp/fish/breed_cat/medaka_catalog/","1","3:번식장·샵","2026-09-28","단일 출처(샵·블로그)","strain.tsv:274",""
"bv:0505","彩ノ輝","さいのかがやき","","","STRAIN","LUSTER","머리의 황색소, 옅은 블루 체외광.","","https://www.gex-fp.co.jp/fish/breed_cat/medaka_catalog/","1","3:번식장·샵","2026-09-28","단일 출처(샵·블로그)","strain.tsv:275",""
"bv:0506","阿修羅","あしゅら","","","STRAIN","FIN","꼬리지느러미 히레나가 끝이 갈라지는 복합 품종.","","https://www.gex-fp.co.jp/fish/breed_cat/medaka_catalog/","1","3:번식장·샵","2026-09-28","단일 출처(샵·블로그)","strain.tsv:276",""
"bv:0507","花伝","かでん","","","STRAIN","BODY_COLOR","머리~몸통의 옅은 오렌지 체색.","","https://www.gex-fp.co.jp/fish/breed_cat/medaka_catalog/","1","3:번식장·샵","2026-09-28","단일 출처(샵·블로그)","strain.tsv:277",""
"bv:0508","アポロ","","","","STRAIN","LUSTER","흑체색 베이스에 다색 라메와 라메 밀도를 선별 고정.","","https://www.gex-fp.co.jp/fish/breed_cat/medaka_catalog/","1","3:번식장·샵","2026-09-28","단일 출처(샵·블로그)","strain.tsv:278",""
"bv:0509","ラパス","","","","STRAIN","LUSTER","체외광에 흩뿌려진 라메와 옅은 체색. 용기에 따른 체색 변화.","","https://www.hime-medaka.com/medakanohinsyu/","1","3:번식장·샵","2026-09-28","단일 출처(샵·블로그)","strain.tsv:279",""
"bv:0510","王媛","おうえん","","","STRAIN","EYE","라파스계 알비노. 와이드핀·롱핀 2타입, 이론상 거의 100% 알비노 고정.","","https://www.hime-medaka.com/medakanohinsyu/","1","3:번식장·샵","2026-09-28","단일 출처(샵·블로그)","strain.tsv:280",""
"bv:0511","エンハンブレ","","","","STRAIN","LUSTER","오로라 황라메계. 스페인어 '별가루·무리'.","","https://www.hime-medaka.com/medakanohinsyu/","1","3:번식장·샵","2026-09-28","단일 출처(샵·블로그)","strain.tsv:281",""
"bv:0512","ラスター","","","","STRAIN","FIN","라파스 진화계 와이드핀('광택').","","https://www.hime-medaka.com/medakanohinsyu/","1","3:번식장·샵","2026-09-28","단일 출처(샵·블로그)","strain.tsv:282",""
"bv:0513","白メダカ","しろめだか","시로메다카","","STRAIN","BODY_COLOR","흑·황색소포가 없는 백체색 메다카.","","https://jma-medaka.com/wp-content/uploads/2022/08/250901_【公式】品種分類マニュアル_第５版.pdf | https://namu.wiki/w/%EC%86%A1%EC%82%AC%EB%A6%AC","2","1:협회","2026-09-28","","strain.tsv:286",""
"bv:0514","青メダカ","あおめだか","아오메다카","","STRAIN","BODY_COLOR","황색소포가 없는 청(회색 기미) 체색 메다카.","","https://jma-medaka.com/wp-content/uploads/2022/08/250901_【公式】品種分類マニュアル_第５版.pdf | https://namu.wiki/w/%EC%86%A1%EC%82%AC%EB%A6%AC","2","1:협회","2026-09-28","","strain.tsv:287",""
"bv:0515","茶メダカ","ちゃめだか","","","STRAIN","BODY_COLOR","야생에 가장 가까운 체색의 개량품종(방류 금지).","","https://jma-medaka.com/wp-content/uploads/2022/08/250901_【公式】品種分類マニュアル_第５版.pdf | https://t-aquagarden.com/column/medaka_variety","2","1:협회","2026-09-28","","strain.tsv:288","통칭 黒メダカ"
"bv:0516","プラチナ","","플래티넘","","STRAIN","LUSTER","은빛 품종(한국 통칭 '플래티넘 메다카').","","https://gall.dcinside.com/mgallery/board/view/?id=medakafish&no=224 | https://ohlubi.com/%EB%A9%94%EB%8B%A4%EC%B9%B4/","2","4:블로그·위키·포럼","2026-09-28","","strain.tsv:289","한국 입문자 대표 품종. 일본어 원명 대응 미확인(プラチナ幹之 등)."
"bv:0517","カーバンクル","","","Carbuncle","STRAIN","LUSTER","흑체색에 빽빽한 사파이어색 청라메, 황색 기미 지느러미(영문 샵 설명).","","https://themedakaemporium.co.uk/our-medaka","1","3:번식장·샵","2026-09-28","단일 출처(샵·블로그)","strain.tsv:290","영국 샵 표기만 확인, 작출자 미기재."
"bv:0518","紬","","","Tsumugi","STRAIN","LUSTER","견직물 '츠무기'에서 이름. 옅은 몸에 미세한 은·금 라메(영문 샵 설명).","","https://themedakaemporium.co.uk/our-medaka","1","3:번식장·샵","2026-09-28","단일 출처(샵·블로그)","strain.tsv:291","영국 샵 표기만 확인."
"bv:0519","ルミナ","","","Lumina","STRAIN","LUSTER","맑은 몸에 강한 금속광·진주광(영문 샵 설명).","","https://themedakaemporium.co.uk/our-medaka","1","3:번식장·샵","2026-09-28","단일 출처(샵·블로그)","strain.tsv:292","영국 샵 표기만 확인."
"bv:0520","はにぽん","","","","STRAIN","EYE","일본메다카협회(JMA) 인정 신품종 제1호의 닉네임. 공식 품종명 'ブラックパンダ'.","","https://medakazukan.net/jmaninteinumber/","1","2:도감·출판","2026-09-28","","strain.tsv:293","JMA 인정 목록(medakazukan 게재, 2023.4 기준). 읽기 미기재."
"bv:0521","瞳","","","","STRAIN","EYE","일본메다카협회(JMA) 인정 신품종 제2호의 닉네임. 공식 품종명 'アルビノパンダ'.","","https://medakazukan.net/jmaninteinumber/","1","2:도감·출판","2026-09-28","","strain.tsv:294","JMA 인정 목록(medakazukan 게재, 2023.4 기준). 읽기 미기재. 補足: アルビノ(チェンジカラーアイ), シースルー"
"bv:0522","雪舟","","","","STRAIN","PATTERN","일본메다카협회(JMA) 인정 신품종 제4호의 닉네임. 공식 품종명 '白錦体外光'.","","https://medakazukan.net/jmaninteinumber/","1","2:도감·출판","2026-09-28","","strain.tsv:295","JMA 인정 목록(medakazukan 게재, 2023.4 기준). 읽기 미기재."
"bv:0523","鮮紅","","","","STRAIN","LUSTER","일본메다카협회(JMA) 인정 신품종 제6호의 닉네임. 공식 품종명 '青ラメ'.","","https://medakazukan.net/jmaninteinumber/","1","2:도감·출판","2026-09-28","","strain.tsv:296","JMA 인정 목록(medakazukan 게재, 2023.4 기준). 읽기 미기재."
"bv:0524","星","","","","STRAIN","LUSTER","일본메다카협회(JMA) 인정 신품종 제11호의 닉네임. 공식 품종명 '青ラメ幹之体内光'.","","https://medakazukan.net/jmaninteinumber/","1","2:도감·출판","2026-09-28","","strain.tsv:297","JMA 인정 목록(medakazukan 게재, 2023.4 기준). 읽기 미기재."
"bv:0525","勾玉","","","","STRAIN","FIN","일본메다카협회(JMA) 인정 신품종 제13호의 닉네임. 공식 품종명 '背ビレ無しアルビノ'.","","https://medakazukan.net/jmaninteinumber/","1","2:도감·출판","2026-09-28","","strain.tsv:298","JMA 인정 목록(medakazukan 게재, 2023.4 기준). 읽기 미기재."
"bv:0526","夜空蛍","","","","STRAIN","LUSTER","일본메다카협회(JMA) 인정 신품종 제14호의 닉네임. 공식 품종명 '黒３色ラメ'.","","https://medakazukan.net/jmaninteinumber/","1","2:도감·출판","2026-09-28","","strain.tsv:299","JMA 인정 목록(medakazukan 게재, 2023.4 기준). 읽기 미기재."
"bv:0527","颯太","","","","STRAIN","FIN","일본메다카협회(JMA) 인정 신품종 제15호의 닉네임. 공식 품종명 '琥珀透明鱗菱尾'.","","https://medakazukan.net/jmaninteinumber/","1","2:도감·출판","2026-09-28","","strain.tsv:300","JMA 인정 목록(medakazukan 게재, 2023.4 기준). 읽기 미기재."
"bv:0528","愛心","","","","STRAIN","FIN","일본메다카협회(JMA) 인정 신품종 제16호의 닉네임. 공식 품종명 'アルビノ透明鱗新体型'.","","https://medakazukan.net/jmaninteinumber/","1","2:도감·출판","2026-09-28","","strain.tsv:301","JMA 인정 목록(medakazukan 게재, 2023.4 기준). 읽기 미기재."
"bv:0529","風神","","","","STRAIN","FIN","일본메다카협회(JMA) 인정 신품종 제19호의 닉네임. 공식 품종명 '白メラー'.","","https://medakazukan.net/jmaninteinumber/","1","2:도감·출판","2026-09-28","","strain.tsv:302","JMA 인정 목록(medakazukan 게재, 2023.4 기준). 읽기 미기재."
"bv:0530","五郎丸","","","","STRAIN","EYE","일본메다카협회(JMA) 인정 신품종 제20호의 닉네임. 공식 품종명 '青目前パンダ'.","","https://medakazukan.net/jmaninteinumber/","1","2:도감·출판","2026-09-28","","strain.tsv:303","JMA 인정 목록(medakazukan 게재, 2023.4 기준). 읽기 미기재."
"bv:0531","雷神","","","","STRAIN","FIN","일본메다카협회(JMA) 인정 신품종 제21호의 닉네임. 공식 품종명 '黄メラー'.","","https://medakazukan.net/jmaninteinumber/","1","2:도감·출판","2026-09-28","","strain.tsv:304","JMA 인정 목록(medakazukan 게재, 2023.4 기준). 읽기 미기재."
"bv:0532","美桜","","","","STRAIN","EYE","일본메다카협회(JMA) 인정 신품종 제22호의 닉네임. 공식 품종명 'ピンク目前'.","","https://medakazukan.net/jmaninteinumber/","1","2:도감·출판","2026-09-28","","strain.tsv:305","JMA 인정 목록(medakazukan 게재, 2023.4 기준). 읽기 미기재."
"bv:0533","謙信","","","","STRAIN","FIN","일본메다카협회(JMA) 인정 신품종 제23호의 닉네임. 공식 품종명 'ブラックスワローヒカリ'.","","https://medakazukan.net/jmaninteinumber/","1","2:도감·출판","2026-09-28","","strain.tsv:306","JMA 인정 목록(medakazukan 게재, 2023.4 기준). 읽기 미기재. 補足: 背地反応なし"
"bv:0534","福星","","","","STRAIN","LUSTER","일본메다카협회(JMA) 인정 신품종 제24호의 닉네임. 공식 품종명 'アルビノラメ'.","","https://medakazukan.net/jmaninteinumber/","1","2:도감·출판","2026-09-28","","strain.tsv:307","JMA 인정 목록(medakazukan 게재, 2023.4 기준). 읽기 미기재."
"bv:0535","未来","","","","STRAIN","LUSTER","일본메다카협회(JMA) 인정 신품종 제26호의 닉네임. 공식 품종명 '３色光黄金ラメ'.","","https://medakazukan.net/jmaninteinumber/","1","2:도감·출판","2026-09-28","","strain.tsv:308","JMA 인정 목록(medakazukan 게재, 2023.4 기준). 읽기 미기재."
"bv:0536","霞","","","","STRAIN","FIN","일본메다카협회(JMA) 인정 신품종 제29호의 닉네임. 공식 품종명 'アルビノ体外光ヒレ長'.","","https://medakazukan.net/jmaninteinumber/","1","2:도감·출판","2026-09-28","","strain.tsv:309","JMA 인정 목록(medakazukan 게재, 2023.4 기준). 읽기 미기재."
"bv:0537","福星光","","","","STRAIN","LUSTER","일본메다카협회(JMA) 인정 신품종 제30호의 닉네임. 공식 품종명 'アルビノラメヒカリ'.","","https://medakazukan.net/jmaninteinumber/","1","2:도감·출판","2026-09-28","","strain.tsv:310","JMA 인정 목록(medakazukan 게재, 2023.4 기준). 읽기 미기재."
"bv:0538","蝶欄","","","","STRAIN","FIN","일본메다카협회(JMA) 인정 신품종 제32호의 닉네임. 공식 품종명 'ヒレ長ラメヒカリ'.","","https://medakazukan.net/jmaninteinumber/","1","2:도감·출판","2026-09-28","","strain.tsv:311","JMA 인정 목록(medakazukan 게재, 2023.4 기준). 읽기 미기재."
"bv:0539","清流きりゅう","","","","STRAIN","SCALE","일본메다카협회(JMA) 인정 신품종 제33호의 닉네임. 공식 품종명 '青透明鱗'.","","https://medakazukan.net/jmaninteinumber/","1","2:도감·출판","2026-09-28","","strain.tsv:312","JMA 인정 목록(medakazukan 게재, 2023.4 기준). 읽기 미기재. 補足: 体内黒"
"bv:0540","もも","","","","STRAIN","FIN","일본메다카협회(JMA) 인정 신품종 제37호의 닉네임. 공식 품종명 '白朱赤ラメ斑ヒレ長'.","","https://medakazukan.net/jmaninteinumber/ | https://jma-medaka.com/wp-content/uploads/2022/08/250901_【公式】品種分類マニュアル_第５版.pdf","2","1:협회","2026-09-28","","strain.tsv:313","JMA 인정 목록(medakazukan 게재, 2023.4 기준). 읽기 미기재. ナローフィン. 大場貴保 2022 발표, 고정률 70% 초과(JMA)"
"bv:0541","燕","ツバクロ","","","STRAIN","FIN","JMA 인정 신품종 제38호의 닉네임. 공식 품종명 'ブラックスワローリアルロングフィンヒカリ'.","","https://jma-medaka.com/tag/%E6%96%B0%E5%93%81%E7%A8%AE/","1","1:협회","2026-09-28","","strain.tsv:314","인정일 2024.9.3."
"bv:0542","kimera","キメラ","","","STRAIN","EYE","JMA 인정 신품종 제39호의 닉네임. 공식 품종명 '黄アルビノパンダアースアイ'.","","https://jma-medaka.com/tag/%E6%96%B0%E5%93%81%E7%A8%AE/","1","1:협회","2026-09-28","","strain.tsv:315","인정일 2024.9.3."
"bv:0543","デビル","","","","STRAIN","EYE","JMA 인정 신품종 제40호의 닉네임. 공식 품종명 'フラックアースアイラメスワローロングフィン'.","","https://jma-medaka.com/tag/%E6%96%B0%E5%93%81%E7%A8%AE/","1","1:협회","2026-09-28","","strain.tsv:316","인정일 2024.9.3. 공식명 'フラック'은 원문 그대로(ブラック의 오기 가능)."
"bv:0544","ブロークンデビル（クリスタル）","","","","STRAIN","EYE","JMA 인정 신품종 제41호의 닉네임. 공식 품종명 '未定'.","","https://jma-medaka.com/tag/%E6%96%B0%E5%93%81%E7%A8%AE/","1","1:협회","2026-09-28","","strain.tsv:317","인정일 2024.9.14."
"bv:0545","","","머메이드 펄","","STRAIN","OTHER","한국 리비아쿠아 국내번식 판매명. 일본어 원명 대응 미확인.","","https://liviaqua.co.kr/category/%EA%B5%AD%EB%82%B4-%EB%B8%8C%EB%A6%AC%EB%94%A9/45/","1","3:번식장·샵","2026-09-28","term_ja 없음(한국 판매명); 단일 출처(샵·블로그)","strain.tsv:318","Korean shop name; 한국 자체 명명 여부 불명."
"bv:0546","","","마르스","","STRAIN","OTHER","한국 리비아쿠아 국내번식 판매명. 선별/비선별·레드/실버로 판매.","","https://liviaqua.co.kr/category/%EA%B5%AD%EB%82%B4-%EB%B8%8C%EB%A6%AC%EB%94%A9/45/","1","3:번식장·샵","2026-09-28","term_ja 없음(한국 판매명); 단일 출처(샵·블로그)","strain.tsv:319","Korean shop name; 일본어 원명 미확인. '마르스 메다카 레드 비선별', '실버 비선별' 상품."
"bv:0547","","","에메랄드 문","","STRAIN","OTHER","한국 리비아쿠아 국내번식 판매명.","","https://liviaqua.co.kr/category/%EA%B5%AD%EB%82%B4-%EB%B8%8C%EB%A6%AC%EB%94%A9/45/","1","3:번식장·샵","2026-09-28","term_ja 없음(한국 판매명); 단일 출처(샵·블로그)","strain.tsv:320","Korean shop name; 일본어 원명 미확인."
"bv:0548","","","키쿠토라","","STRAIN","OTHER","한국 리비아쿠아 국내번식 판매명.","","https://liviaqua.co.kr/category/%EA%B5%AD%EB%82%B4-%EB%B8%8C%EB%A6%AC%EB%94%A9/45/","1","3:번식장·샵","2026-09-28","term_ja 없음(한국 판매명); 단일 출처(샵·블로그)","strain.tsv:321","Korean shop name; 菊虎? 등 일본어 원명 미확인—추정하지 않음."
"bv:0549","","","머메이드 블루","","STRAIN","OTHER","한국 리비아쿠아 판매명(JMU타루미 오리지널, 일본 수입).","","https://liviaqua.co.kr/","1","3:번식장·샵","2026-09-28","term_ja 없음(한국 판매명); 단일 출처(샵·블로그)","strain.tsv:322","垂水 관련 수입 개체로 표기. 일본어 원명 미확인."
"bv:0550","","","청룡","","STRAIN","OTHER","한국 리비아쿠아 판매명(아즈마 브리더, 일본 수입).","","https://liviaqua.co.kr/","1","3:번식장·샵","2026-09-28","term_ja 없음(한국 판매명); 단일 출처(샵·블로그)","strain.tsv:323","일본어 원명 미확인(青龍 등 추정하지 않음)."
"bv:0551","","","삼색라메 사파이어 흑승","","STRAIN","PATTERN","한국 리비아쿠아 판매명: '[정락암] 삼색라메 사파이어 흑승'. 静楽庵(정락암) 三色ラメ幹之サファイア系 黒勝ち 계통으로 보임.","","https://liviaqua.co.kr/","1","3:번식장·샵","2026-09-28","term_ja 없음(한국 판매명); 단일 출처(샵·블로그)","strain.tsv:324","'흑승'=黒勝ち의 한자 독음으로 추정(inferred)."
"bv:0552","","","하푸리","","STRAIN","SCALE","한국 아쿠아프로 판매명 '하푸리(홍백) 메다카'.","","https://aquapro.kr/category/%EB%A9%94%EB%8B%A4%EC%B9%B4%EC%86%A1%EC%82%AC%EB%A6%AC/921/","1","3:번식장·샵","2026-09-28","term_ja 없음(한국 판매명); 단일 출처(샵·블로그)","strain.tsv:325","일본어 원명 미확인."
"bv:0553","","","코하카","","STRAIN","LUSTER","한국 아쿠아프로 판매명 '코하카(홍제라메) 메다카', 학명표기 var. Kohka.","","https://aquapro.kr/category/%EB%A9%94%EB%8B%A4%EC%B9%B4%EC%86%A1%EC%82%AC%EB%A6%AC/921/","1","3:번식장·샵","2026-09-28","term_ja 없음(한국 판매명); 단일 출처(샵·블로그)","strain.tsv:326","紅華(こうか)의 한국식 표기일 가능성(inferred). 괄호 '홍제라메'와 모순."
"bv:0554","","","단세나","","STRAIN","OTHER","한국 아쿠아프로 판매명 '단세나 메다카'.","","https://aquapro.kr/category/%EB%A9%94%EB%8B%A4%EC%B9%B4%EC%86%A1%EC%82%AC%EB%A6%AC/921/","1","3:번식장·샵","2026-09-28","term_ja 없음(한국 판매명); 단일 출처(샵·블로그)","strain.tsv:327","일본어 원명 미확인."
"bv:0555","","","시로부치","","STRAIN","PATTERN","한국 골드문아쿠아 판매명 '시로부치 라메 메다카'·'운주 시로부치'.","","http://m.goldmoonaqua.com/product/list.html?cate_no=71","1","3:번식장·샵","2026-09-28","term_ja 없음(한국 판매명); 단일 출처(샵·블로그)","strain.tsv:328","白ブチ(しろぶち)의 음역."
"bv:0556","","","키구치 양귀비","","STRAIN","BODY_COLOR","한국 리비아쿠아 판매명 '키구치 양귀비 리얼롱핀 히카리타입'(JMU셋슈).","","https://liviaqua.co.kr/","1","3:번식장·샵","2026-09-28","term_ja 없음(한국 판매명); 단일 출처(샵·블로그)","strain.tsv:329","黄口? 등 원명 미확인—추정하지 않음."
"bv:0557","スーパー強光","","","","MODIFIER","LUSTER","등 전체가 강하게 빛나는 상위 그레이드.","","https://t-aquagarden.com/column/miyuki_medaka","1","3:번식장·샵","2026-09-28","단일 출처(샵·블로그)","strain.tsv:337",""
"bv:0558","スーパー","","","","MODIFIER","OTHER","상위 그레이드를 나타내는 접두어(スーパー体内光, スーパーブラック, オレンジスーパーヒカリ 등).","","https://jma-medaka.com/wp-content/uploads/2022/08/250901_【公式】品種分類マニュアル_第５版.pdf | https://t-aquagarden.com/column/medaka_variety | https://t-aquagarden.com/column/miyuki_medaka","3","1:협회","2026-09-28","","strain.tsv:338","JMA: 가슴지느러미 부근까지 빛나는 체내광을 '스퍼 체내광'이라 부름."
"bv:0559","極","きわみ","","","MODIFIER","OTHER","정점·완성형을 뜻하는 이름 요소(極龍, サバの極み).","","https://hinsyu-zukan.satumano-medakayasan.com/page/10/ | https://hinsyu-zukan.satumano-medakayasan.com/page/20/","2","2:도감·출판","2026-09-28","","strain.tsv:339","극룡의 '極'은 작출처 '極めだか' 이름이기도 함—그레이드어인지 고유명인지 모호."
"bv:0560","系","","","","MODIFIER","OTHER","특정 품종·계통에서 유래한 무리를 뜻하는 접미어(サファイア系, オーロラ系, 幹之系, 鱗血統 등).","","https://jma-medaka.com/wp-content/uploads/2022/08/250901_【公式】品種分類マニュアル_第５版.pdf | https://www.hime-medaka.com/medakanohinsyu/ | https://hinsyu-zukan.satumano-medakayasan.com/page/4/","3","1:협회","2026-09-28","","strain.tsv:340","JMA는 '系統'과 '形質'을 구분하라고 강조."
"bv:0561","タイプ","","타입","","MODIFIER","OTHER","같은 품종 안의 표현 변이를 구분하는 접미어(黒勝ちタイプ, 白黒タイプ, ヒカリタイプ, typeR, エメラルドフィンタイプ).","","https://piscesbook.com/archives/category/newinfomation/medaka-zukan | https://www.gex-fp.co.jp/fish/breed_cat/medaka_catalog/ | https://hinsyu-zukan.satumano-medakayasan.com/page/19/ | https://liviaqua.co.kr/","4","2:도감·출판","2026-09-28","","strain.tsv:341","한국 샵 '히카리타입'."
"bv:0562","黒勝ち","","흑승","","MODIFIER","PATTERN","무늬에서 먹(검정) 면적이 우세함. 静楽庵 계통은 70% 이상.","","https://piscesbook.com/archives/category/newinfomation/medaka-zukan | https://liviaqua.co.kr/","2","2:도감·출판","2026-09-28","","strain.tsv:342","한국 표기 '흑승'은 inferred."
"bv:0563","改","","","","MODIFIER","OTHER","기존 품종을 개량한 후속 계통을 뜻하는 접미어(魔王・改, ラメ王改, 黒竜覇改).","","https://hinsyu-zukan.satumano-medakayasan.com/page/9/ | https://hinsyu-zukan.satumano-medakayasan.com/page/11/ | https://piscesbook.com/archives/category/newinfomation/medaka-zukan","3","2:도감·출판","2026-09-28","","strain.tsv:343",""
"bv:0564","NEO","ネオ","","NEO","MODIFIER","OTHER","기존 품종의 신계통을 뜻하는 접미어(菜花NEO, ピンクサファイアNEO).","","https://www.medakanoyakata.jp/?mode=cate&cbid=2838660&csid=0&sort=n","1","3:번식장·샵","2026-09-28","단일 출처(샵·블로그)","strain.tsv:344","めだかの館 사용례"
"bv:0565","進化系","","","","MODIFIER","OTHER","기존 품종을 더 발전시킨 파생 계통을 부르는 말.","","https://hinsyu-zukan.satumano-medakayasan.com/page/12/ | https://hinsyu-zukan.satumano-medakayasan.com/page/19/ | https://www.hime-medaka.com/medakanohinsyu/","3","2:도감·출판","2026-09-28","","strain.tsv:345",""
"bv:0566","亜種","","","","MODIFIER","FIN","모르포 파생 표현(꼬리지느러미 기부 연조를 따라 구아닌광)을 부르는 애호가 용어. 생물학적 아종과 무관.","","https://hinsyu-zukan.satumano-medakayasan.com/%E7%94%A8%E8%AA%9E%E9%9B%86/ | https://jma-medaka.com/wp-content/uploads/2022/08/250901_【公式】品種分類マニュアル_第５版.pdf","2","1:협회","2026-09-28","","strain.tsv:346",""
"bv:0567","F1","えふわん","F1","F1","MODIFIER","OTHER","교배로 태어난 제1세대. 판매명에 붙어 '교배 1대'를 표시(王華F1 등).","","https://medakazukan.net/%E6%94%B9%E8%89%AF%E3%83%A1%E3%83%80%E3%82%AB%E3%81%AE%E5%9F%BA%E7%A4%8E%E7%94%A8%E8%AA%9E%E3%81%BE%E3%81%A8%E3%82%81%E3%80%80%EF%BD%9E%E5%93%81%E7%A8%AE%E3%83%BB%E9%A3%BC%E8%82%B2%E7%B7%A8%EF%BD%9E/ | https://www.medakalog.shop/medaka-glossary | https://medakapedia.com/glossary | http://m.goldmoonaqua.com/product/list.html?cate_no=71","4","2:도감·출판","2026-09-28","","strain.tsv:347","F4 등 세대 표기도 사용(輪夢×カブト改F4, 墨ノ不 F4)."
"bv:0568","DW","ディープホワイト","","Deep White","MODIFIER","PATTERN","흰 바탕을 강화한 특성 표기(白ブチDW 등).","","https://piscesbook.com/archives/category/newinfomation/medaka-zukan","1","2:도감·출판","2026-09-28","","strain.tsv:348","静楽庵 2026"
"bv:0569","純血","","","","MODIFIER","OTHER","다른 계통이 섞이지 않은 혈통을 강조하는 말(純血の幹之, 純血統).","","https://hinsyu-zukan.satumano-medakayasan.com/page/6/ | https://hinsyu-zukan.satumano-medakayasan.com/page/13/","2","2:도감·출판","2026-09-28","","strain.tsv:349",""
"bv:0570","半","はん","","","MODIFIER","BODY_SHAPE","중간형을 뜻하는 접두어(半ダルマ, 半透明鱗).","","https://jma-medaka.com/wp-content/uploads/2022/08/250901_【公式】品種分類マニュアル_第５版.pdf | https://t-aquagarden.com/column/medaka_variety | https://medakapedia.com/glossary","3","1:협회","2026-09-28","","strain.tsv:350","나무위키 '반달마'."
"bv:0571","オリジナル","","오리지널","","MODIFIER","OTHER","작출처 자체 계통임을 표시하는 판매 수식어(猫飯オリジナル 등).","","https://nekomanma7.ocnk.net/product-list/47 | https://liviaqua.co.kr/","2","3:번식장·샵","2026-09-28","","strain.tsv:351",""
"bv:0572","最上級","","최상급","","MODIFIER","OTHER","한국 샵에서 선별 개체 등급 표시(최상급 선별개체).","","https://liviaqua.co.kr/category/%EA%B5%AD%EB%82%B4-%EB%B8%8C%EB%A6%AC%EB%94%A9/45/","1","3:번식장·샵","2026-09-28","단일 출처(샵·블로그)","strain.tsv:352","Korean-market 표기"
"bv:0573","種魚級","","종어급","","MODIFIER","OTHER","한국 샵에서 번식용 종어로 쓸 만한 등급 표시.","","http://m.goldmoonaqua.com/product/list.html?cate_no=71","1","3:번식장·샵","2026-09-28","단일 출처(샵·블로그)","strain.tsv:353","Korean-market 표기('마리아주 롱핀(종어급)'). 일본어 대응 表記 미확인."
"bv:0574","選別個体","","선별개체","","MODIFIER","OTHER","선별을 거친 개체(판매 등급).","","https://liviaqua.co.kr/category/%EA%B5%AD%EB%82%B4-%EB%B8%8C%EB%A6%AC%EB%94%A9/45/ | https://www.hime-medaka.com/medakanositumonn/sennbetumore.html","2","3:번식장·샵","2026-09-28","","strain.tsv:354",""
"bv:0575","未選別","","비선별","","MODIFIER","OTHER","선별하지 않은 상태로 파는 개체.","","https://liviaqua.co.kr/category/%EA%B5%AD%EB%82%B4-%EB%B8%8C%EB%A6%AC%EB%94%A9/45/","1","3:번식장·샵","2026-09-28","단일 출처(샵·블로그)","strain.tsv:355","한국 '비선별'."
"bv:0576","ヒカリタイプ","","히카리타입","","MODIFIER","BODY_SHAPE","히카리 체형 개체를 표시하는 판매 수식어.","","https://liviaqua.co.kr/","1","3:번식장·샵","2026-09-28","단일 출처(샵·블로그)","strain.tsv:356",""
"bv:0577","改良メダカ","かいりょうめだか","개량 메다카","Improved medaka","JARGON","OTHER","니혼메다카의 돌연변이를 교배·선발로 고정한 메다카의 총칭.","","https://jma-medaka.com/wp-content/uploads/2022/08/250901_【公式】品種分類マニュアル_第５版.pdf | https://medakapedia.com/glossary","2","1:협회","2026-09-28","","strain.tsv:357",""
"bv:0578","品種","ひんしゅ","품종","Variety","JARGON","OTHER","니혼메다카 안에서 특징이 다른 그룹.","","https://medakazukan.net/%E6%94%B9%E8%89%AF%E3%83%A1%E3%83%80%E3%82%AB%E3%81%AE%E5%9F%BA%E7%A4%8E%E7%94%A8%E8%AA%9E%E3%81%BE%E3%81%A8%E3%82%81%E3%80%80%EF%BD%9E%E5%93%81%E7%A8%AE%E3%83%BB%E9%A3%BC%E8%82%B2%E7%B7%A8%EF%BD%9E/ | https://medakapedia.com/glossary","2","2:도감·출판","2026-09-28","","strain.tsv:358",""
"bv:0579","品種名","ひんしゅめい","","Variety name","JARGON","OTHER","JMA 방식에서는 형질을 형질일람표 순서대로 조합해 붙이는 이름(예: 黄体外光).","","https://jma-medaka.com/wp-content/uploads/2022/08/250901_【公式】品種分類マニュアル_第５版.pdf | https://medakapedia.com/glossary","2","1:협회","2026-09-28","","strain.tsv:359",""
"bv:0580","ニックネーム","","","Nickname","JARGON","OTHER","품종에 붙이는 고유 이름(애칭). 하우스네임·브리더네임이라고도.","","https://jma-medaka.com/wp-content/uploads/2022/08/250901_【公式】品種分類マニュアル_第５版.pdf | https://medakazukan.net/%E6%94%B9%E8%89%AF%E3%83%A1%E3%83%80%E3%82%AB%E3%81%AE%E5%9F%BA%E7%A4%8E%E7%94%A8%E8%AA%9E%E3%81%BE%E3%81%A8%E3%82%81%E3%80%80%EF%BD%9E%E5%93%81%E7%A8%AE%E3%83%BB%E9%A3%BC%E8%82%B2%E7%B7%A8%EF%BD%9E/","2","1:협회","2026-09-28","","strain.tsv:364",""
"bv:0581","ブリーダーネーム","","","","JARGON","OTHER","하우스네임의 다른 말.","","https://jma-medaka.com/wp-content/uploads/2022/08/250901_【公式】品種分類マニュアル_第５版.pdf","1","1:협회","2026-09-28","","strain.tsv:366",""
"bv:0582","同種異名問題","","","","JARGON","OTHER","같은 품종에 다른 닉네임이 붙어 분류 혼란을 낳는 문제.","","https://jma-medaka.com/wp-content/uploads/2022/08/250901_【公式】品種分類マニュアル_第５版.pdf","1","1:협회","2026-09-28","","strain.tsv:367",""
"bv:0583","血統","けっとう","혈통","Bloodline","JARGON","OTHER","특정 조상에서 이어지는 가계. '○○血統'(鱗血統 등)처럼 쓰임.","","https://jma-medaka.com/wp-content/uploads/2022/08/250901_【公式】品種分類マニュアル_第５版.pdf | https://medakapedia.com/glossary | https://hinsyu-zukan.satumano-medakayasan.com/page/15/","3","1:협회","2026-09-28","","strain.tsv:369",""
"bv:0584","非透明鱗系統","","","","JARGON","OTHER","투명린 형질을 조상에 갖지 않는 계통(非透明鱗三色 등).","","https://jma-medaka.com/wp-content/uploads/2022/08/250901_【公式】品種分類マニュアル_第５版.pdf","1","1:협회","2026-09-28","","strain.tsv:372",""
"bv:0585","純系","じゅんけい","","Pure line","JARGON","OTHER","유전적으로 균일한 근교 계통.","","https://medakapedia.com/glossary","1","4:블로그·위키·포럼","2026-09-28","단일 출처(샵·블로그)","strain.tsv:373",""
"bv:0586","交配","こうはい","교배","Crossing","JARGON","OTHER","새 품종을 만들기 위해 메다카를 교잡하는 것.","","https://medakazukan.net/%E6%94%B9%E8%89%AF%E3%83%A1%E3%83%80%E3%82%AB%E3%81%AE%E5%9F%BA%E7%A4%8E%E7%94%A8%E8%AA%9E%E3%81%BE%E3%81%A8%E3%82%81%E3%80%80%EF%BD%9E%E5%93%81%E7%A8%AE%E3%83%BB%E9%A3%BC%E8%82%B2%E7%B7%A8%EF%BD%9E/ | https://medakapedia.com/glossary","2","2:도감·출판","2026-09-28","","strain.tsv:375",""
"bv:0587","交雑","こうざつ","","Crossbreeding","JARGON","OTHER","서로 다른 집단 간의 교잡.","","https://medakapedia.com/glossary","1","4:블로그·위키·포럼","2026-09-28","단일 출처(샵·블로그)","strain.tsv:376",""
"bv:0588","作出","さくしゅつ","작출","Creation","JARGON","OTHER","의도적으로 새 품종을 만들어내는 일.","","https://medakazukan.net/%E6%94%B9%E8%89%AF%E3%83%A1%E3%83%80%E3%82%AB%E3%81%AE%E5%9F%BA%E7%A4%8E%E7%94%A8%E8%AA%9E%E3%81%BE%E3%81%A8%E3%82%81%E3%80%80%EF%BD%9E%E5%93%81%E7%A8%AE%E3%83%BB%E9%A3%BC%E8%82%B2%E7%B7%A8%EF%BD%9E/ | https://medakapedia.com/glossary","2","2:도감·출판","2026-09-28","","strain.tsv:377",""
"bv:0589","新品種","しんひんしゅ","","New variety","JARGON","OTHER","새 형질 또는 새 형질 조합을 가진 메다카.","","https://medakazukan.net/%E6%94%B9%E8%89%AF%E3%83%A1%E3%83%80%E3%82%AB%E3%81%AE%E5%9F%BA%E7%A4%8E%E7%94%A8%E8%AA%9E%E3%81%BE%E3%81%A8%E3%82%81%E3%80%80%EF%BD%9E%E5%93%81%E7%A8%AE%E3%83%BB%E9%A3%BC%E8%82%B2%E7%B7%A8%EF%BD%9E/ | https://jma-medaka.com/wp-content/uploads/2022/08/250901_【公式】品種分類マニュアル_第５版.pdf","2","1:협회","2026-09-28","","strain.tsv:378",""
"bv:0590","新系統","しんけいとう","","New line","JARGON","OTHER","새로 확립된 번식 계통.","","https://medakapedia.com/glossary | https://www.medakanoyakata.jp/?mode=cate&cbid=2838660&csid=0&sort=n","2","3:번식장·샵","2026-09-28","","strain.tsv:379",""
"bv:0591","認定品種","","","","JARGON","OTHER","일본메다카협회가 인정·등록한 신품종(第○号).","","https://medakazukan.net/jmaninteinumber/ | https://jma-medaka.com/tag/%E6%96%B0%E5%93%81%E7%A8%AE/ | https://jma-medaka.com/wp-content/uploads/2022/08/250901_【公式】品種分類マニュアル_第５版.pdf","3","1:협회","2026-09-28","","strain.tsv:380",""
"bv:0592","固定品種","こていひんしゅ","","Fixed variety","JARGON","OTHER","고정률 30% 이상의 품종(改良メダカWEB図鑑 정의).","","https://medakazukan.net/%E6%94%B9%E8%89%AF%E3%83%A1%E3%83%80%E3%82%AB%E3%81%AE%E5%9F%BA%E7%A4%8E%E7%94%A8%E8%AA%9E%E3%81%BE%E3%81%A8%E3%82%81%E3%80%80%EF%BD%9E%E5%93%81%E7%A8%AE%E3%83%BB%E9%A3%BC%E8%82%B2%E7%B7%A8%EF%BD%9E/ | https://medakapedia.com/glossary","2","2:도감·출판","2026-09-28","","strain.tsv:382",""
"bv:0593","固定化","こていか","","Fixing","JARGON","OTHER","선발기준을 바꾸지 않고 누대 번식해 특징을 안정시키는 과정.","","https://jma-medaka.com/wp-content/uploads/2022/08/250901_【公式】品種分類マニュアル_第５版.pdf | https://medakapedia.com/glossary","2","1:협회","2026-09-28","","strain.tsv:383",""
"bv:0594","表現型","ひょうげんがた","","Phenotype","JARGON","OTHER","눈에 보이는 형질의 나타남.","","https://medakapedia.com/glossary | https://jma-medaka.com/wp-content/uploads/2022/08/250901_【公式】品種分類マニュアル_第５版.pdf","2","1:협회","2026-09-28","","strain.tsv:384",""
"bv:0595","表現型値","","","","JARGON","OTHER","특징이 드러나는 정도. 유전요인과 환경요인으로 결정.","","https://jma-medaka.com/wp-content/uploads/2022/08/250901_【公式】品種分類マニュアル_第５版.pdf","1","1:협회","2026-09-28","","strain.tsv:385",""
"bv:0596","表現","","","","JARGON","OTHER","개체가 품종 특징(색·무늬·빛)을 드러내는 양상. '○○表現', '亜種表現'처럼 씀.","","https://hinsyu-zukan.satumano-medakayasan.com/page/12/ | https://hinsyu-zukan.satumano-medakayasan.com/page/17/ | https://jma-medaka.com/wp-content/uploads/2022/08/250901_【公式】品種分類マニュアル_第５版.pdf","3","1:협회","2026-09-28","","strain.tsv:386","'表現率'은 검색상 정의 페이지를 확인하지 못함—행 미작성."
"bv:0597","選別漏れ","せんべつもれ","","","JARGON","OTHER","선별에서 걸러진(혹은 걸러지지 못한) 개체. MIX로 판매되기도.","","https://www.hime-medaka.com/medakanositumonn/sennbetumore.html | https://note.com/medakayumeya/n/naf7d5b72524d","2","3:번식장·샵","2026-09-28","","strain.tsv:389",""
"bv:0598","ミックスメダカ","","","MIX medaka","JARGON","OTHER","교배 과정의 잡종이나 선별에서 제외된 개체를 섞어 파는 것.","","https://www.hime-medaka.com/medakanositumonn/sennbetumore.html","1","3:번식장·샵","2026-09-28","단일 출처(샵·블로그)","strain.tsv:390",""
"bv:0599","兄弟メダカ","きょうだいめだか","","Sibling medaka","JARGON","OTHER","같은 배에서 난 개체. 판매상 정품 세트보다 저렴한 등급.","","https://medakazukan.net/%E6%94%B9%E8%89%AF%E3%83%A1%E3%83%80%E3%82%AB%E3%81%AE%E5%9F%BA%E7%A4%8E%E7%94%A8%E8%AA%9E%E3%81%BE%E3%81%A8%E3%82%81%E3%80%80%EF%BD%9E%E5%93%81%E7%A8%AE%E3%83%BB%E9%A3%BC%E8%82%B2%E7%B7%A8%EF%BD%9E/ | https://medakapedia.com/glossary","2","2:도감·출판","2026-09-28","","strain.tsv:391",""
"bv:0600","親魚候補","","","","JARGON","OTHER","다음 세대 번식용으로 고른 성장 개체 후보.","","https://note.com/medakayumeya/n/naf7d5b72524d","1","4:블로그·위키·포럼","2026-09-28","단일 출처(샵·블로그)","strain.tsv:393",""
"bv:0601","針子","はりこ","","Hatchling","JARGON","OTHER","부화 직후의 가장 어린 성장 단계.","","https://medakazukan.net/%E6%94%B9%E8%89%AF%E3%83%A1%E3%83%80%E3%82%AB%E3%81%AE%E5%9F%BA%E7%A4%8E%E7%94%A8%E8%AA%9E%E3%81%BE%E3%81%A8%E3%82%81%E3%80%80%EF%BD%9E%E5%93%81%E7%A8%AE%E3%83%BB%E9%A3%BC%E8%82%B2%E7%B7%A8%EF%BD%9E/ | https://note.com/medakayumeya/n/naf7d5b72524d | https://medakapedia.com/glossary","3","2:도감·출판","2026-09-28","","strain.tsv:394",""
"bv:0602","稚魚","ちぎょ","치어","Fry","JARGON","OTHER","하리코보다 자란 어린 메다카.","","https://medakazukan.net/%E6%94%B9%E8%89%AF%E3%83%A1%E3%83%80%E3%82%AB%E3%81%AE%E5%9F%BA%E7%A4%8E%E7%94%A8%E8%AA%9E%E3%81%BE%E3%81%A8%E3%82%81%E3%80%80%EF%BD%9E%E5%93%81%E7%A8%AE%E3%83%BB%E9%A3%BC%E8%82%B2%E7%B7%A8%EF%BD%9E/ | https://note.com/medakayumeya/n/naf7d5b72524d | https://gall.dcinside.com/mgallery/board/view/?id=medakafish&no=224","3","2:도감·출판","2026-09-28","","strain.tsv:395",""
"bv:0603","幼魚","ようぎょ","유어","","JARGON","OTHER","약 1cm 단계. 색·체형 차이를 평가.","","https://note.com/medakayumeya/n/naf7d5b72524d | https://gall.dcinside.com/mgallery/board/view/?id=medakafish&no=224 | http://m.goldmoonaqua.com/product/list.html?cate_no=71","3","3:번식장·샵","2026-09-28","","strain.tsv:396","한국 '유어 분양'."
"bv:0604","若魚","わかぎょ","","","JARGON","OTHER","약 2cm 단계. 체형·품종 특징이 보이기 시작.","","https://note.com/medakayumeya/n/naf7d5b72524d","1","4:블로그·위키·포럼","2026-09-28","단일 출처(샵·블로그)","strain.tsv:397",""
"bv:0605","成魚","せいぎょ","","Adult fish","JARGON","OTHER","2.5cm 이상, 암수·골격 이상이 뚜렷해지는 단계.","","https://note.com/medakayumeya/n/naf7d5b72524d | https://medakapedia.com/glossary","2","4:블로그·위키·포럼","2026-09-28","","strain.tsv:398",""
"bv:0606","普通種","ふつうしゅ","","Normal body type","JARGON","OTHER","변형이 없는 기본형(보통 체형·보통 눈). 품평회 '普通種メダカ部門'.","","https://jma-medaka.com/wp-content/uploads/2022/08/250901_【公式】品種分類マニュアル_第５版.pdf | https://medakapedia.com/glossary","2","1:협회","2026-09-28","","strain.tsv:401","JMA Q32: 투명 정도 4그룹 중 기준 '普通種'."
"bv:0607","原種","","","","JARGON","OTHER","메다카의 원종. 2012년경 키타노메다카·미나미메다카 2종으로 판명.","","https://www.hime-medaka.com/medakanositumonn/gensyumedaka.html | https://t-aquagarden.com/column/medaka_variety","2","3:번식장·샵","2026-09-28","","strain.tsv:403",""
"bv:0608","野生メダカ","やせいめだか","","Wild medaka","JARGON","OTHER","사육 개량되지 않은 자연 집단.","","https://medakapedia.com/glossary | https://jma-medaka.com/wp-content/uploads/2022/08/250901_【公式】品種分類マニュアル_第５版.pdf","2","1:협회","2026-09-28","","strain.tsv:404",""
"bv:0609","キタノメダカ","","","Northern medaka","JARGON","OTHER","청森~교토 일본해쪽 분포 원종. 수컷 등지느러미 절개 작음, 비늘 윤곽 그물 모양.","","https://www.hime-medaka.com/medakanositumonn/gensyumedaka.html | https://medakapedia.com/glossary","2","3:번식장·샵","2026-09-28","","strain.tsv:405",""
"bv:0610","ミナミメダカ","","","Southern medaka","JARGON","OTHER","그 외 지역 원종. 학명 Oryzias latipes.","","https://www.hime-medaka.com/medakanositumonn/gensyumedaka.html | https://medakapedia.com/glossary","2","3:번식장·샵","2026-09-28","","strain.tsv:406",""
"bv:0611","色飛び","","","","JARGON","OTHER","무늬·색이 성장이나 환경으로 빠지는 현상('色飛びしないブチ模様').","","https://hinsyu-zukan.satumano-medakayasan.com/page/8/ | https://hinsyu-zukan.satumano-medakayasan.com/page/9/","2","2:도감·출판","2026-09-28","","strain.tsv:409","정의 페이지 미확인, 사용례만."
"bv:0612","色褪せ","","","","JARGON","OTHER","체색이 바래는 현상(色褪せしない黒).","","https://hinsyu-zukan.satumano-medakayasan.com/page/4/ | https://hinsyu-zukan.satumano-medakayasan.com/page/19/","2","2:도감·출판","2026-09-28","","strain.tsv:410","사용례만."
"bv:0613","品評会","","","","JARGON","OTHER","메다카의 아름다움을 심사하는 대회(日本メダカ品評会 등).","","https://jma-medaka.com/wp-content/uploads/2022/08/250901_【公式】品種分類マニュアル_第５版.pdf","1","1:협회","2026-09-28","","strain.tsv:413",""
"bv:0614","F2","","","F2","JARGON","OTHER","교배 제2세대.","","https://www.medakalog.shop/medaka-glossary","1","3:번식장·샵","2026-09-28","단일 출처(샵·블로그)","strain.tsv:414",""
"bv:0615","P世代","ぴーせだい","","P generation","JARGON","OTHER","교배의 부모 세대.","","https://medakapedia.com/glossary","1","4:블로그·위키·포럼","2026-09-28","단일 출처(샵·블로그)","strain.tsv:415",""
"bv:0616","ヘテロ","","","Heterozygous","JARGON","OTHER","대립유전자 2개가 서로 다른 상태.","","https://medakapedia.com/glossary","1","4:블로그·위키·포럼","2026-09-28","단일 출처(샵·블로그)","strain.tsv:416",""
"bv:0617","ホモ","","","Homozygous","JARGON","OTHER","대립유전자가 같은 상태.","","https://medakapedia.com/glossary","1","4:블로그·위키·포럼","2026-09-28","단일 출처(샵·블로그)","strain.tsv:417",""
"bv:0618","親抜き","","","","JARGON","OTHER","산란한 용기에서 부모를 빼고 알만 남겨 부화시키는 번식법.","","https://1977.muragon.com/entry/38.html","1","4:블로그·위키·포럼","2026-09-28","일부 서술이 검색 스니펫 근거; 단일 출처(샵·블로그)","strain.tsv:418","검색 요약 기준. '親抜け'는 의미 미확정."
"bv:0619","","","분양","","JARGON","OTHER","한국 메다카 판매 관용어 '분양'(개체 판매).","","https://gall.dcinside.com/mgallery/board/view/?id=medakafish&no=224 | https://ohlubi.com/%EB%A9%94%EB%8B%A4%EC%B9%B4/","2","4:블로그·위키·포럼","2026-09-28","term_ja 없음(한국 판매명)","strain.tsv:419","Korean-market 용어. 일본어 표기는 한국어의 한자어 대응(inferred)."
"bv:0620","","","국내번식","","JARGON","OTHER","한국 샵에서 국내 브리딩 개체 표시.","","https://liviaqua.co.kr/category/%EA%B5%AD%EB%82%B4-%EB%B8%8C%EB%A6%AC%EB%94%A9/45/","1","3:번식장·샵","2026-09-28","term_ja 없음(한국 판매명); 단일 출처(샵·블로그)","strain.tsv:420","Korean-market 표기"
"bv:0621","","","일본수입개체","","JARGON","OTHER","한국 샵에서 일본에서 수입한 개체 표시.","","https://liviaqua.co.kr/","1","3:번식장·샵","2026-09-28","term_ja 없음(한국 판매명); 단일 출처(샵·블로그)","strain.tsv:421","Korean-market 표기"
"bv:0622","","","한쌍","","JARGON","OTHER","암수 1쌍 판매 단위.","","https://liviaqua.co.kr/ | https://liviaqua.co.kr/category/%EA%B5%AD%EB%82%B4-%EB%B8%8C%EB%A6%AC%EB%94%A9/45/","2","3:번식장·샵","2026-09-28","term_ja 없음(한국 판매명)","strain.tsv:422","Korean-market 표기. 일본어 ペア 대응(inferred)."
"bv:0623","クロメダカ","くろめだか","","","JARGON","BODY_COLOR","黒メダカ(bv:0002)의 표기 변형 — 가타카나 표기. 정의는 기준 행을 따른다.","","https://t-aquagarden.com/column/medaka_variety","1","3:번식장·샵","2026-09-28","표기 변형 행","build:variant",""
"bv:0624","緋目高","ひめだか","","","STRAIN","BODY_COLOR","ヒメダカ(bv:0004)의 표기 변형 — 한자 표기. 정의는 기준 행을 따른다.","","https://jma-medaka.com/wp-content/uploads/2022/08/250901_【公式】品種分類マニュアル_第５版.pdf","1","1:협회","2026-09-28","표기 변형 행","build:variant",""
"bv:0625","ヒレナガ","ひれなが","","","TRAIT","FIN","ヒレ長(bv:0193)의 표기 변형 — 가타카나 표기. 정의는 기준 행을 따른다.","","https://t-aquagarden.com/column/medaka_body","1","3:번식장·샵","2026-09-28","표기 변형 행","build:variant",""
"bv:0626","背びれなし","","","","TRAIT","FIN","背ビレ無し(bv:0213)의 표기 변형 — 히라가나 표기. 정의는 기준 행을 따른다.","","https://www.soramedaka.com/type","1","3:번식장·샵","2026-09-28","표기 변형 행","build:variant",""
"bv:0627","ビックアイ","びっぐあい","","","TRAIT","EYE","ビッグアイ(bv:0236)의 표기 변형 — JMA 본문 표기(형질표는 ビッグアイ). 정의는 기준 행을 따른다.","","https://jma-medaka.com/wp-content/uploads/2022/08/250901_【公式】品種分類マニュアル_第５版.pdf","1","1:협회","2026-09-28","표기 변형 행","build:variant",""
"bv:0628","曜変天目","ようへんてんもく","","","STRAIN","LUSTER","陽変天目(bv:0333)의 표기 변형 — 한자 표기(曜/陽). 정의는 기준 행을 따른다.","","https://nekomanma7.ocnk.net/product-list/47","1","3:번식장·샵","2026-09-28","표기 변형 행","build:variant",""
